gene_ID	gene_qvalue	minimal_tx_qvalue	number_tx	number_significant_tx	max(Spleen-Ventricle)	pct_gene_expr	max_pct_tx_expr
LOC113251518_LOC113251521	0.024159784401322555	0	2	2	-0.9998166622066935	0.6666666666666666	0.6666666666666666
MYL3	3.6756209790588384e-8	9.366558596736202e-4	3	2	-0.9716011061314984	1	0.6666666666666666
PDLIM5	2.1557571846474816e-153	1	7	0	-0.9473274078882048	1	1
TECRL	0.02350968825901067	0.033773730701107556	3	1	-0.9406586988309802	0.8333333333333334	0.8333333333333334
LOC113245455	1.1597756006314743e-10	9.003369382804785e-12	5	2	0.9377505918060817	1	1
HHATL	0.0020846211450067415	0.1589321193188765	3	0	-0.9331404004044737	1	0.8333333333333334
LOC113263250	0.01350730685430743	0.2555662232844727	3	0	-0.9329506739976391	1	0.6666666666666666
OSBPL3	0.04178622058784813	0.003669121451538158	3	1	-0.9098964745177845	1	1
MB	0.006330010809549352	0.003768139815167892	4	1	-0.8941305253578569	1	1
BAG5	1.1529239681971507e-4	8.344300026759247e-6	3	2	0.8935040410306383	1	1
NBL1	3.3612142664226724e-4	0	2	2	0.8881206075240631	1	1
RAP1GAP2	1.3574377804686076e-5	1.934355103527068e-5	3	2	-0.8862014292924093	1	0.8333333333333334
UNC45B	2.1056663750589735e-7	3.4468410552009084e-9	3	2	0.8714116972618493	1	1
LOC113261541	0.014740382642465967	0.0031403101853057394	3	1	-0.8703744157026355	1	0.8333333333333334
ZNF235	1.1828954413894836e-4	1	3	0	0.8649925945006668	1	1
STK32C	0.002143977204002304	1	4	0	-0.8615124043155952	1	0.6666666666666666
ANKRD39	4.540907044718546e-39	4.885311700729479e-33	7	2	0.8556726411346705	1	1
TRPM2	0.04219879338119983	0.08800538954050297	3	0	0.8528788695986284	0.8333333333333334	0.5
ATP8B4	0.004098423227584239	0.6097703485451729	3	0	-0.8497963678928556	1	0.6666666666666666
LOC113249819	4.8297392789218226e-5	0	2	2	0.8494003396917215	1	0.8333333333333334
DUSP8	0.028426767557734035	0	2	2	-0.8458726462113787	1	1
CRYAB	2.1623698765189036e-6	0	2	2	-0.8446574295605199	1	1
NEMP1	0.005940898967246365	0.0036158907127531678	3	1	-0.844459201243471	1	0.8333333333333334
LOC113268666	1.5779109997881078e-8	6.9082047543325e-9	5	1	-0.8435636212405684	1	0.8333333333333334
PPP1R12B	4.1838335297767e-104	9.528951128569802e-93	4	2	-0.8419795443900059	1	1
HMGN3	1.4032279454698301e-6	8.089459807702553e-7	6	1	-0.8360609783889266	1	0.8333333333333334
SMTN	2.6417154057566245e-16	3.307720081239409e-16	6	2	-0.833874155444997	1	1
MED26	7.524342637497848e-4	0	2	2	0.8325380435124289	1	0.8333333333333334
LPXN	0.034860310305803666	0.06588628508509986	3	0	0.8308789893285708	0.8333333333333334	0.5
LOC113248649	0.001460602204541109	0.0010559250992052695	3	2	-0.8235364744328898	1	1
SPI1	6.362067396461775e-6	3.3083047882911737e-6	3	2	-0.8223841920250131	1	1
NEBL	4.260884840838965e-37	2.0999521953221596e-37	4	2	-0.8206288905351112	1	1
ADPRHL1	3.881573999226104e-5	0.025216126302571435	4	1	-0.8158609737789738	1	0.8333333333333334
SKA1	9.061554246893523e-4	0	2	2	0.8150757590330695	1	0.8333333333333334
RXFP1	1.8791055794130124e-4	1	6	0	-0.8122837336350429	0.6666666666666666	0.5
PHF24	5.31787276610591e-5	1.9391891146076817e-5	3	1	0.8054219416456032	1	1
CAMKK1	0.013870818213613193	1	4	0	-0.8039512284612567	1	0.6666666666666666
SH3BGRL2	3.2532391965746203e-4	0.0010102136710689537	4	1	0.803377406159944	1	0.8333333333333334
ACKR2	0.012765224500126326	0.013759613987754611	3	1	0.8002636484024981	1	1
TAF5L	0.009098295137407716	1	4	0	-0.8001095763350085	1	0.8333333333333334
TICAM1	0.03812289852002743	0	2	2	-0.7996261013490097	1	0.6666666666666666
WIPF1	4.110697879697227e-6	1.1619784574872706e-5	6	1	-0.7924486905624232	1	0.8333333333333334
TBC1D4	1.4440751522035405e-6	0.011421348954014426	4	1	-0.7920149348833511	1	0.8333333333333334
LMOD3	0.036458614395432236	0.8853898204538111	3	0	-0.7881444251163419	1	1
HERC6	0.03915382164867131	0.0255148167327853	3	1	0.7866963829237468	1	0.6666666666666666
PLEKHA5	2.654087282804823e-7	6.399469132839576e-5	7	2	0.7856209039142108	1	1
LOC113245842_TMEM41B	0.0388583301403985	0.006299042980216007	3	2	0.7754495278530359	1	0.8333333333333334
DPF2	9.223408500408856e-5	2.116677305831188e-4	5	1	-0.7732803700455776	1	0.8333333333333334
UBASH3B	0.02040432999730425	0.0095048012419418	3	2	0.7732271762234044	1	0.6666666666666666
RTL6	0.006698478994254758	0	2	2	0.7701570370999826	1	1
MEF2D	0.009722058992549902	0.040798070207131325	5	1	-0.7675931323582128	1	0.8333333333333334
LOC113268691	0.01430210174202483	0	2	2	-0.7672711989848463	1	0.8333333333333334
HMCES	0.00932173111850478	0.0050032540679877035	3	1	-0.7656736231051962	1	0.8333333333333334
NANP	0.02187861694353383	0	2	2	0.7652945323468183	1	0.8333333333333334
CACNB3	0.03627665936355082	0.1643764194385216	3	0	0.7645825710226979	1	0.8333333333333334
SYNPO	1.4830458737361732e-6	2.725704940830275e-4	6	1	0.7644997129767669	1	1
SMPX	0.00874551330034742	6.990079376037997e-4	3	2	-0.7628150201807306	1	1
LOC113265295	0.04939968190166194	0.048770973645772944	3	1	-0.7560547499570044	1	0.8333333333333334
KCNJ15	0.0026524012979445414	1	4	0	0.7371093457788803	1	0.6666666666666666
PRIMPOL	1.443809963977582e-4	0.002071002764977089	5	1	-0.7370825782443242	1	0.8333333333333334
COBL	0.008236010477753615	0.004246865167425461	5	1	0.7350388241911838	1	0.8333333333333334
HSPB2	2.765713165708884e-4	0	2	2	0.7310543371748466	1	1
MYLK3	1.1020049971008078e-16	4.315745854835081e-19	4	2	-0.7285327386994725	1	1
PSTPIP1	0.017909581778397892	1	3	0	-0.7273666095819239	1	0.5
SLC19A1	0.005352394790584125	0.008857488810994017	9	1	-0.726904438182463	1	0.8333333333333334
FRAS1	0.011727974861739767	0.00100366372617211	3	1	-0.7259953153231072	1	1
COQ6	0.0026181041066072157	0.021316157574061415	7	1	-0.7201368726736704	1	1
EXOC7	7.472444427491142e-6	4.9312780776951656e-6	5	2	-0.7191072279319628	1	1
HEATR1	0.030161605424089605	0.011965706375756113	3	2	-0.7177753025236534	1	1
SOX13	0.03811326607921525	0.009325162557144526	5	1	-0.716067206928024	1	0.8333333333333334
SEMA4F	0.027967393868994522	0.03572955319379149	4	1	-0.7158404369906908	1	0.6666666666666666
ABI3	0.03915382164867131	0	2	2	0.7153754789791978	1	1
SLIT2	0.0019095505652347805	2.6871792733355513e-4	7	1	-0.7126009808971792	1	0.8333333333333334
IFT20	2.1129474348729172e-4	1.2851293194643672e-4	3	1	-0.7107619398691747	1	1
TRAF3IP2	3.637650689388194e-4	1.2067870423485278e-4	5	1	-0.710091385302673	1	1
MSI2	1.0028241670866338e-8	0.021720204147729228	6	1	-0.7095751381787684	1	1
PTCD3	5.998151902906793e-10	2.257817896512267e-9	11	1	-0.7091934694674208	1	0.8333333333333334
ARHGEF28	0.00932173111850478	0.04765074033849474	3	1	0.7073817552182794	1	0.8333333333333334
SGK1	7.442439356156567e-4	0.035971312892003234	11	1	-0.7060797712231732	1	1
LSP1	1.7249202429698303e-7	2.8832338144426666e-8	5	2	0.705971617344865	1	1
SEC61A2	0.03783753624282616	0.020225272563498955	3	1	-0.7058081092531893	1	0.8333333333333334
LSM14B	0.007056594624788781	0.001809952565179601	3	1	-0.704922797036641	1	1
NDRG3	0.01343732877570169	0.0010677659455033454	4	1	-0.704287704218386	1	1
ATP8A1	0.02139967531944675	0.0029989784445645226	3	2	0.7038646920567986	1	0.8333333333333334
UBN2	0.04384067343785291	0.1857882859275773	4	0	-0.7035391763337611	1	1
CERS5	1.349858917325033e-4	1	8	0	-0.7001391149167256	1	0.6666666666666666
DBNDD2	2.7679000170745103e-9	0	2	2	-0.698180770441343	1	1
PHACTR4	0.014225831195276557	0.3343002739827971	9	0	-0.6966703297105782	1	1
FADS2	0.032230345861126775	0.00990895183417477	4	1	-0.688810855853145	1	1
SMAP1	0.010153035956951344	0.004081759149253524	3	2	-0.6882659025012454	1	1
ITGB1BP2	2.2666624376933226e-4	0.6990272955444724	4	0	-0.6881677132019732	1	1
TRIM2	0.03760268747201091	0.008438864795366407	3	1	-0.6841447699863962	1	1
GSN	3.3620943279684765e-25	1.9914614662929393e-16	6	2	0.6832333246075006	1	1
LRRFIP1	2.1578128507986457e-19	1.3535527811998115e-17	7	3	-0.6825903144607314	1	1
SGCD	0.03649473902508349	0.02561052179941888	4	1	-0.6813779031326923	1	1
MTMR4	0.018436431599918375	0.33879944813425966	9	0	-0.6765129186538364	1	1
UNC13D	6.846327993060368e-5	0	2	2	0.6748596981213553	1	1
APOOL	0.004570363085884954	0.003359435205490732	4	2	-0.6732584666156055	1	0.8333333333333334
PIP5K1C	0.005221341708503258	0.0024219941913016	4	2	-0.6708968467053362	1	1
ASB8	4.301015899757969e-6	8.858014990799384e-6	6	2	-0.6707359623233023	1	1
LOC113265298	0.0046242220206376495	0.13484846560881517	4	0	0.6701749406657701	1	1
HIP1	9.458448171257449e-4	0.01733809800866	4	2	-0.6681888207324673	1	1
MXRA8	0.03600064486055462	0.09325058027490055	4	0	0.6674427471518967	1	0.6666666666666666
PSAP	2.4808260789864805e-25	1.0576663537606983e-28	3	2	0.6668260172918791	1	1
DESI2	0.03271823890247109	0.09044943511541952	3	0	-0.6642529002095721	1	1
ATP5MC1	9.641295462702431e-32	0	2	2	0.6634185104909334	1	1
CPT1A	7.765604486011123e-6	0.04211203725097877	5	1	-0.6628939135642167	1	0.8333333333333334
PTCD2	0.010153035956951344	0.017940565038047314	4	1	-0.6584958184159246	1	1
METAP1D	0.029501510760295446	0.08098646116135563	4	0	-0.6582805379820942	1	1
QKI	2.5300360436118607e-16	1.862262842775108e-12	5	3	-0.6580506135168301	1	1
AKAP7	0.0011364713006229942	7.83322732203207e-4	6	1	-0.6567433948540929	1	1
HRC	3.3451640468436803e-66	1.3328001894873234e-30	6	2	0.6551288980389443	1	1
ABHD6	0.03459480917293084	0.2530670337802107	4	0	0.6548240625565342	1	1
LOC113264264	0.03172921267660298	0	2	2	-0.6546285477638183	1	1
POLR3E	0.03613398902783201	0.06166717554539861	7	0	-0.654006419979439	1	1
ANXA7	2.575846000937071e-7	3.467952431354811e-7	6	2	-0.6526409219286814	1	1
KCNAB1	6.631539525231041e-4	0.018615279467130826	3	1	0.6525526451383259	1	1
MED22	0.02112178247682606	0.022059907640743295	5	1	-0.6517795236808147	1	0.8333333333333334
CNOT6L	1.0209133087667299e-4	0	2	2	-0.6504691931005866	1	1
WDR7	0.0011121458909288068	0	2	2	-0.6501570800498813	1	1
TLE3	0.007356809001399432	0.002667059478706252	6	1	-0.6414924673040533	1	1
AXIN1	0.04552340096590712	0	2	2	-0.6371486173700939	1	0.8333333333333334
TXNL1	3.4837100925337504e-20	1.857142564569837e-13	5	2	0.6340376043520443	1	1
TPM4	2.153353859814019e-6	9.754689822052761e-5	4	1	0.6319851207052379	1	1
LOC113243838	0.017611055396970127	0.14184361588532726	4	0	-0.6316348852606324	1	0.8333333333333334
LOC113250820	0.04182717835841979	0	2	2	-0.6307101155737097	1	1
NDUFV3	2.473278248423234e-8	0	2	2	0.6279907025304141	1	1
CNNM4	0.019011151640916428	0.09491459244729086	4	0	-0.6226916307502087	1	1
GANAB	3.3375040476598698e-6	1.0039376340083307e-6	4	2	-0.6164282170827382	1	1
TNIK	0.007231097574014678	0.014987592176216952	5	1	0.6144351404174978	1	1
COLEC11	0.04140908005673052	1	4	0	-0.6126246161831553	1	0.6666666666666666
IL1R1	0.008596380939862489	0.08257144217615502	9	0	-0.6123863618557239	1	1
ABI1	2.5780873028392045e-9	1	10	0	-0.612212415818454	1	1
DNAJB5	0.0027054045409643647	0	2	2	-0.6120984878190983	1	1
LOC113270472	0.03407074516125806	0.01583837065728125	4	1	-0.6110724330489867	1	1
USP40	0.010259834159757158	1	10	0	-0.6110311458791268	1	0.6666666666666666
LOC113248505	8.522031504627798e-4	0.006973656437201672	9	1	-0.6108642246804488	1	1
ZNF229	0.042186717717946035	1	4	0	-0.6098809200290248	1	0.6666666666666666
CTTNBP2	0.03613398902783201	1	3	0	0.6019432246281062	1	0.8333333333333334
RNF114	0.02467352093448667	0.008488376103098985	4	1	-0.6011736862395288	1	1
MAST4	1.3501820216632097e-4	2.4653507987180972e-5	4	2	0.6005126862560717	1	1
MPEG1	7.306233091330571e-4	0.22799397173398242	3	0	0.6002987923878846	0.8333333333333334	0.8333333333333334
LOC113270849	0.047429994978415185	0.045554021904015786	4	1	-0.5996644413895357	1	1
PPIP5K1	0.004920835198234015	1	14	0	-0.5983206072786875	1	0.6666666666666666
COL12A1	2.7184674361068975e-4	0.024835308245778294	6	1	-0.5979111774504462	1	1
ADARB1	0.027967393868994522	0	2	2	0.5976291530128919	1	0.8333333333333334
UBN1	0.024707049650808263	0.009654349838542568	3	1	0.5956001377609492	1	1
ACTN2	3.079717601640814e-10	1.1484991375861436e-5	7	2	-0.59520043103078	1	0.8333333333333334
PTK2B	0.04185112095480616	0.927215849267473	5	0	-0.594070430149732	0.8333333333333334	0.6666666666666666
ALKBH1	0.005241326059489224	1	4	0	-0.590926015513196	1	1
HM13	0.03915382164867131	0.2671664360827142	5	0	0.5901331740015869	1	0.6666666666666666
RPS24	3.362865381610625e-20	5.081254715430904e-22	3	2	-0.589317831859321	1	1
VPS39	0.032630937510821606	1	10	0	-0.5884402641150207	1	1
USPL1	0.0373116837476162	0.2985197080910556	6	0	0.585561480701653	1	1
TANK	9.713501008685626e-9	1	11	0	-0.5849399262825686	1	0.6666666666666666
RHOBTB1	2.0069616127497607e-5	0.04975531484893481	11	1	-0.5840215136689639	1	1
IDH3B	8.404945853560743e-9	4.5260779865379454e-7	5	2	0.5820422646673371	1	1
LOC113247244	0.0019042201599183866	0.0017526173832768104	4	1	0.5779367855129376	1	1
CCT8	2.0229202348878376e-13	6.575694297308887e-7	5	2	-0.5778794019422677	1	1
PPP1R3A	3.245254710919448e-6	2.4248052341051322e-4	6	1	0.5773258109958874	1	1
MFN2	6.230892230441616e-25	7.6583309454744e-10	9	3	0.5768641353018544	1	1
CIPC	5.771261334602477e-5	0.012565860904859625	6	2	0.575247828811281	1	0.8333333333333334
ZMAT1	0.0016125559355569799	0.47926701448581993	7	0	-0.5718463471197437	1	0.6666666666666666
LOC113246148	0.025919865389859964	0	2	2	-0.5713925237480869	1	1
MOB2	0.047429994978415185	0.008568995204546398	3	2	0.5700060925935285	1	1
SH3RF2	3.0843335679383134e-4	0.014798745394943818	5	1	-0.569282913863835	1	0.8333333333333334
ZNF280C	0.03360972497980721	0.03820153492413017	3	1	-0.56857272280803	1	1
LOC113253409	3.098499199401908e-6	6.461571063286273e-7	4	2	0.5669360726775603	1	1
SAMD4A	1.139744564221525e-4	0	2	2	0.5667132752918015	1	1
ETV6	0.012786663200673582	0.03913347612990624	3	1	-0.5650384211996563	1	1
LOC113245466	0.011674798561949858	0.10108981416654043	4	0	-0.5628159286510233	1	1
CFL2	1.3583731926427879e-12	1.706559868946418e-11	7	2	-0.5624756412783318	1	1
ENO1	1.0357725860791372e-6	0.0012224185419918	4	1	-0.5614019459770676	1	1
FAS	0.0038383766229240636	1	6	0	-0.5606890425924717	1	0.6666666666666666
AACS	0.03499976062977094	0.09233987760933807	4	0	-0.5596494852408707	1	1
TTC9C	0.01315664602788208	0.22430948349738009	6	0	-0.5585336766631168	1	0.8333333333333334
BNIP3L	0.040610343134523	0.0012450789021695246	6	1	-0.557943560380382	1	1
GFPT1	8.009401544664613e-8	7.136105635327959e-7	3	2	-0.5567004033267143	1	1
FBXO31	0.003650036809490825	0	2	2	0.5539858176774873	1	1
CUNH19orf47	1.1020049971008078e-16	0.09005472484664899	9	0	-0.5536408003167212	1	1
TSPAN12	0.009769422412033515	0.007535067231856233	12	1	0.5528496547831044	1	0.8333333333333334
GIMAP7	0.026858418723932985	0.06984617831241402	4	0	-0.5505320850714147	1	1
ITGB2	0.0295440162130409	0.20850040392944075	4	0	-0.5500511524562122	1	0.6666666666666666
DHDDS	0.004375107699330559	4.372643761427759e-4	7	1	-0.5443306541873743	1	1
THAP4	0.017175380346046862	0	2	2	0.5436082441189689	1	1
HDAC6	0.03812289852002743	0.6093302147911083	13	0	-0.5401132383292205	1	1
LOC113264440	1.1647759647937232e-13	1.2200503108190645e-8	6	2	-0.5387936732233586	1	1
USP28	2.6281549562324635e-5	0.33433958367358424	8	0	-0.5387891648398871	1	0.8333333333333334
ALKBH3	0.04048894921406895	0.06322216315722899	6	0	-0.5363792236402796	1	1
LOC113260612	0.01101979666512132	0.208713107092826	7	0	0.5337863030787864	1	0.8333333333333334
MED23	0.03760268747201091	0.02551954754458599	3	1	-0.5331810071876899	1	1
MORN4	3.428962064268317e-10	1.4482045542340335e-11	6	2	0.5319774132843303	1	1
PQLC2	0.006219298507530599	0.14879904489805582	5	0	0.5313278840539001	1	1
TRAK1	7.989736888434913e-9	1.0192500593673488e-5	10	2	-0.5308285669239816	1	1
LOC113249271	0.007741857842057047	0.0046605886410104455	4	1	-0.5306567864786593	1	1
ADD3	1.985868835368911e-9	2.10161611442158e-8	6	2	-0.528422015933042	1	1
TPMT	5.981548756531425e-4	9.34443622736893e-5	6	1	-0.5280282934222351	1	1
KIF1B	3.886113815592472e-9	4.081829363106449e-9	4	2	0.5269620970065126	1	1
RALGAPA1	5.71688161172222e-12	1.4722620900393775e-4	8	2	0.5261514460353429	1	1
XRCC1	0.039393997853062475	0.1257288638082801	6	0	-0.5253201552076417	1	0.8333333333333334
ST5	0.009372359693443176	0.4087614921783858	7	0	-0.5242791240616229	1	1
LOC113245579	0.015092298918958733	0.0026598338302924575	4	1	0.5235357484126799	1	1
novelGene_MIB1_AS	0.016208271397556533	0.10561057098884434	4	0	-0.5208120162666715	1	0.8333333333333334
ATP2B4	0.022479492303848526	0.2007835913778254	9	0	-0.5192424029887721	1	1
PHKB	8.0479381965667e-9	0.016816208495356488	11	1	-0.5153157707042513	1	1
DCAF6	6.58292196099113e-10	0.2910273370296343	11	0	-0.5141434349516422	1	1
FNIP1	2.3788252038570877e-6	0.004506605977789436	4	3	0.5125241730921148	1	1
CCDC163	5.731911289368677e-4	0.03497248223917791	7	1	0.5119148653713811	1	0.8333333333333334
LOC113247187	0.013850586004260272	0.01291615928710126	3	1	-0.5119085593851918	1	1
PCYT1A	3.783093122664688e-8	3.2215222773796035e-5	7	1	-0.5105930480543661	1	1
NCAM1	5.224510556548439e-8	8.90667825916413e-4	7	1	-0.5085455546818372	1	1
RNF115	6.64117322945235e-7	2.0064464710808106e-7	4	3	0.508484765680874	1	1
EPS15L1	1.672337081036834e-5	1	12	0	-0.5076551640983009	1	0.6666666666666666
PURA	1.1695066614782165e-14	1.3056325738291595e-13	6	3	-0.5062230427815336	1	1
ZFAT	0.03320799406556584	0.43080821827107185	4	0	-0.5052630976004029	1	0.8333333333333334
MAP2K5	0.03897601578949324	0.9085416611274248	8	0	-0.5048049213223178	1	1
DOCK11	0.012195833405978226	0.17942393305813728	5	0	0.5046577597036938	1	1
ERAP2	0.010565246603100067	0.19362627815238903	5	0	-0.5044131754855825	1	1
SLC36A1	0.03915382164867131	0.11704402164174814	5	0	-0.5039163316732872	1	1
CD86	0.03915382164867131	0.32929379120773544	5	0	-0.503146824264593	0.8333333333333334	0.6666666666666666
UBP1	0.01022402248082922	0.001773232063570211	4	1	-0.503021395781273	1	1
DNAJB9	1.621451946542664e-4	0.018174292028323033	4	1	-0.5021544766947628	1	1
PTPN6	0.0013248470593991324	1	3	0	-0.5	1	1
PDE4D	1.4540483950416542e-12	3.6167938960540967e-12	7	2	-0.49999004009582165	1	1
ICOSLG	0.01459157964231628	0	2	2	-0.49995088153098655	1	1
EMID1	0.04296373316950858	0.4235551847848966	7	0	0.49875132062247346	1	0.8333333333333334
PROX1	0.0019042201599183866	0.009189861513717434	7	2	0.49790467642895814	1	1
TBC1D8	2.1247519945450792e-8	3.7758315937460085e-07	5	2	-0.4967384003282179	1	1
UGGT1	8.210927399799884e-4	0.16526544674164953	6	0	-0.4944672766395266	1	1
PCMT1	1.900945911377473e-9	1.63670803351338e-5	6	3	-0.4912711804097146	1	1
ACOT9	0.042028126266179584	0.11330421689997827	5	0	-0.4900507845019598	1	1
SEH1L	0.03921260497423245	0.006909929717185003	5	1	-0.48881723397036164	1	1
IQSEC2	0.0021399532647028117	0.02138688822616604	4	1	-0.4878888682349155	1	1
PYGM	1.482132760678443e-4	1	12	0	-0.48773424126757225	1	0.8333333333333334
SLC43A1	0.038380226459769295	0.1259547900975533	5	0	0.4853532000921387	1	0.8333333333333334
CCDC88A	0.009969160949929867	0.14903571167934626	5	0	-0.48078041470603006	1	1
DYSF	1.9785573409983473e-11	1	14	0	-0.4805196793004083	1	1
WDR12	0.032230345861126775	0.061967809091468	3	0	0.4768007333620319	1	1
LMO7	3.912033583199736e-7	0.024537874081179117	9	1	0.47589208489641044	1	1
SLC38A10	0.0373116837476162	0.30867674298487796	4	0	-0.47512902766141074	1	1
ANK2	4.854057162704567e-18	0.0030881690677843168	9	1	-0.4724070691557601	1	1
LRRFIP2	6.338312396234015e-5	0.001493028830292704	12	2	0.4715727815530242	1	1
USP3	0.04253185222162337	1	10	0	-0.4714171328556832	1	0.8333333333333334
SEPT4	0.041500635200519664	0.28244864706263473	7	0	-0.4690558143437251	1	1
FSD1L	0.007261449299988118	8.313824575201334e-4	5	1	-0.4688318303856578	1	1
NT5C2	0.0012190415731761853	0.332682479918982	15	0	-0.4686529149953711	1	1
SMARCA1	0.00932173111850478	0.0819586736905055	10	0	0.4685282865238008	1	1
CLASP1	2.2845311356178216e-7	0.010115938924082864	10	2	0.46744604774644716	1	0.8333333333333334
PFN2	0.014842111128075914	0	2	2	0.467206918916096	1	1
FAN1	0.0031179042810421855	0.1963397359226517	6	0	-0.4668286423252355	1	1
VMP1	0.027467886808612934	0.03640055468074869	6	1	0.4661793186777451	1	1
CAPZB	8.85828007014871e-4	7.630116009599449e-4	3	2	0.46508965966197713	1	1
GORASP1	2.3150613175215932e-4	0.11091029531061312	8	0	-0.4611303885997803	1	1
ADD1	4.5925853854380296e-4	0.08327419217865305	5	0	0.46013313100625375	1	1
SLC35F5	0.03915382164867131	0.34739923652200794	5	0	-0.45896579468807785	1	1
LIMA1	6.395075853116338e-4	0.03416597015542455	12	1	-0.45891246156260784	1	0.8333333333333334
TNS3	1.0028241670866338e-8	0.10323115956826732	7	0	-0.45793270317552903	1	1
EIF2D	0.042242013703854095	0.1559733920893179	6	0	-0.45766611874598384	1	1
LOC113246855	0.011189239358600426	0.2328600331307857	8	0	-0.45571357757916037	1	1
MRPS35	0.013850586004260272	0	2	2	-0.45454530228326195	1	1
ROBO1	0.01430210174202483	1	6	0	-0.4521622458737483	1	0.8333333333333334
ITPRID2	0.018436431599918375	0.24633349335455898	7	0	0.4489382891010525	1	1
SENP2	0.008915617215807551	1	12	0	-0.44627137366471564	1	1
GRB2	0.03811326607921525	0	2	2	0.4458861067205126	1	1
KLC1	1.1196645842408534e-5	1.838233330327467e-4	12	1	-0.4448870498420937	1	1
PHKA2	0.009998579035309653	0.17488692360038888	10	0	-0.4442957691828666	1	1
PFKFB2	1.2364802456528686e-6	0.03713788194083133	8	1	-0.4441846819850896	1	1
EIF2B4	0.016208271397556533	1	9	0	-0.44300357622297487	1	0.8333333333333334
PRMT3	0.021289415295344807	1	5	0	-0.44110602145078487	1	0.8333333333333334
RASAL2	0.008970719376848952	0.29019304297533355	5	0	-0.4407001679403541	1	1
SLTM	0.0022504742736265755	0.3744281417819042	5	0	-0.4400101731784809	1	1
LOC113246334	0.03125922862070022	0.18053009653458482	3	0	-0.4396601742332933	1	1
TCF7L2	0.03459480917293084	1	17	0	-0.4395705397397797	1	0.6666666666666666
FBXW7	0.0052720448420196285	0.02141912713114969	3	2	0.4392759573270996	1	1
SUPT20H	0.001329586510304362	1	15	0	-0.4386135440121094	1	1
MGAT1	0.028063382697169372	0.43317180194637595	5	0	-0.438449491253453	1	1
CPED1	0.019460734524951756	0.20780510918592804	9	0	0.435088941382876	1	1
PDHX	3.5579785102670435e-6	9.443018430098479e-6	6	2	-0.4350103600503439	1	1
TMEM237	0.011679975918408185	0.00843144687109239	7	1	-0.43444385143263275	1	1
TSPAN9	1.989125427151243e-5	1	6	0	-0.43338645460757463	1	1
FYN	0.0014556192132228305	1	7	0	0.4327122470263862	1	1
GMPR	0.023504011347592228	0.008260612458430534	5	1	-0.43127755305270893	1	1
S100A1	0.007187355596069029	0	2	2	-0.4279584722838139	1	1
APBB2	0.012765224500126326	0.5930346350429786	9	0	-0.4279377509681714	1	0.8333333333333334
THY1	2.05497781572409e-5	8.589878560149072e-7	3	2	0.42765379652267566	1	1
ZNF410	0.00954261539387694	0.32684839877778804	9	0	-0.4272919751603832	1	1
LOC113261754	0.002719023898755949	3.23976811191298e-4	4	1	-0.4272601597444051	1	1
PPIP5K2	3.241219143892332e-7	1	14	0	-0.42534334340411317	1	1
PDZD2	6.2786914265898e-7	1.4124145095932072e-5	7	2	-0.42531179446201195	1	1
ENAH	6.785406442014297e-13	1.4004318576393654e-9	5	2	-0.42461679407870306	1	1
TECR	0.002834432256667217	0	2	2	0.4228547648662947	1	1
HEATR5A	0.029501510760295446	1	11	0	-0.4218240138391926	1	0.8333333333333334
PNPLA6	0.0033551118883868277	0.2808626379026224	10	0	-0.4210553085146085	1	0.8333333333333334
SORBS1	2.034683072440102e-21	5.128632877791338e-6	12	3	0.4210388642868698	1	1
TRNT1	0.020805607581236504	0.01834979788998728	4	1	0.42096313351881937	1	1
ENSA	1.4001290910899954e-10	2.917153288544246e-11	5	1	-0.4205260553044814	1	1
CEP85	0.0013248470593991324	1	16	0	-0.4193748444515027	1	0.6666666666666666
ENPP1	0.024159784401322555	0.08100953718703434	5	0	-0.4192250012102552	1	1
SORBS2	9.425486855059216e-24	6.088730531416243e-15	9	2	0.417785002583849	1	1
USO1	1.1480519084068207e-6	0.002136622239091731	6	2	-0.4173002400074486	1	1
TWF2	2.269898972230122e-4	1.5922655838919784e-5	4	1	-0.41617767711059217	1	1
HDAC4	0.012302265151056238	0.2894441210961036	4	0	-0.41568076740496207	1	1
INPP4B	0.003069772091675847	4.1090895500760417e-4	5	1	-0.415447665257735	1	1
RREB1	0.03407074516125806	1	8	0	-0.41543764003172934	1	0.8333333333333334
LAS1L	0.019540811008115166	0.827834497085953	18	0	-0.4150181486213826	1	0.8333333333333334
CCSER2	3.624099643229491e-4	1	8	0	0.4132735051687189	1	1
GRHPR	7.178526566707891e-6	1.3908683978839874e-7	5	1	-0.41297509591437054	1	1
PIGA	0.011660079499773435	1	9	0	-0.4128318322186595	1	0.8333333333333334
CLIP1	3.4837100925337504e-20	0.05186567991561722	15	0	-0.41283124990709197	1	1
NASP	5.195488330579169e-4	0.0194984931869468	5	1	-0.4125789455657419	1	1
LOC113249140	4.705541994514153e-5	0.21541734018653486	5	0	-0.41254738436934696	1	1
SCHIP1	8.522031504627798e-4	0.005335826947754302	6	2	-0.4118655094607728	1	1
USP25	0.008596380939862489	0.973308954550868	6	0	-0.4114302989210038	1	1
SLC4A3	0.047429994978415185	0	2	2	-0.4099219976740949	1	1
DCAF8	0.013281671953531065	0.029162624042763697	7	1	-0.4084688784537429	1	1
IQSEC1	0.03897601578949324	1	7	0	-0.407988817818059	1	1
PACSIN2	4.5158668323742034e-7	0.008121407147320577	12	1	0.40790741812365283	1	1
ABLIM1	4.7149235454868704e-33	5.255708610277924e-16	7	2	0.4074504311408008	1	1
HMGCL	0.03499976062977094	0.7335676529099113	6	0	-0.4070446712341277	1	1
APP	0.0010835837841127014	0.002762275845197324	6	2	0.4065802807842538	1	1
BFAR	3.8026918081608826e-4	0.4600274653123393	8	0	-0.40654055244292836	1	1
IFT81	0.022225533486176403	1	12	0	-0.40576129627042234	1	1
ZNF207	3.446620203558453e-7	1.0981224551995208e-5	7	1	-0.40540121395797274	1	1
TOGARAM1	0.022896856926854215	0.03193759188742398	5	1	-0.4048676301168678	1	1
LIMCH1	0.0012190415731761853	0.01029820623233667	7	1	-0.4046867754743565	1	1
OGFRL1	0.03653305584117005	0.005728753628702722	3	1	-0.4046242758513625	1	1
MAP3K20	7.143196996442201e-6	1.9003084083339793e-7	3	2	0.40406808687077367	1	1
NFAT5	0.013779700903931543	0.004327778193789773	7	1	-0.4039332673058545	1	1
LAMA4	0.002278047869618718	0.02325704322674943	13	1	0.4038089284439986	1	1
BAG3	0.011277615823923176	0.4104798258971111	4	0	0.40380452502262126	1	1
ZMYM2	0.0017923771492929419	0.045240961376301916	8	1	-0.4015136295175055	1	1
NEDD9	0.016789758736422484	1	6	0	-0.4004168039265416	1	1
RHBDD3	0.0012612121042536919	1	7	0	-0.39879917538778	1	1
FAT1	0.00586640564716792	0.003909007174147292	7	1	0.3985995085749085	1	1
CDK5RAP1	0.01754325183713815	1	6	0	-0.39778773947377033	1	1
NABP1	0.044916548483462986	1	7	0	-0.3976445741901197	1	0.8333333333333334
WNK1	1.0110496808438873e-5	0.01054023210665138	10	1	0.397508038127002	1	1
DLG1	0.01626012793562289	1	7	0	-0.3972449129668265	1	1
LOC113247645	4.020025137331559e-14	2.262718330180798e-11	8	2	-0.39686113563891096	1	1
HIBCH	0.03286141196120445	0.48057888174062696	6	0	-0.39657042776340423	1	1
TUBB	5.464622164910853e-4	0	2	2	0.3964122638718864	1	1
DCUN1D3	0.01815431016921317	0.08534910817262348	6	0	-0.3947294931390902	1	1
CSDE1	0.046174536588697926	0.004961160944501641	10	1	-0.39368388016131917	1	1
C1QA	0.03286141196120445	0	2	2	0.39240857199365503	1	1
IMPDH2	4.012811024430688e-5	0	2	2	0.38760780071415135	1	1
NAPEPLD	2.189852102238377e-5	0.08563735738867487	7	0	-0.38756776431082995	1	1
GAPVD1	0.016539894232592882	1	6	0	-0.38676797471318936	1	1
RNLS	0.04219879338119983	0.10161007077923317	8	0	-0.3861765593034892	1	1
ADCK2	5.464622164910853e-4	1	9	0	-0.38468759279971737	1	0.8333333333333334
LDB3	6.8794091873865716e-6	0.4270153255397647	8	0	-0.38433611861042083	1	1
LIMS1	0.034932652081730596	0.48797222119976136	4	0	0.381397773924059	1	1
PAK1	0.0023826951142390017	1	5	0	0.3812005704120667	1	1
LOC113245998	1.1695066614782165e-14	0.002022496795591037	10	1	0.3808721995390839	1	1
PPARG	0.023358270093710845	1	8	0	-0.38051418902599726	1	0.6666666666666666
WDR41	0.022147512212180732	0.06397578925037675	9	0	-0.38041067008027657	1	1
EPS15	8.617458575201969e-4	0.6185050636936336	11	0	0.3795606138714934	1	1
AK2	0.0014556192132228305	0.003378567265994683	4	1	0.3794890324177971	1	1
FARP2	0.03811326607921525	0.27944133982663283	5	0	-0.37892486434044487	1	1
DDX50	0.017611055396970127	1	6	0	0.37890063473377744	1	1
PFN1	0.01782518181766621	0.011466499118130396	3	1	-0.3779754655804531	1	1
MARK2	0.0017945421552603323	0.553466046925448	8	0	0.3778354187334268	1	0.8333333333333334
COG5	0.022549261333655913	0.02204827866042715	4	1	-0.3776031458795509	1	1
SIRT5	5.727478695176533e-4	0.027767062926500597	7	1	-0.37738344409776126	1	1
SETX	0.013076078279470207	0.5257986449976774	7	0	-0.37735629839704704	1	1
KIF21A	9.23635591668852e-4	1	11	0	0.3771649723699023	1	0.8333333333333334
IMPDH1	0.031064329475685507	1	6	0	-0.37537642177158614	1	1
HP1BP3	0.0224235142276131	1	9	0	-0.37507105502936644	1	1
LOC113253631	0.005907241766344989	0.05345926965856978	5	0	-0.37426416860845313	1	1
CCPG1	3.4960831716863166e-7	0.0043994492784713915	10	2	0.37324954738895405	1	1
BCR	0.004578266795145733	0.13619460787376517	4	0	-0.37281788515757375	1	1
FMO2	0.004007375859533266	0.35234014923809387	7	0	0.3725400400777923	1	1
LRRC2	0.020805607581236504	1	14	0	0.3713636188216755	1	0.8333333333333334
MAP4K4	0.002732820081192419	4.7548249394275323e-4	12	1	-0.37090003845559283	1	1
XPO4	7.617197748861446e-13	0.00163373368743394	6	1	-0.3705534519723918	1	1
USP47	4.9777443144368503e-11	9.832172616647337e-6	10	2	-0.37020505126452274	1	1
FAM214A	0.0024153185325298315	0.029382835917222745	10	1	0.3688670268735328	1	1
TARBP1	1.0062169913002333e-4	1	8	0	-0.36864692973462054	1	1
GOLGA4	3.4133624540220295e-8	0.0119696337538739	7	2	0.3680392358316846	1	1
RTN4	2.5885477345270743e-12	4.4485737374561264e-5	7	2	-0.3675511722535325	1	1
ZNF202	0.01974892525225215	1	7	0	-0.3673390392785737	1	0.6666666666666666
CELF1	0.008602259064202799	1	12	0	-0.36669774226026286	1	1
METTL25	0.004251221655226436	1	15	0	-0.3665854962967796	1	1
PCDH7	2.820771077486613e-7	3.590556570362781e-8	3	2	-0.3661747347080945	1	1
LOC113265291	2.771473761528907e-4	7.079250479969722e-4	5	1	-0.363930936127111	1	1
COQ3	1.139744564221525e-4	0.7736825608088302	8	0	-0.36353900516636306	1	1
ASPH	8.284096728922667e-34	3.766048518223513e-11	10	1	-0.36160346997033765	1	1
NDRG2	5.282537443258174e-7	6.831553527275082e-5	7	1	-0.36090728373032943	1	1
ANKRD28	6.940124766389956e-5	0.013271922316104629	8	1	-0.360404989490855	1	0.8333333333333334
MRPS22	0.04897917094235107	1	6	0	-0.3600989685206477	1	1
FIG4	0.010857163685042848	0.09521126430472981	7	0	0.3598917577586083	1	1
UIMC1	0.0017915223092757281	0.0023213711423500606	7	1	-0.35950962134677283	1	1
CKMT2	0.0013594486490723673	0.48480039011693504	6	0	-0.35736002048652	1	1
THAP6	0.039393997853062475	1	6	0	0.35454927204967307	1	1
LOC113251308	0.04296373316950858	0.8470793431812438	8	0	-0.3530839661241898	1	1
NEK3	0.047057482634464014	1	8	0	-0.35290995640401635	1	0.6666666666666666
ABCD3	2.063942852688698e-4	0.01188893313502726	11	1	-0.3514504764748951	1	1
PRKAB2	0.016208271397556533	0.3844458821406606	10	0	-0.3502308352567145	1	1
RBM26	0.005201388061060695	1	8	0	-0.34867435024456755	1	1
LMAN2L	3.3583658855659756e-4	1	8	0	-0.3478926893023463	1	1
SARAF	0.016081999133256152	0.0010991569170869387	5	1	-0.3463815977716798	1	1
FHL1	0.009255620370606201	1	9	0	0.3444965124284202	1	1
FAM160A1	0.017175380346046862	0.07309679450645551	4	0	0.34449112033667	1	1
DUSP26	0.0062179773500689066	0.41146154157445286	5	0	-0.3437462883285682	1	1
STOX2	0.025407087184291858	1	4	0	0.3435383153536963	1	1
C2CD5	5.769156204927584e-4	0.12113932085430022	14	0	-0.3426960655318671	1	0.8333333333333334
TNFRSF9	0.024888729381611827	1	8	0	0.3417261971946567	1	0.6666666666666666
ZFYVE9	0.03283843368424624	0.7353686716153807	5	0	0.3412805116940711	1	1
PLXNB2	0.010826521319403695	1	11	0	-0.3405260969815363	1	0.8333333333333334
SH3KBP1	1.5779109997881078e-8	2.435213112814023e-7	4	2	-0.3392964767866963	1	1
LOC113262222	0.019567939962113968	0.7532670425488669	5	0	-0.3383441863487026	1	1
CTBP1	0.017934038799601475	0.17082084305323797	3	0	-0.33706094251803204	1	1
ITGA7	0.004651612523001973	1	16	0	-0.33571128358362484	1	1
BTBD1	6.771501124851793e-5	9.194497450994883e-6	3	2	-0.3354578496951147	1	1
NF2	0.03271823890247109	1	6	0	0.3350140430769369	1	1
ARGLU1	0.001401955261483081	0.45175437522529643	9	0	-0.33351733176947584	1	1
GTF2I	0.04384067343785291	0.2613977403909588	8	0	-0.33325455622429234	1	1
RAPGEF6	5.464622164910853e-4	0.17087294437399725	7	0	-0.3331292521454366	1	1
CHIC2	0.032630937510821606	1	8	0	-0.3326036036110015	1	1
CXADR	0.024559042364119897	0	2	2	-0.33152129855921864	1	1
AP1B1	0.006544889708838047	1	12	0	-0.3307272272791004	1	0.8333333333333334
TXNL4A	0.04048894921406895	0.5885114179761817	7	0	-0.33056281488896366	1	1
WDR43	0.01084005512621646	1	6	0	-0.3301992049723981	1	1
RHOA	0.0018113886809882013	0	2	2	-0.32922168474589586	1	1
SMARCA2	0.004246966133379688	1	11	0	-0.3285505072809145	1	1
SLC41A3	0.003875435253403518	1	8	0	0.32841046117458556	1	1
FUOM	8.85828007014871e-4	1.4618101750191227e-4	6	1	-0.32833452556478937	1	1
MPHOSPH8	0.02038507274581587	0.029127971516100994	4	1	0.3280753947326128	1	1
MYO18A	1.0953208964450672e-15	8.897114406971547e-6	7	4	0.32691519798835467	1	1
DTNA	9.8317895533128e-6	0.0872790112356001	11	0	-0.3267629189978504	1	1
SLC33A1	6.722638534505691e-4	0.03129783288367468	6	1	-0.3260923790369898	1	1
DGLUCY	0.025551815650515692	1	11	0	-0.325736976035305	1	1
MYL6	1.1372699894273486e-6	2.83221813475237e-7	3	2	0.3245395715721629	1	1
PANK4	0.008236010477753615	1	14	0	-0.32373878584973614	1	1
BCL2L13	0.003862216065800588	0.667444057716924	10	0	0.31917235971440133	1	1
SGCG	7.796859205842113e-7	0.05491531319268784	8	0	-0.3185284279784003	1	1
KEAP1	0.007932156312689424	0.20234581225886336	6	0	-0.3174798126643682	1	1
CLSTN1	0.021128365033542058	0.45854043537332406	6	0	-0.31730072759641026	1	1
EXOC6	0.03347319368044246	1	9	0	-0.31700326503981147	1	1
LOC113264906	0.04365373959359596	0.2262019082166647	7	0	0.3168741762929714	1	1
KIF1C	0.01369708726961917	0	2	2	0.31684932248779163	1	1
RIN2	0.005150499608903874	0.06743899169634547	8	0	0.3150588033687889	1	1
SLC9A3R2	0.01449905516283246	0	2	2	0.3143157723469657	1	1
HSPB7	5.607062393447482e-4	0.28799142572798125	5	0	-0.31415295419274264	1	1
GPATCH8	0.03915382164867131	0.2079262899469401	4	0	0.31303964218719893	1	1
PDE7A	6.381297470456999e-5	4.0532281238970405e-7	5	1	-0.3124838649327004	1	1
MYLK	3.2133185728493287e-5	0.001408232046851268	8	2	-0.3116909239981379	1	1
YTHDF3	0.0025563021779338984	1	10	0	-0.3099972430163324	1	1
MAP4	2.1382916664528944e-15	7.286930533837492e-4	13	2	-0.309813190142183	1	1
RELCH	0.016208271397556533	1	10	0	-0.30947170229457793	1	1
TNS1	1.139744564221525e-4	0.1863305098784303	8	0	0.30921084736861054	1	1
SEC31A	0.034600839721042685	1	13	0	-0.30854093303573227	1	1
CMYA5	3.363382545871763e-10	1.9603974496598896e-8	5	2	-0.307541867162784	1	1
NCALD	0.014919861337012928	1	8	0	-0.30632846271854797	1	0.6666666666666666
CLK1	0.014718915106279052	0.0016762987268257546	4	2	-0.3055583651732202	1	1
ASNS	0.005907241766344989	1	6	0	-0.3053655346312065	1	1
HSPA14	0.008100495034738187	0.5572800442701947	7	0	-0.3047567078754211	1	1
NCOA6	1.4698564891352028e-4	0.009402140051542197	5	1	-0.30469957715995655	1	1
EIF4A2	2.366964792950929e-8	2.5841860686115375e-10	4	1	-0.30132339104677064	1	1
YBX1	1.598427045951614e-10	0	2	2	0.3002663110282411	1	1
MACF1	8.047687969151705e-14	4.748709059357541e-9	8	4	-0.3001174291388572	1	1
ABCB6	0.003509563761005753	1	10	0	-0.29966316320962744	1	1
LOC113258537	0.0011106039617924989	0.24121741959119736	6	0	-0.29837668731725075	1	1
APPL2	0.002528059870962928	0.976375971379137	11	0	0.2983042792290037	1	1
AAK1	0.004570363085884954	1	11	0	-0.2982386577762594	1	1
HIPK3	1.710696310493189e-5	1.0718033884872079e-5	6	1	-0.29798297818360325	1	1
GATAD1	0.02408315462217901	1	5	0	-0.29703998415127564	1	1
AFDN	0.005337930832734312	1	9	0	-0.29672908565353995	1	1
EMC1	0.049985059601999025	1	8	0	-0.29611803468495473	1	1
AIF1L	0.022147512212180732	0.00501889754247355	3	1	-0.2940897794915954	1	1
CAV1	0.0018113886809882013	0.015391939133528971	5	1	0.29388534894245477	1	1
GCDH	0.005286146543284602	1	9	0	0.2933091549676501	1	1
MLF1	3.0341746880798292e-6	9.747852822995561e-7	5	1	0.29085764031512906	1	1
THOC1	0.03613398902783201	1	8	0	-0.2906500186784531	1	1
IDE	2.938626907351377e-4	2.9607649969574927e-5	4	1	0.2902828999709998	1	1
ETFDH	0.010515235269101867	0.25532898712057595	10	0	-0.2902307198248509	1	1
SPRY1	0.014712289772811098	0.011453749499331143	8	1	-0.2896172939131364	1	1
ATP8B2	0.014712289772811098	1	3	0	0.28815042084528303	1	1
GNPAT	0.0320841418783712	1	13	0	-0.28750376865909305	1	1
MAEA	5.731911289368677e-4	0.03938864892073375	6	1	-0.2874717200171492	1	1
RETREG1	0.003650036809490825	0.05452281558191914	4	0	0.2872870521509808	1	1
KANK1	0.011938743291356626	0.01547237137181375	11	1	0.28668422826253637	1	1
MYOM1	2.6091300039845265e-10	0.018169687361746446	12	1	0.2849139291833788	1	1
SPIDR	0.022549261333655913	1	5	0	-0.2840459813058303	1	1
PDE1C	1.0625936605201979e-4	0.001034373632881134	5	1	-0.2830537028926229	1	1
FAM219B	0.005907241766344989	1	12	0	-0.2830374661430436	1	1
RGS6	0.007215167975693875	1	14	0	-0.28302755370611266	1	1
CPSF1	0.0029141727844586725	1	14	0	-0.28277690407934947	1	1
APPL1	2.1585010614687588e-10	1.097268660596477e-4	6	1	0.28233620894481515	1	1
DCN	3.5309729278436727e-6	0	2	2	0.2822548475677644	1	1
IRF2	0.005049948827346903	0.0021299544709112994	6	1	0.28117988791820026	1	1
ATP5PF	0.006135893006526416	0	2	2	-0.2799915471328799	1	1
ARHGEF6	1.3937285375972944e-8	1.1865931817367735e-6	6	1	-0.2747136137744808	1	1
SYNE1	2.5780873028392045e-9	1.240928364592322e-4	15	1	-0.27466808189101	1	1
CAMK2D	1.195380956186115e-11	0.4923154388974567	9	0	-0.27447704922117794	1	1
ZNF7	0.030377251055487584	0.8962066821859932	14	0	-0.27423024549316793	1	1
DCTN1	0.033082899355445956	1	15	0	-0.2736898405696752	1	1
SEPT8	0.002528059870962928	0.015245581475848582	8	1	-0.27331176123868844	1	1
ACAD9	0.029050251812329078	1	6	0	-0.27226063682172064	1	1
UAP1	0.011361764563248587	1	10	0	0.2717850301038611	1	1
USP15	8.107331735484096e-4	1	11	0	-0.27050859804728583	1	1
ARIH2	0.006776647496380757	1	7	0	-0.2695155012007507	1	1
TCAIM	0.035490989098592086	1	15	0	-0.26810060394815366	1	0.8333333333333334
FXR1	1.4135245099847582e-12	0.18015168238193685	10	0	-0.26725459520141337	1	1
PKIA	0.03812656953044753	0.23872949903900811	5	0	-0.26624632695316053	1	1
DENND4A	0.007304804502603491	0.3101307186025366	4	0	0.26609082715479937	1	1
LOC113251518	0.0068848313160820886	1	13	0	-0.26605095851717664	1	0.8333333333333334
PEX26	0.00856496654420419	1	7	0	-0.2657956499844918	1	1
CUNH1orf159	0.04334074427949807	1	13	0	-0.26573460246640196	1	0.5
TMEM38A	0.031744962539085514	1	5	0	-0.26501711007862	1	1
MBD1	0.002528059870962928	1	21	0	-0.2647594714018454	1	0.8333333333333334
PHLDB2	0.02179643494540036	1	12	0	-0.2647486098472526	1	1
PAFAH1B1	2.3039252160391232e-4	0.33120068130647357	6	0	0.2645783179050958	1	1
PAPOLA	0.012723097271820565	0.005408225063229451	8	1	-0.26241703433813307	1	1
TTLL12	0.017175380346046862	0.8697291363573139	5	0	-0.25867461455514723	1	1
CSNK1A1	3.544585967452483e-13	5.592580183738273e-10	6	2	-0.25856190385722533	1	1
SLC8A1	1.361600339865661e-10	2.5654257348031523e-7	6	2	0.25744103636364496	1	1
COMMD10	0.034407503870415655	0.6220358417475599	5	0	-0.2571209758542895	1	1
FAR1	0.0410600093223325	0.2510833417725668	6	0	0.2555575725271766	1	1
UBA3	0.001315538054191136	0.7088044994582016	4	0	-0.25420893650603393	1	1
ZNF106	1.8644546518901458e-22	9.378263891366561e-17	8	2	-0.2535255084516326	1	1
BNIP2	0.003052205957080801	0.9896941895951676	6	0	0.25302538048487766	1	1
PCM1	0.0010629971488716268	0.576471356458454	11	0	-0.2523646949974776	1	1
SLC25A30	4.724220803913282e-17	0.2953882449858049	9	0	-0.2516647922067326	1	1
TRAM1	0.02127860340148893	0.09301815706346549	4	0	-0.2512259533294417	1	1
DNAJB6	1.4685821439738993e-4	1	9	0	0.25120071699802277	1	1
IWS1	0.037026108232519686	1	11	0	-0.2507333635465755	1	1
ABCC5	0.0019042201599183866	6.376440909210315e-4	4	1	-0.24983692272853425	1	1
TJP1	9.99659528210361e-5	0.010473600515840896	11	1	0.24926702006218468	1	1
DMXL1	0.0010079560106542472	0.02654908040894395	6	1	-0.24877691000123664	1	1
ARL14EP	0.024237069984403475	0	2	2	0.24868424653451315	1	1
NFE2L1	1.4030478679481033e-6	1.3591585111045768e-5	6	2	0.2475051426470614	1	1
CYLD	0.0025578916171217444	0.6716065223927663	10	0	-0.2473787327352913	1	1
DNM2	1.2579114968558104e-10	0.014722020394283601	9	1	-0.24709444345439255	1	1
LOC113240981	3.37487157693177e-4	1.972919025300099e-5	3	1	-0.24655166030530817	1	1
ECI2	0.003282994220569065	0.00483754096734184	4	1	0.24470241489737826	1	1
N4BP2L2	5.69017873854259e-6	0.00813155565389569	8	1	-0.2436174616388173	1	1
BECN1	0.03324347202386481	1	8	0	-0.24132873779304886	1	1
ADGRF5	0.017175380346046862	0.005142336282064769	6	1	-0.23974605180182845	1	1
LARP4B	0.03613398902783201	0	2	2	0.23864998301138196	1	1
PHLDB1	0.02840953370472985	1	12	0	-0.23702746773374328	1	0.8333333333333334
CLK4	0.049985059601999025	1	23	0	-0.23637399780086066	1	0.8333333333333334
FKBP1A	0.0010951292431150305	0.021515859093215163	4	1	0.2361648658271358	1	1
LOC113245319	0.025456923033993835	0.007438641198933636	5	1	0.23495455137816	1	1
PCSK7	0.011899936956567346	1	9	0	-0.2348916234841023	1	1
TTN	4.597909346614374e-33	5.116516551148888e-4	15	2	0.23410816094547512	1	1
STAT1	0.01459157964231628	0.15881393718337475	6	0	-0.2330666301141623	1	1
LOC113254378	2.7112542532468655e-5	0.057011896905304366	10	0	0.2327075450468281	1	1
ACADVL	0.007587097792015106	0.15425638630115418	4	0	-0.23255594924968515	1	1
ARL6IP5	0.04109880014109142	0.0045406262912766554	4	1	-0.23153598318860868	1	1
ANK3	0.0058906280193333745	0.23141230517217945	5	0	0.23004175657812923	1	1
KIDINS220	5.731911289368677e-4	1	10	0	0.22956271768718373	1	1
AP1S2	2.855461088251982e-6	0.0023434769517523667	4	1	0.22863554163735733	1	1
MECOM	0.008368612240870772	1	11	0	0.22777744668030114	1	1
MEF2A	7.941953663938046e-9	0.07852570053342163	14	0	-0.2275046949047518	1	1
LOC113253952	0.0071044209244929555	0.2566521815629631	6	0	-0.22737814159886383	1	1
PBRM1	0.014225831195276557	0.669820263007699	7	0	-0.2267093040382429	1	1
GCC2	0.01974892525225215	0.4376169575766337	4	0	-0.22553986881045165	1	1
FILIP1	0.006445017013695682	0.04596457775820226	4	1	-0.22497370991072502	1	1
GPBP1L1	0.03499976062977094	0.27331819473441915	9	0	-0.22423192580374324	1	1
OSBPL8	0.0024971957106517902	0.2551805250399525	13	0	0.2236820165796306	1	1
DST	1.5443715773746137e-12	0.021606778450341618	21	1	0.22141688517175173	1	1
SPART	0.04123613087482748	0.038099506782537935	7	1	-0.2210824940164307	1	1
PCBP2	2.1521107981925817e-4	0.4091118772663359	14	0	0.22053519308932612	1	1
TOPBP1	0.03915382164867131	1	7	0	0.21927191324527542	1	1
SPTAN1	1.3042047330607005e-4	0.008831922066062864	7	1	0.21922976506105735	1	1
EEF2K	0.01974892525225215	1	7	0	-0.21880226261158772	1	1
PPP6R3	0.016081999133256152	1	15	0	-0.21685807318696482	1	1
CLCC1	0.01430210174202483	1	13	0	-0.2154209282419191	1	0.8333333333333334
KLHDC2	0.009787148847331622	0.026729237175690958	3	1	-0.21535509345646564	1	1
FBXO21	0.00874551330034742	1	11	0	-0.2150135562798079	1	1
UBE2D3	3.5579785102670435e-6	0.46360417481855404	10	0	0.21457354654629568	1	1
CUNH9orf3	0.002606005053513172	0.029858529140236807	5	1	-0.21356873992474912	1	1
NSMAF	0.018991386685634434	1	9	0	-0.21316164447748856	1	1
NRDC	0.03915382164867131	1	12	0	-0.21066713137440826	1	1
MIA3	4.643166859050013e-8	1	10	0	-0.2100294668511312	1	1
GPD1	0.014712289772811098	1	10	0	0.20991923834554152	1	1
AKAP13	0.004178290992629391	1	16	0	-0.20964544960911702	1	1
ERBIN	0.0013248470593991324	1.0972740169638651e-4	6	1	-0.2094891944577785	1	1
SMYD2	0.04185112095480616	0.17652378264772756	4	0	-0.2092164540046535	1	1
AP2B1	0.023111795545350058	0.787937453952577	5	0	-0.20808208466206946	1	1
ATP9A	0.00856496654420419	1	3	0	0.20588153325612601	1	1
LOC113244843	0.0012939668171980583	0	2	2	0.2039767076225968	1	1
DMD	0.001282995614510038	1	10	0	-0.20368324834676316	1	1
PAFAH1B2	0.04396858866782487	0.0373453615316607	6	1	-0.20249049794029186	1	1
MLLT10	0.005475729788230392	1	12	0	-0.20148456063204048	1	1
DGUOK	0.019011151640916428	1	6	0	-0.1999592878900865	1	1
LOC113267063	0.002546199895366182	1	7	0	-0.19849284990081117	1	0.8333333333333334
MBNL1	1.1480519084068207e-6	1	12	0	-0.1975984435039924	1	1
ADAM33	0.03559586456277639	1	10	0	-0.19508214000154525	1	1
HADHA	4.725800212421907e-6	2.42108185994775e-4	9	2	-0.19495482828735913	1	1
VPS13A	1.0658478049406933e-4	0.2929468556042975	5	0	-0.194893914512451	1	1
NDUFS6	0.02759977815804108	0	2	2	0.1938080129617852	1	1
TACC2	0.0027807173547877884	1	15	0	-0.19304696931919235	1	1
G3BP1	0.013665788571927037	1	4	0	-0.1923108849528945	1	1
PABPC4	0.023111795545350058	1	7	0	-0.19213627427123295	1	1
ARHGAP12	0.03897601578949324	0.1922628108558259	7	0	0.19210325349295632	1	1
ASH1L	0.03328063436512673	1	5	0	-0.19181877706772052	1	1
TTC3	0.0038589350200197736	0.29034540058763914	8	0	-0.18852747105431966	1	1
RRN3	0.04247831172916798	0.06157777799163927	6	0	-0.18788496385931153	1	1
SMG5	0.007187355596069029	1	4	0	-0.1860573198488597	1	1
EXOC2	0.015531046649684162	1	12	0	-0.18580304148496968	1	1
LOC113253249	1.4001290910899954e-10	1	4	0	-0.1851189549831609	1	1
IDH2	4.41945913794034e-6	1	5	0	-0.18495741871191834	1	1
TBC1D14	0.005352394790584125	1	12	0	-0.18362986057592223	1	1
DNM1L	0.009769422412033515	0.017743468148750566	5	1	-0.18246476989821014	1	1
LRRC41	0.036377079802406474	1	4	0	-0.1820332625106147	1	1
GIT2	0.017175380346046862	1	13	0	-0.18142353123748228	1	1
UBR3	0.004054115856857447	1	3	0	0.17944000722904185	1	1
PLD1	0.027773885946270796	0.7695016841353677	5	0	-0.17837741819461755	1	1
C1D	0.003749657654339726	1	5	0	-0.17744005086239445	1	1
MATR3	0.005475729788230392	1	7	0	-0.17618988789707868	1	1
RBL2	0.03915382164867131	1	11	0	-0.17602256137822023	1	1
TPM2	0.022549261333655913	1	6	0	-0.17511764159669596	1	1
CD36	3.857243308335607e-11	0.6790048326142638	7	0	0.17450617895685905	1	1
ANO6	0.01141676905981373	1	3	0	0.17417420572922815	1	1
NAP1L4	2.9454813788218516e-4	1	8	0	0.1716431195761463	1	1
TMEM246	0.03915382164867131	0	2	2	0.1704816071380726	1	1
ACSL1	7.287272255068898e-4	1	13	0	-0.1691394581329648	1	1
LOC113267549	0.0016955664039994827	1	3	0	-0.1691387796778621	1	1
RNF10	0.016539894232592882	1	6	0	-0.16758142214492155	1	1
SNX14	6.771501124851793e-5	0.9561425119155299	17	0	-0.16713484888338995	1	1
SLC25A3	1.8968889708228713e-7	0	2	2	-0.16215831309776915	1	1
PFKM	1.2845358203072459e-5	1	6	0	0.16046654813731298	1	1
MTOR	0.03923143315631994	1	6	0	-0.1597488671567753	1	1
LOC113264927	0.023519034907576605	1	12	0	-0.1595984027826697	1	1
TRAF7	0.034860310305803666	1	7	0	0.15830960086705706	1	1
CKAP5	0.03360972497980721	1	6	0	0.1581351498656303	1	1
BIRC6	0.04939968190166194	1	8	0	0.15670617725619154	1	1
ACADM	0.020621045554475477	1	3	0	0.1566334717513287	1	1
CANX	0.0019095505652347805	1	6	0	-0.1558328243076291	1	1
LAMA2	0.046174536588697926	1	6	0	0.15385975526420953	1	1
WWP1	0.04794158672849653	1	14	0	-0.15091128092828085	1	1
ND4	6.574411639179152e-4	1	3	0	-0.14776274081731977	1	1
YWHAE	3.4992485902290544e-5	1	5	0	-0.14694093051028423	1	1
NCAPH2	0.025456923033993835	0.9158961909520377	9	0	0.14092425099864148	1	1
SPTBN1	6.381297470456999e-5	1	5	0	0.13668951049438913	1	1
AZIN1	0.032230345861126775	1	8	0	-0.13482524248561015	1	1
HNRNPH3	0.005758512421708095	1	9	0	-0.13459657171617811	1	1
BNIP1	0.04684316334307796	1	6	0	-0.13174568539587922	1	1
DARS	0.002732820081192419	1	7	0	0.1294184353110827	1	1
SZRD1	0.022441686197237198	1	6	0	0.12841524734111898	1	1
IPO5	0.0029141727844586725	1	8	0	0.12599956694544975	1	1
NMI	0.00878530792380142	1	7	0	0.12501636095081003	1	1
ACTG1	0.024559042364119897	1	3	0	0.12078660663635588	1	1
EIF5	0.04587951827546383	1	8	0	-0.11835910266107834	1	1
CD44	0.042608087366378174	1	6	0	0.11488886183363078	1	1
AK1	0.002013684381509564	1	3	0	-0.11387612104829214	1	1
CYTB	0.0016709406411054952	1	3	0	-0.11314653140820288	1	1
KPNA4	0.03556993776741363	1	5	0	-0.11257711172069995	1	1
ARMT1	0.04260668468818531	1	5	0	-0.11092480067632345	1	1
DDX3X	0.02021575684373802	1	3	0	-0.10960773751407016	1	1
WDFY3	0.0022877196405601203	1	5	0	-0.10495940076785248	1	1
TXNIP	0.007932156312689424	1	7	0	-0.10049630225309963	1	1
NNT	0.025882095214297313	1	6	0	-0.09722873731632031	1	1
NAP1L1	7.052675893443276e-4	1	7	0	0.09649895164647426	1	1
LOC113249364	0.0058906280193333745	1	8	0	-0.09509110873494164	1	1
NDUFS1	0.013850586004260272	1	7	0	0.09468619235732298	1	1
ACADL	0.03760268747201091	1	5	0	-0.08975077495259287	1	1
DDX5	0.03380624640347259	1	10	0	-0.08348585028053068	1	1
STARD7	0.03915382164867131	1	3	0	-0.08132052786921412	1	1
VCL	0.017275178233328085	1	4	0	-0.07860820676799196	1	1
SDHA	0.001529460447738864	1	6	0	-0.07441693207136117	1	1
