gene_ID	gene_qvalue	minimal_tx_qvalue	number_tx	number_significant_tx	max(Atrium-Small Intestine)	pct_gene_expr	max_pct_tx_expr
TECRL	0.01057828700199566	0.035492340483779784	3	1	0.9357142653648604	1	1
MB	2.735305501134357e-5	7.817677342625868e-7	5	1	-0.9118131858547261	1	1
ATP5F1C	9.217428922601654e-55	4.68352559750228e-14	3	2	0.904533516877946	1	1
LOC113243849	0.0016513950690009056	1	3	0	0.8975376321094248	0.8333333333333334	0.5
LAMC2	0.004933322778620454	0.0024810557982736393	4	1	-0.891913303194288	1	0.6666666666666666
ASDURF	0.0016660869687923521	1	4	0	0.8896515896274617	1	0.6666666666666666
HHATL	0.003947580089802454	0.006916968510332476	4	1	0.8817017266072785	1	0.8333333333333334
EVI5L	2.734838074293617e-4	1.4425656041036568e-4	4	1	0.8659372993158999	1	0.8333333333333334
NEBL	1.910125879099601e-26	2.1739903396134366e-26	3	2	0.8587888351568483	1	1
CROCC	0.030061031783798615	0.010045266961723543	3	1	0.8529814193677272	1	0.8333333333333334
PDLIM5	3.832604387947183e-32	1	9	0	0.8493544036418593	1	1
LOC113268864	0.021262055243241828	0.07852447773346381	3	0	0.8479238392958061	1	0.6666666666666666
FLNC	2.0748164056124047e-28	4.173276244522121e-23	6	2	-0.8468565334238678	1	1
KCNE3	2.2039047183176498e-5	1	4	0	0.8443705462613277	1	0.8333333333333334
LOC113245842_TMEM41B	0.031430536038893515	0.0058871621413173975	3	1	-0.8389847703643266	0.8333333333333334	0.8333333333333334
TMEM136	3.849838354452118e-4	1	5	0	0.8343010117589726	1	0.6666666666666666
LOC113258957	1.7448766568314248e-4	0.0013842310427905826	4	1	0.8295212723769387	1	0.8333333333333334
LOC113249819	2.4276538352042643e-10	0	2	2	-0.8243788709974454	1	1
CUNH19orf44	0.04049060475841837	1	7	0	0.8218922759245137	1	0.6666666666666666
AARS2	0.003192075793145757	0	2	2	0.8210396464130693	1	1
SLC7A7	0.04401515682047318	0.236578047247838	3	0	-0.8141502916843179	1	0.6666666666666666
LOC113248507	0.022514671121283154	0	2	2	-0.8052426416551709	1	0.8333333333333334
SYNPO	1.494610066413265e-6	8.696368762947623e-6	6	2	0.804718440067723	1	0.8333333333333334
MTERF2	6.600869906126805e-4	0.7530684320008664	4	0	0.8015994252474223	1	0.8333333333333334
DPF2	2.7428295708495625e-4	5.813292541069535e-5	4	1	0.7930399347562112	1	0.8333333333333334
SUGP1	0.003765917200566443	0.0073018806110270494	5	1	0.792920913038825	1	0.8333333333333334
LRRC8C	0.021736749481181573	0.0024775136225938573	4	1	-0.7892163292501354	1	0.8333333333333334
HMGCS2	0.0013729109597288075	0.007755470148129681	4	1	0.786999933154046	1	0.8333333333333334
FHL2	1.1900512165245042e-8	1.1670550652317434e-7	4	1	0.7868553155776199	1	1
PRLR	0.01788742413166879	0.02104472265628165	3	1	0.7844693202775154	1	0.8333333333333334
PATL1	3.924581260475917e-9	1	8	0	0.784425438285093	1	1
PRKACB	7.691935948922742e-9	2.546863921008089e-11	4	1	0.7743081605250446	1	1
HRC	8.287971788634043e-59	3.203343231303773e-37	8	1	-0.7740629912748451	1	1
DOLPP1	0.007372816996621003	0.01101468533253852	4	1	0.7732775391073984	1	0.8333333333333334
LRRC8D	0.03299089176750793	0.029993827768743098	3	1	0.7718631836475899	1	0.8333333333333334
PPP1R12B	1.8087752966343873e-52	3.445666209989613e-53	4	2	0.7702926930981825	1	1
LOC113256005	1.7448766568314248e-4	5.244986207565997e-5	3	1	-0.7692982362859624	1	1
LOC113250820	0.023792665057286687	0	2	2	0.7684623627691931	1	1
DDX20	0.0010471087934827805	0.0036522804259955664	4	1	0.7663078423368446	1	1
DBNDD2	5.411559529963619e-11	0	2	2	0.7655786842205611	1	1
ATP8A1	0.022967424766991446	0.004307027714681696	3	2	-0.7621075754261621	1	0.8333333333333334
LRRC2	5.575634923283733e-4	1	14	0	-0.7593423894852256	1	0.8333333333333334
LOC113253545	0.020589863656713985	0.03632814768945643	3	1	0.759247233069294	1	1
EPAS1	0.006456316082478473	0	2	2	-0.759121924761881	1	1
LOC113246836	0.02027682738738043	0	2	2	0.7589995585408658	1	0.8333333333333334
LMOD3	0.041134099708443665	0.4480848953188492	3	0	0.7585688124762974	1	0.8333333333333334
USP10	6.574992382472793e-4	0.19872414291871598	13	0	0.756715732264429	1	0.8333333333333334
SNX11	0.02732046897617608	0	2	2	-0.7555805666113132	1	0.8333333333333334
LOC113254606	0.006870562086633073	0.010220994962709421	3	2	0.7537210572104001	1	0.8333333333333334
PTK2B	0.0188389321229797	1	6	0	0.7535242117676428	1	0.5
ABRAXAS2	0.0037046358493560243	0.004441428136739458	3	1	0.7530966614749213	1	0.8333333333333334
SEC61A2	0.011637555091221405	0.0032572295627152463	3	1	0.7495111252459196	1	0.8333333333333334
RMC1	0.018858846131702318	0.08970903931179697	7	0	0.7473875162611853	1	0.8333333333333334
OCLN	0.014533542191129756	0.06488085921852704	3	0	0.7458548143545158	1	1
FITM2	5.8595417439714464e-8	1.9595416936576027e-8	4	2	-0.7428939955810585	1	1
CDK5RAP1	0.0016659737846708596	3.835016882536305e-4	7	1	0.7427914600939115	1	0.8333333333333334
PDHX	1.8599696091815098e-11	5.607495845016183e-13	10	1	0.7412794972589019	1	1
LOC113257633	3.058564037532192e-8	4.4995454735059467e-7	3	1	-0.7404753715636414	1	1
MRC2	0.03143139513381267	0	2	2	-0.7364418453208108	1	0.8333333333333334
IGSF3	5.740468962950336e-4	8.982232476401942e-5	3	2	0.7354423349876138	1	1
LOC113270472	3.841182962882603e-5	2.8747352231538506e-6	3	2	0.7325470806142778	1	1
TMEM143	0.014527595139057785	1	7	0	0.7317032362234552	1	0.6666666666666666
ANKRD39	1.7282268992067807e-24	4.555258961676107e-9	9	1	-0.7293124605470067	1	1
XRN2	0.0036619769651320996	0.2113905328222298	6	0	0.728123712283569	1	0.8333333333333334
LOC113262177	0.02732046897617608	0.013720851980512799	3	1	0.7271961841790807	1	0.8333333333333334
R3HCC1	9.39195757719794e-4	3.4589571565807755e-5	7	1	0.7256423099728562	1	1
VPS52	0.012948018955490434	0.03462631004963052	8	1	0.7242744133563956	1	0.8333333333333334
CARM1	0.001177817097204722	0.004839732175056103	3	2	0.7192386728568094	1	0.8333333333333334
LOC113249370	0.016318383910773712	0.7107099470300079	5	0	0.7176216378015738	1	0.8333333333333334
PPID	6.624409396535484e-4	3.138556760329552e-4	7	1	0.716563242546247	1	0.8333333333333334
SEPT9	3.3127995991526e-6	6.296247201171347e-5	7	2	0.7159020846258654	1	1
MYLK3	2.735305501134357e-5	1	4	0	0.7156621422535939	1	1
SEMA4D	1.6825041339784221e-4	0	2	2	0.7142317329953607	1	1
BRPF3	0.002036955947358687	0.005412785111564499	7	1	0.7080121338826509	1	1
SLC20A1	4.4298001747474717e-4	0.017869865379518547	5	1	0.7066102543238657	1	1
GPR146	0.04289244000098797	0	2	2	-0.7058156002259741	1	0.8333333333333334
ASB14	6.177581431871278e-4	8.532736098602349e-4	7	1	-0.7032171180348651	1	0.6666666666666666
BCAT2	0.030405399573203908	0	2	2	0.6995211643738335	1	0.8333333333333334
STC2	0.04847068204270347	0	2	2	0.6992681484583987	1	0.8333333333333334
HMGN3	6.250492568951594e-5	4.9302618086738685e-6	6	1	0.6990974312870943	1	1
HS1BP3	0.0015080664879738035	0.002999533752584854	5	1	0.6977255422373233	1	1
KIF20B	0.02924899417174372	0.006899004070346323	5	1	-0.6972043136695125	1	0.8333333333333334
WDR78	0.0037933542406416356	1	3	0	0.6957781301698928	1	0.6666666666666666
EDIL3	0.015461845130971074	0.017996979882766433	3	1	0.6928851126496952	1	0.8333333333333334
MRPL28	0.03668896322741322	0.12398118723752688	5	0	0.6914689644851286	1	0.8333333333333334
PFAS	0.02141623707258893	0.1496602110957079	4	0	0.6887330394525086	1	0.8333333333333334
HDAC3	0.0016822485649244576	0.11605592090078451	7	0	0.6859823652117487	1	1
ZMIZ2	0.036219084373943763	0.049412528297788826	3	1	0.6831890919502599	1	1
ARF3	5.3315095285677827e-5	0	2	2	-0.6831099465697053	1	1
TLK2	0.0020411619149305936	2.066684117575762e-4	4	1	0.6825140624118129	1	1
NDRG4	1.5686085251059886e-10	4.584540584720349e-9	3	1	0.6824265187001443	1	1
LEF1	0.032216691923998314	1	5	0	-0.6812840199304606	1	0.6666666666666666
CUNH19orf12	2.0998857338940064e-8	0.0052222816724874655	4	1	0.6810485019689224	1	1
LAMA3	0.010423899305512923	0.14842480375758813	5	0	-0.6790031243349188	1	0.8333333333333334
IFT22	0.025881625034153012	0.049204247403602894	3	1	-0.6788668961955484	1	0.8333333333333334
TMEM268	7.044171207239498e-7	1.7674902981578382e-6	4	2	0.6788347582889885	1	1
FBXW2	0.011513697625295262	0.005911834663422344	5	1	0.6783572827723248	1	1
ASL	0.003444993050583455	0.4793862727595966	7	0	0.6782568323462143	1	0.8333333333333334
DHX40	0.01723609992046556	0.3118827216801609	5	0	0.6780368994315951	1	1
GFPT1	1.203779272461861e-10	3.357499868099564e-10	3	3	0.6773863812845653	1	1
MYO7B	0.0011047085350272495	0.05484433748083862	4	0	0.6756226178045835	1	0.6666666666666666
DDX28	0.03429404105961447	0	2	2	0.6755625617320468	1	0.8333333333333334
ADSL	0.009742393455923105	0.0038262385628904643	4	1	0.6748119414566236	1	1
ADAM22	0.008009861806185636	0.013456638622735956	5	2	0.6740165402153727	1	0.8333333333333334
CMYA5	2.5838423200824373e-9	6.748739723231529e-10	6	2	0.6735462993889323	1	1
RPL26L1	0.010237943998627555	0.0113049094010988	3	1	0.6729520588400719	1	1
ANKRD1	3.056367227600458e-4	1.0339425100336145e-5	3	2	0.6675378255516525	1	1
RNF128	0.003951565490633341	0	2	2	-0.6631374438099019	1	1
TUBA8	0.001986957383312675	0.002731899730808692	4	2	0.66303780044835	1	0.8333333333333334
ACTR6	0.02376373966897497	0.024588373027467508	6	1	0.6618734498814316	1	1
ANKRD44	0.02699185671584148	0.08839320254266538	4	0	0.6618179590993878	1	1
RXRG	0.0016659737846708596	0.007032816293331236	4	1	-0.6595726213754429	1	1
IRAK2	0.0387946536746981	0.08496634064119349	5	0	0.6588770668325443	1	0.8333333333333334
XIRP2	0.0059524262174577925	1	7	0	0.6573067211163769	1	0.8333333333333334
NCAM1	0.0024952992843526554	0.00425749692658345	5	1	-0.6568782277116509	1	1
FLT3LG	0.026974126395965543	1	5	0	-0.6565351931698965	1	0.8333333333333334
NCALD	0.004704906963675351	1	9	0	0.6553777468826562	1	0.6666666666666666
GK	9.899169987727669e-7	9.03228340667946e-5	8	1	0.652949597645909	1	0.8333333333333334
IARS	0.0018632037340606954	0.012379234684677382	9	1	0.6524402422890874	1	1
QKI	1.3527108286559329e-24	8.759646198744881e-17	6	2	-0.6512845375762927	1	1
GPAT3	0.005643732843702034	0.0024567582482478015	5	1	0.6504535964895474	1	0.8333333333333334
ATG2A	0.0035563468239334854	0	2	2	-0.6473244816886747	1	1
DUSP27	0.03181279851559265	0	2	2	0.6471061082642362	1	0.8333333333333334
FBXO42	0.01355587983561728	0.0666822126254229	4	0	0.6460417536295212	1	1
LOC113247918	0.03433314096248157	0.003299175471471682	6	1	0.6417469421846691	1	0.8333333333333334
PPWD1	0.03510082283146641	0.015962334532294394	7	1	0.6367862586935165	1	0.8333333333333334
MBD5_LOC113250909	0.0018138096574589343	0.03736784734233097	4	1	-0.6365943539292909	1	0.8333333333333334
SMTN	3.238952782678439e-6	1.9348890858825004e-5	6	1	0.6345022551555596	1	1
LOC113258537	0.0014491329026464857	8.78077089887412e-4	8	1	0.6339010887081776	1	1
CEP162	0.0029015767014568387	0.011752677493594781	4	2	0.6320937274536004	1	1
LYSMD4	0.013715941267170928	0.024919382004921012	3	2	0.6303813107593954	1	1
RAB2B	0.00311233708318636	0.014859655504962082	4	2	0.6238709265388394	1	1
DHX8	0.0032643102261355433	0.043376579065783204	5	1	0.6221407101852034	1	1
UVSSA	2.445698047158959e-4	0.0035387389700989127	7	1	0.6211538868984734	1	1
SH3TC2	0.014748980058800586	1	5	0	-0.6191736092659674	1	0.8333333333333334
CEP128	0.035228054348499814	0.06987677686037001	3	0	0.6190731442484825	1	1
LOC113247893	0.04441954765455538	0.028086942749716	3	1	0.6186200074464655	1	1
FNBP1L	9.669966158745496e-7	1.4413160732054425e-7	9	1	0.6177571763292368	1	1
FRMD3	3.792742775269669e-5	4.3615952149352745e-5	4	2	-0.6164322118970635	1	1
TBC1D4	0.039227322118764264	0.01983202686756293	6	1	0.6157147212164185	1	1
TNS3	0.0026534555035341457	1	8	0	0.6155041839753113	1	1
ABHD16A	0.001177817097204722	0.020363569920155745	13	1	0.6135328832989076	1	0.8333333333333334
RNF115	3.9381268515372685e-16	1.5002331460965274e-10	5	2	-0.6126384212855196	1	1
DNMBP	1.6825041339784221e-4	1.8258707651202546e-5	4	2	0.6119470440383419	1	1
SEH1L	2.988563449424695e-9	5.216917755585796e-8	5	1	0.6116803809411442	1	1
TNRC6B	0.03010051042721442	0.015967500493435264	3	1	0.6114760283463866	1	1
ELP4	0.02703203953025966	0.11320677902507008	8	0	0.610202822559383	1	1
DNPEP	0.01086669403310572	0.03039339114685431	5	1	0.6087982835417374	1	0.8333333333333334
VPS33B	0.03305010670494607	0.2596469670043334	7	0	0.6071204358551829	1	0.8333333333333334
LGALS9	0.025918942725935902	0.01800914131315549	3	2	0.6065905566982062	1	1
NDUFA10	1.7248898439848636e-4	8.544408146562351e-4	7	1	0.6053569958625076	1	1
MED22	0.0077805947199201435	0.027053292091450715	4	1	0.6039013658488823	1	1
DRG1	0.0013760412461250179	3.9810565846486156e-5	5	1	0.6028167410661802	1	1
GTF2IRD1	0.00472824726805112	0.017050438896499272	3	1	0.6026988579485153	1	0.8333333333333334
ALDH18A1	0.0013192819725775253	8.329828474044178e-4	3	2	0.6010584738160084	1	1
RGL1	0.008926425871010873	0.02046030605968536	4	1	0.5968977078897382	1	0.8333333333333334
ACHE	0.03401289689072418	0.019860590709429308	4	1	0.595819338924644	1	1
PDLIM7	5.283620174655152e-12	0.1335796573214588	9	0	0.5953408930359856	1	1
ZNF599	0.02372351408823943	1	3	0	-0.5934771144692831	1	0.8333333333333334
ATG14	0.02499113656832804	0.20677777561696759	4	0	0.5931132815920668	1	1
RIN2	0.0011796127419480193	0.35029479035817884	10	0	0.5885437511380531	1	1
GGACT	0.0077381265403112616	0.5172453076870825	8	0	0.5844906384006102	1	1
CUNH20orf194	0.018187215544037422	0	2	2	0.5833178300459925	1	1
BCAP29	0.005842675412551846	0.0057638806388031	3	2	-0.58232684260298	1	1
ARHGAP26	0.041134099708443665	0.13511586798428385	4	0	0.581645703126357	1	1
SRPK1	0.01478181258664876	0.5440298151653233	7	0	0.5785807090114159	1	1
RALGAPB	0.0016659737846708596	0	2	2	-0.5784994757872896	1	1
LOC113269632	0.031227778155563178	0.9476924446052228	6	0	0.5782036800111847	1	1
FAN1	0.017678394439353456	0.03528398414781115	7	1	0.576534864820936	1	1
ENO1	2.4083842749218815e-18	1.793634446536661e-10	3	1	0.5758336165599703	1	1
LOC113246877	0.01638049960838762	0.013248303487338037	7	1	0.5755000794181762	1	0.8333333333333334
MLXIP	0.03220902603472691	0.09263510079417857	4	0	0.5751168167833822	1	1
MAPK14	0.003867475395041113	0.007393224599131356	12	1	0.5731064839939677	1	1
LEAP2	0.0036116104442811417	0.12191680214923657	5	0	0.5728750082947311	1	1
ANAPC5	0.0014406782431003581	3.612438999285508e-4	10	1	0.5728202249378936	1	0.8333333333333334
PRKDC	1.5656097303400635e-5	1.0294925619489545e-5	6	2	0.5704963484427642	1	1
TRAK1	2.043732753744603e-13	4.95502157603891e-10	12	2	0.5693511483443134	1	1
SLC39A14	0.02879558062834358	0.27984731621570613	11	0	0.5688641312730779	1	1
NFAT5	3.1858082339026214e-5	6.591180849059284e-4	8	2	0.5686124299896584	1	1
GPX8	1.1611033215386097e-6	7.620895299055222e-4	5	1	-0.5685541119806865	1	1
HDAC5	0.034660579405145754	0.07030713107508078	4	0	0.5672124582817537	1	1
SUSD6	0.03510082283146641	0.008295441046903794	7	1	0.5651638810068439	1	1
DEF8	6.525195474001472e-4	0.6125141805982032	8	0	0.5623906335058835	1	1
CERS5	0.0017378979861964836	0.2325873054499008	10	0	0.5623262949774956	1	0.8333333333333334
RASEF	0.04908287507456173	0	2	2	-0.5621073040531179	1	0.8333333333333334
BRMS1	0.04917567860606229	0.06858270807462598	7	0	-0.5620117621811984	1	1
FRMD1	0.03823857778685191	1	6	0	0.5604200280784075	1	0.6666666666666666
ACTN2	2.714638154693908e-12	1.2102513018931881e-5	7	2	-0.5603382539929003	1	1
CLIC5	1.1656086327171007e-12	9.510149100357856e-5	7	1	-0.5579430758265591	1	0.8333333333333334
IFT20	0.018080361353085134	0.00425711471230621	3	2	0.5562830095629656	1	1
SPPL2A	2.3119357418185726e-5	7.266138267305555e-6	4	2	0.5555060667905762	1	1
CSTF3	0.012510380171930674	0.38739784909614555	9	0	0.5554896492414414	1	0.8333333333333334
DUSP16	0.005806180723260114	0	2	2	0.5550257416479476	1	1
MPEG1	0.04412842011724346	1	3	0	-0.5537431458287321	1	1
LOC113246854	0.002435596178451518	0.005006010066522379	9	1	0.5537312103143651	1	0.8333333333333334
MAPK6	0.022094982479209737	1	8	0	0.5526105540795495	1	1
PIP5K1A	0.00711020776483552	0.34572920054227263	11	0	0.5522778442989933	1	0.8333333333333334
TUBGCP4	0.006894963990473596	0.0022060906037142374	12	1	0.5516002886238411	1	0.8333333333333334
NOP2	0.0035563468239334854	0.011532142758808813	9	1	0.5511622848717491	1	0.8333333333333334
COG4	0.039454667156323966	0.8327593123225999	5	0	0.5511296076978089	1	1
LOC113249271	0.013141235883124476	1	5	0	0.5503022768437426	1	1
L2HGDH	0.0016659737846708596	0.06821181833997984	7	0	0.5485345736245273	1	1
SNAP47	0.02514106565321409	0.04286556792698253	4	1	-0.5472430263054056	1	0.8333333333333334
SKA1	0.008813400120235342	0.007334210969367641	4	2	0.5467839582050218	1	1
CCDC43	0.020423284546270244	1	9	0	0.5465512262480667	1	1
NFS1	0.02027345504266482	1	6	0	0.5464798829926854	1	0.8333333333333334
NIT1	0.04761762768644732	0.2269390757635314	6	0	0.5457060153666214	1	0.8333333333333334
DOCK8	0.034994732921405404	0.1856399070687589	7	0	0.5451182890106487	1	1
LMO7	4.1587304997460116e-26	1.4650005640093496e-4	11	2	0.5448444038211918	1	1
PARP6	0.002910384505999688	0.11585790279197483	9	0	0.544798105454206	1	0.8333333333333334
ILVBL	0.011513697625295262	0.03289246594242831	7	1	0.5447735560643999	1	1
LOC113258953	0.0015874900945449621	9.490646636874086e-4	4	2	-0.5440326315211361	1	1
RHOBTB1	0.026758795679911324	0.1081879848255475	13	0	0.5425422390270838	1	1
PDE4D	4.936698327997511e-6	5.245171633678648e-7	7	2	-0.5412949357503711	1	1
CAMK2B	0.01723609992046556	1	6	0	0.5409055237353505	1	0.6666666666666666
IDH3B	0.02384044498852487	0.2512643199911128	7	0	0.5395369128737404	1	1
IQSEC2	0.004832498556426031	0.0038467180276051216	4	1	0.5378992438018941	1	1
LRRFIP1	2.3881481963032586e-4	1.6403634614223022e-4	10	1	0.5365947962672377	1	1
TCP11L2	0.014869635951020628	0.21089623653275044	9	0	0.5354281174715224	1	1
ANXA7	2.308153612470297e-6	1.0035934919068754e-5	7	1	0.5348912408200467	1	1
LOC113265298	0.01639756644255428	0.42274351153214323	4	0	0.5348733235448512	1	0.8333333333333334
MRPS5	0.0025495371444776353	0.023687920285392145	5	1	0.5346570184682049	1	1
SGMS2	0.027263252945533098	0.03326006527338168	4	1	0.5343923842383878	1	1
SLC27A1	0.016883754462612147	1	10	0	0.5338233194800726	1	1
TP53BP1	0.013096846270586382	0.9091275056067118	8	0	0.533628453385649	1	1
TEAD1	0.0018138096574589343	0.21873901383469105	7	0	0.5293775887725547	1	1
EPS8L2	0.032450716262870744	0.9913028707075132	8	0	0.528127523609415	1	0.5
NDUFV3	0.002036955947358687	1.2163754599111065e-4	3	2	0.5278182643861957	1	1
RAB28	1.5575882851224627e-7	1.0990643011010442e-4	6	1	-0.5274103129399303	1	1
FAM234B	0.02299956657632978	0.028659625712069994	6	1	0.5270792566539468	1	1
CPM	0.039454667156323966	0.22022254376641145	5	0	0.5261821466545232	1	0.8333333333333334
PPP1R3A	8.098664255347383e-14	9.939816707115597e-7	5	2	-0.5255917986552001	1	1
SGPL1	0.03607376006115384	1	7	0	0.5247889475040127	1	1
YWHAH	8.481809617449136e-4	0	2	2	0.5240018609859883	1	1
KCTD18	0.006894963990473596	0.6086229313728216	5	0	-0.5234840821034188	1	1
GEMIN2	0.03745996160038644	0.09775012070282603	7	0	0.522894424141173	1	1
KREMEN1	0.0029122713974100486	0.005012784783824323	3	2	-0.5225227512009614	1	1
LOC113265231	3.060999703131972e-4	1	5	0	-0.521314145097798	1	0.8333333333333334
PRMT7	6.195670105300029e-4	0.06367361980106126	8	0	0.5208762762447964	1	1
MINDY2	0.0012246260658217672	0.02069036284989229	4	1	0.5197239051392224	1	1
AKAP8	0.014559761135766958	0.37295411322643446	4	0	0.518857414640266	1	1
ST3GAL6	0.022514671121283154	0.3419568095839215	7	0	0.5182929384910253	1	0.6666666666666666
USP32	4.160592604722635e-4	7.790630090225118e-4	3	2	-0.5180179917648234	1	1
ECHDC1	3.753003137466784e-4	0.001166818443997894	8	1	0.5175822760584599	1	1
MTIF3	0.005788305604938876	0.061423850596390724	5	0	0.5166750624877718	1	1
SH3RF2	4.0588443944141895e-11	2.9722605051590406e-4	7	2	-0.514505176408933	1	0.8333333333333334
MRPL22	0.02699185671584148	0.014536214653700733	5	1	0.5143183277299668	1	1
ARRB2	0.02654190002786597	0.3174047136028044	8	0	0.5140650063072435	1	0.8333333333333334
ATP10D	0.015747579036055167	0.6625259934032177	4	0	-0.5126031375425519	1	1
CAPRIN2	0.041134099708443665	0.07047816908054386	7	0	0.5120903054891174	1	1
NRAP	4.7338444299970765e-18	4.2394764904396197e-8	12	1	0.5118914740725296	1	0.8333333333333334
TXNL1	6.19905137494477e-8	3.0654124788897954e-4	7	1	-0.5118549869038932	1	1
PTCD1	0.003367836322161938	1	9	0	0.5111719270665792	1	1
SLC4A3	0.003444993050583455	0	2	2	0.5107651118442723	1	1
TPP2	0.02351517800185749	0.358840418305301	9	0	0.5099737625178339	1	1
GNE	2.3594902599486066e-5	0.0019061799236479036	15	1	0.5091128700666046	1	1
CRTC3	0.04393664428739086	0.11440775639723971	3	0	-0.508947491382413	1	1
ZDHHC17	0.008710618971180785	0.19267657085798962	3	0	0.5088334769464357	1	1
MAFK	0.005806180723260114	0.00527850121384362	6	1	0.5081088926575126	1	1
TPM4	5.9245050023721255e-12	1.3274855003642539e-5	5	2	0.5073119981531913	1	1
ITGB1BP2	6.729606079084153e-6	0.04681286638277194	4	1	0.5070890470349292	1	1
WIPF1	0.0018026002022319462	0.3363661654136248	6	0	0.5070793480380414	1	1
SCRN3	0.006445133924195503	9.52774076452595e-4	3	1	0.5035366774468685	1	1
MFAP5	0.039368123576384736	0.0548736475808538	8	0	0.502925976232469	1	1
XPC	0.044916294515279925	1	11	0	0.5023028529049378	1	1
CRAT	2.5431586489523773e-13	2.1727196261228742e-11	4	2	0.502266102498667	1	1
MRPS27	0.02699185671584148	0.42518552663945536	7	0	0.5010550313417594	1	1
ADAM11	0.026856760441292794	0.3441224823237854	5	0	0.49925042551545723	1	0.6666666666666666
PKM	6.024131537686135e-4	1.9701230519148652e-4	7	1	0.4992107252897938	1	1
SLC25A36	5.8129007511045725e-5	1.8830309174338225e-4	8	1	0.4985501180787687	1	1
PCSK7	0.022094982479209737	0.15107166199292288	9	0	0.49785555248812335	1	0.8333333333333334
LOC113252430	0.03181279851559265	0.6546362333374397	4	0	0.49756722661288894	1	1
PHF10	0.021592478302198022	1	5	0	0.4974906522711052	1	1
MCM8	0.04656763437455679	0.19743003037818158	7	0	0.4972679453861713	1	0.8333333333333334
FAM53A	0.0011692923670592109	0.005665059070059963	9	1	0.4972081361290698	1	1
PLK2	0.0016106865902186184	0.010893461038865345	4	2	0.4966884579315811	1	1
PLXNA3	0.002540247027126117	0.027465234313812363	4	1	0.49574502829304357	1	0.8333333333333334
PSAP	3.203767493437152e-30	7.56832068149167e-33	3	2	-0.49489868677799514	1	1
THSD7A	0.04277596887144115	1	8	0	-0.4945911042275002	1	1
MGAT5	4.820638259568251e-4	1.87994723968088e-4	6	1	0.4933568155939078	1	1
BPNT1	0.005643732843702034	0.006919424121338105	10	1	0.49285439954794585	1	1
DTNA	2.1296250817412762e-9	1.9369878591969567e-5	11	1	-0.4917058095832787	1	1
MDM2	0.04384666984962549	1	8	0	0.49087203072884955	1	1
OSBPL6	2.1030703435023555e-5	0.9923175983508874	9	0	-0.4904076599197657	1	0.8333333333333334
SH3TC1	0.00309125234592757	0.03717598213259721	5	1	0.4890039444407275	1	1
LOC113247193	0.007138032601689071	0.7872460745933835	3	0	0.488760256481083	1	1
SUPT5H	8.233564305054463e-4	0.1431109411305953	5	0	-0.4876414228551825	1	1
DDB2	0.04412842011724346	0.27449916837976956	6	0	0.4871085449901203	1	1
GNPTAB	0.006870562086633073	0.010432231111030832	8	1	0.48695942063090436	1	1
LOC113248584	0.03487273248115528	1	6	0	-0.48695688613670884	1	0.8333333333333334
ADPGK	0.02654190002786597	1	5	0	0.4869335426132727	1	0.8333333333333334
FAF1	0.01700332733561675	0.015234050072789352	7	1	0.4866654950961733	1	1
ATXN1	0.016324356630783975	1	7	0	0.4853439878794055	1	1
PEX26	0.005806180723260114	0.05203373669573611	10	0	0.4850843228333869	1	1
LOC113264440	0.01165943052883443	0.292700763866235	6	0	0.48205439862165844	1	1
FASTK	0.001197069445547691	0.19779969438697706	6	0	-0.4814264556250483	1	1
SIPA1L2	0.040009200002636004	0.634247965224377	6	0	0.48137554090810686	1	0.8333333333333334
NDUFAF4	4.160592604722635e-4	0.0032703837603847118	3	1	0.4809787786772885	1	1
GGT7	0.0153514914553946	0.08709285486030138	4	0	0.48081754903100815	1	1
KLC1	4.0737843735840966e-5	2.4230596296313204e-4	13	1	0.4798083949779439	1	1
ZNF211	0.01236715360355157	1	8	0	0.47886657333932525	1	1
SORBS2	1.229060284633941e-13	4.042299002205765e-9	10	3	-0.47860376914907127	1	1
LOC113249140	6.669626520255596e-5	6.14924547297481e-7	5	1	0.4783035691811957	1	1
CCDC127	0.03267901769468409	0.7919807478928426	5	0	0.4782668112245405	1	1
CCDC50	0.010142364484054953	0	2	2	0.47736013842216823	1	1
EML1	0.006894963990473596	0.2262267239545599	5	0	-0.47730429419596965	1	1
HBS1L	0.005806180723260114	0.4106617144390578	7	0	0.47709202530751416	1	1
SOBP	0.0030393954627337873	0	2	2	0.4751178359920525	1	1
SGMS1	0.004704906963675351	1	9	0	0.4746937145818828	1	1
DNAJB5	0.00711020776483552	0.11842502049516455	3	0	0.4731947383073008	1	1
CD44	2.4276538352042643e-10	4.8547881371674965e-5	7	1	0.47044965120976423	1	1
USP28	1.6749915941895714e-4	0.36030302929790603	8	0	0.47030916437980474	1	0.8333333333333334
LOC113248379	0.0035529493696373087	0.007185511409234086	3	2	-0.4695436005396457	1	1
ERBIN	2.7315347066655026e-8	0.0024541556632607523	7	1	0.4688432686334667	1	1
SH3KBP1	1.0586003487490546e-4	5.82134494685048e-4	3	2	0.46883467976143206	1	1
HERPUD1	0.032330883686701624	0.41100213036006844	5	0	0.4687235499354701	1	1
BORCS8	0.016362075501588975	0.8604253960667914	11	0	0.4686481076177277	1	1
HDHD5	0.024310204613566318	0.06736723582982238	3	0	0.46735783065888625	1	1
RRAS2	0.043853741064777844	0.31197447275562845	4	0	0.46572345168993334	1	1
GOLGA2	4.209474231932359e-6	1.1169493212392705e-5	4	2	-0.4649902383040844	1	1
LOC113264372	0.007479721598510839	0.05583346493190327	4	0	-0.4647393963092044	1	1
LPIN1	0.009472872944438411	0.0434351258512083	6	1	0.46361296578836003	1	1
ZNF236	0.025086747479214674	0.45048518997497383	5	0	0.46359538158508906	1	1
KLHDC10	0.043785683729491584	0.012849564254328124	3	1	0.4629329898427513	1	1
SVIL	1.224722046648822e-12	0.0010126833714025852	12	2	0.46226884816065983	1	1
EMC1	2.061393327327314e-4	0.0863295415121082	9	0	0.4615647069466319	1	1
EIF4E2	8.884503468918599e-5	8.675498482108605e-7	5	2	0.46135285504483103	1	1
LRCH1	1.7248898439848636e-4	1	6	0	0.45956831031599044	1	1
HYOU1	0.0359233345451268	0.3505000640869803	6	0	0.45800657439050396	1	1
LOC113248372	8.334957789693494e-5	7.307379862635377e-4	7	2	0.4574286526899528	1	1
KIAA0513	2.988563449424695e-9	1.1477736222706299e-6	4	2	-0.4571524151880537	1	1
EFCAB14	0.0019693163453556187	0.001964966943695007	7	1	0.45648676821672773	1	1
TSPAN9	0.0011100755147639147	1	8	0	0.45615476897142915	1	1
ZNF25	0.009786363478397241	0.21627291848059924	11	0	0.45596546925845716	1	0.8333333333333334
TMEM170A	0.04721079107392047	0.10861868902567896	7	0	0.45566548662942025	1	1
VPS45	0.007031176986463474	0.61587093792621594	6	0	0.4556358400906847	1	1
CACNA2D3	0.021332932414658935	0.0077393432846662585	4	2	0.45487058217432175	1	1
RBBP8	0.013976658034464766	0.1702253415964681	4	0	0.4544384450664636	1	1
PAF1	0.025749160466081913	1	5	0	0.45419400193419784	1	1
TANC2	0.023484894300801737	0.115041787565529	8	0	0.454002318873331	1	0.8333333333333334
ABLIM1	7.72659170945929e-38	8.079859142778293e-26	8	2	0.45257379758812716	1	1
FZR1	0.039634779807919934	0.33334791087947974	4	0	0.4521771350652251	1	1
BBS4	0.0338104258089673	1	10	0	0.4519384238948172	1	1
LOC113253631	0.0036295326301711054	0.0106074513748027	5	1	0.45140594365205516	1	1
UBE3C	0.010697649581395208	0	2	2	0.45140508626154496	1	1
ABHD6	0.01519942219052794	1	4	0	0.45001160908989446	1	1
CPEB1	0.049853656996100726	0.2858251340908995	6	0	0.44988458478154686	1	0.6666666666666666
MTX3	7.515244261753018e-4	0	2	2	-0.4498626386082678	1	1
TMEM41A	0.03181607761935747	1	10	0	0.44943022449048353	1	0.8333333333333334
LOC113244957	0.03364408493805025	0.012225932062829733	3	1	0.4488041915033602	1	1
KIAA0232	0.015461845130971074	0.06809712015976352	12	0	0.4486834290642148	1	1
RC3H2	0.0011722872040994755	3.61806071829564e-4	3	2	-0.44802403817040953	1	1
PARL	0.027616497803542882	0.0414487592476011	6	1	0.4476748224311058	1	1
FARS2	0.021293059737873196	1	7	0	0.44735659067123845	1	1
INPP4B	0.013260452946645225	0.020504228080605928	6	1	0.4469646582111808	1	1
NIPSNAP2	0.04886262388129531	0.28521859113641435	6	0	0.4464390149360615	1	1
SEC22B	0.00453996919882249	6.716249824316666e-4	7	1	0.44586178999421033	1	1
CCDC47	0.002287896788910124	0.0034510897829165173	7	1	0.4449639395314445	1	1
NUP85	0.03422700858744064	1	10	0	0.44277193020764133	1	0.6666666666666666
TRMT1L	0.028321779900824764	0.005243531100422381	4	1	0.44260900238583467	1	1
ZFP62	0.02323546399648017	0.012030352780938372	4	2	0.44234624871448036	1	1
CCT8	1.4887662062143847e-7	0.0019632671305813143	6	1	0.4421504341249828	1	1
FERMT2	8.253545585472783e-16	0.0014892452329466847	10	1	0.44088100160434646	1	1
HELQ	0.01700332733561675	0.17042210464786808	8	0	0.4407545628090299	1	0.8333333333333334
GANAB	0.025918942725935902	0.0487983516127578	6	1	0.44053229559747625	1	1
WDFY1	0.0013328557486627728	0.06054864419048282	4	0	0.4404669151687589	1	1
RGS6	4.1558838865754803e-10	0.02970261022427823	10	1	0.43996350325046757	1	1
DCAF8	2.964125527234089e-4	0.010757557162452627	10	1	0.43942932817247987	1	1
DYNLL2	2.7443196111001293e-6	2.889727042584455e-7	3	2	0.43927219987875876	1	1
ABRAXAS1	7.890384736735253e-4	0.006126537477362391	8	1	0.4375367012740078	1	1
RORC	0.002036955947358687	0.0051110011059197465	7	1	0.4367408333053511	1	1
DCAF6	1.846546402891107e-7	1	10	0	0.43673353830949774	1	1
SSBP2	0.03236296241003677	0.44061307059329397	16	0	0.43649483044963383	1	1
LRRFIP2	3.769979613934229e-8	1	17	0	0.4361015488030014	1	1
IL4R	0.011919767877083787	0.17484251243759336	10	0	0.436082182003031	1	0.8333333333333334
TELO2	0.01891046825099764	0.5564242588304897	5	0	-0.4356332216164325	1	0.8333333333333334
SDHD	3.5866357710202944e-6	1.7243057133020453e-5	5	2	0.43505251144722595	1	1
ANAPC13	0.045587573717792734	0.05771584515547469	4	0	0.4343071812843844	1	1
HDAC7	0.02376373966897497	0.3838356267574858	6	0	0.4334202432587917	1	1
KLHL21	0.00432260913934395	3.3253697686060735e-4	3	1	0.43290966485669363	1	1
USP3	0.0010018724722020093	0.036302022081609535	12	1	0.4319676904949894	1	1
PPM1D	0.044133793657144225	0.8860042255310463	3	0	-0.4317207108146231	1	1
DYRK1A	1.0169084383209615e-4	0.118559284480384	10	0	0.43048565675279477	1	1
ALDH9A1	3.4041161093069224e-5	0.014789954237708316	8	2	0.4296424938786172	1	1
GPD2	0.0027124658358472532	0.7477463681727681	4	0	0.42938272175654196	1	1
DNAJB6	5.583901185708532e-4	0.004524494858863914	11	1	0.42832993042992595	1	1
STAT3	0.004194346172236471	1	6	0	0.42824738590286904	1	1
FAR1	1.3468631931451258e-5	0.004925475910868467	9	1	0.42732248385895943	1	0.8333333333333334
MORN1	0.04516609086982943	0.3480462332225787	6	0	0.42522785703646493	1	1
SS18	0.001370479818773706	0.002261503226780196	7	1	0.42468947824009723	1	1
RNF31	0.0010587611117769073	0.14364440409210733	8	0	-0.42418455782317077	1	1
CFL2	0.005761913382140121	0.010627358583682413	6	1	0.423726130144182	1	1
SLC25A30	0.03422700858744064	1	14	0	0.42302144643570494	1	1
METTL14	0.00927363135695239	0.5779232298264818	8	0	0.42251951157989226	1	1
PATJ	1.0531674387656882e-5	0.08142369893648037	7	0	0.42188451518627534	1	1
STOX2	0.044916294515279925	1	4	0	-0.41976568798467906	1	1
TULP4	0.027268269908695856	0.0878433162284376	3	0	-0.4186919122501225	1	1
MLF1	6.54265454688671e-5	7.999596898092057e-6	5	1	-0.41814917991207234	1	1
ILF2	0.048692284948065365	0.8442166539433573	5	0	0.41749897312284523	1	1
MED6	0.04221711269390019	0.22372877253571957	8	0	0.417248665995823	1	1
ERI3	0.03364408493805025	0.9659157483734065	8	0	-0.41699266852749695	1	1
ATP11A	0.012444096728869288	0.8671937336070017	9	0	0.4166545202206332	1	1
FAM208B	0.0315526298047149	1	8	0	0.4156973283786134	1	0.8333333333333334
MANEA	0.00446578631330903	1	13	0	0.4143134991267853	1	1
TRIP4	0.0027921263561994807	0.7776105450444175	7	0	0.4109036725875159	1	0.8333333333333334
F8	0.044806522759494524	1	7	0	0.4108716617771361	1	1
MYL6	3.3783068446628806e-12	2.1711526752689868e-14	3	2	-0.4108502371305044	1	1
SEMA3B	0.00403604218146861	0.002760058254038638	6	1	0.41035156001326795	1	1
ATF1	0.04252012844262462	1	6	0	0.4102310150974457	1	1
TBC1D20	0.03834872056536495	1	10	0	0.40926408175149653	1	1
RRP12	0.022744106825556065	0.0011253585972606066	5	1	0.40880620551134783	1	1
RIPOR2	0.0018553331968266529	0.14863880614975003	5	0	0.40638328037549926	1	1
ADPRHL1	1.4729450304057168e-7	2.3936872594262172e-4	5	2	0.4062229433353832	1	1
CD47	0.00278726597611262	1.9065816693446873e-4	9	1	0.40544262266529324	1	1
VMP1	2.0998857338940064e-8	6.02771182580503e-4	6	1	0.4046299885505815	1	1
PTPRA	0.004313225734487781	0.23962224688276273	6	0	-0.4035975539935953	1	1
CCSER2	8.662910884089945e-6	1.3244372923243336e-5	11	1	0.40296038120463995	1	1
USP47	4.2040034544939145e-9	4.670134522562198e-5	10	1	0.40228264462695257	1	1
SLC44A2	0.001986957383312675	0.12976961876122137	10	0	0.40224106218816436	1	1
MYOZ2	0.00532330038090757	0.00194508221331508	4	1	-0.4021036941459909	1	1
CTNNBL1	0.029133835757429487	1	5	0	0.4013704296252572	1	1
RTN4	1.065199726283439e-6	1	14	0	0.4012748726446268	1	1
PTCD2	0.043700574224449854	1	6	0	0.39883338139349994	1	1
PLD1	0.005643732843702034	3.0121510677281734e-4	6	1	0.3985620047235372	1	1
RBM33	0.027263252945533098	1	6	0	0.39817583694254843	1	1
RIDA	0.013096846270586382	1	3	0	-0.39786486101827084	1	1
MBOAT7	0.03333674996730317	0.41010645765557713	3	0	0.3969266222771946	1	1
DHRS7B	0.02843944434362047	0.42644690797013945	12	0	0.39691595652490347	1	1
DUSP3	0.012270863373580477	0.05896088202403763	7	0	0.39686923098989757	1	1
AAGAB	0.012948018955490434	0.06338388420451979	6	0	0.3962759545925694	1	1
CCS	0.04483793094690824	0.35645647924350155	5	0	0.3957708514176077	1	1
RBM5	0.0018933453928176706	0.23611935151253202	13	0	0.39486777307218646	1	1
TPM2	6.780034535051136e-34	3.0567166896301066e-15	6	2	-0.3945196289970382	1	1
DIS3L	0.03422700858744064	0.6713344401685253	5	0	0.39409216840863504	1	1
RCHY1	0.0126171832102281	0.4197823208934926	6	0	-0.39263726268375954	1	0.8333333333333334
ASAP2	0.02752770962104089	0.29326339512293104	4	0	0.3918779907578078	1	1
PIK3CD	0.032450716262870744	0.6661417518715733	5	0	0.39128154465010756	1	0.8333333333333334
GOLT1B	0.034667185759316536	0.09861123682398691	3	0	0.3907650928012639	1	1
BECN1	0.02654190002786597	0.02855542061877089	10	1	0.3901120581912318	1	1
SEC31A	0.020353176629057033	0.089238843753626	19	0	0.3897486824129227	1	1
CLSTN1	3.818682999950426e-4	0.08342930059525323	7	0	0.3894133628973337	1	1
GAPVD1	0.030304959611031506	1	6	0	0.38928844536152196	1	1
DENND4C	2.3119357418185726e-5	7.784517103847094e-4	4	1	0.38890657689973607	1	1
LMAN2L	0.003066972365930292	0.7081790458774607	7	0	-0.38817713251181674	1	1
NCOA4	0.011743084185751209	0.006430245288107547	6	1	0.38774300626453195	1	1
METAP1	0.013715507078748876	0.013209629893450543	4	1	-0.3875890373613865	1	1
LRRCC1	0.005761913382140121	1	5	0	0.38734346431764505	1	1
ERI2	0.01883185515089575	0.0016367802631116902	9	1	0.3873315866077879	1	1
TRAF3IP2	0.042795196394418415	0.8159103451741997	6	0	-0.3873266607703981	1	0.8333333333333334
SPINT2	0.00711020776483552	0.0010745763037124873	4	1	0.38705419371550753	1	1
PPP3CB	0.014677572433952452	0.03400685808980576	7	1	0.3868255242330333	1	1
AK2	0.011503534920646262	0.04197412461099267	5	1	-0.3865984707970591	1	1
PARP9	0.029025265940435165	1	9	0	-0.38491258793406324	1	1
STAMBPL1	5.289098607640755e-4	1	5	0	0.3847907962489846	1	1
DCTN1	5.909056260165094e-7	2.388737882486078e-5	13	1	0.38412557233568756	1	1
RAB3GAP1	0.014458209326742867	0.08831188647150813	11	0	0.3839867457695819	1	1
NEXN	3.759075065970846e-7	0.03594511502338416	10	1	-0.3833109891869422	1	1
HNRNPH3	0.0025516605461588177	0.23792668067039072	12	0	0.38272354544456066	1	1
FAT1	0.005806180723260114	0.00016252502045803208	6	1	-0.38248603101097617	1	1
TMEM237	0.03433314096248157	0.02659383064410753	6	1	0.38095808155280947	1	1
TBC1D23	0.03485989978001538	0.797953136585525	8	0	0.3797758523336316	1	1
CUNH9orf3	0.0049555570917454664	0.003631129363557932	6	2	0.37878348918743	1	1
RINT1	0.00453996919882249	0.04035322930451458	10	1	0.3787254147261738	1	1
NUP98	0.026758795679911324	1	10	0	0.3785398267594088	1	1
ZSCAN23	2.158513698055184e-5	0.0048440823119094	11	1	-0.37839857793972315	1	1
CS	0.03236296241003677	0.15860084448653564	5	0	0.3780919965467966	1	1
DIP2B	0.028321779900824764	0.05122668188263606	4	0	0.3774326788739141	1	1
ACADM	0.01881743022640068	0.11347862720609185	4	0	0.3764401544015189	1	1
RALGAPA1	5.556243132967521e-8	0.033598490229259655	7	1	0.37487472099464414	1	1
USP19	0.013834738456524706	1	11	0	0.37458620178029667	1	0.8333333333333334
PIGN	0.010744936672844924	0.16560481873032176	5	0	0.37436762418646785	1	0.8333333333333334
CAMK2D	3.0703771531347187e-19	1.9714141847070577e-14	6	3	0.3742026102305448	1	1
SDCCAG8	0.017061219922632723	1	10	0	0.3739919410855166	1	0.8333333333333334
FSD1L	5.061193065610037e-4	1.8261009450661623e-4	5	1	0.3737846226979678	1	1
USP40	0.0011763187072967403	1	8	0	0.373277169736283	1	0.6666666666666666
ANK2	6.02821532022811e-19	0.00646880236741166	9	1	0.3732663608928243	1	1
LPL	2.693206088937619e-4	0.014490203027610496	4	2	0.37281180070532666	1	1
PHACTR1	0.026278839769463904	0.15176929835377162	5	0	0.37255342615511405	1	1
PAIP2	0.0014500732168771892	6.316473931706373e-4	4	1	0.3722962757152484	1	1
UPF2	0.04511819360287595	1	6	0	0.3714855485508765	1	1
METTL25	0.004205350456742831	1	15	0	0.37117249923006834	1	0.8333333333333334
GOT1	3.4718865882814195e-4	0.015239292648376267	6	1	0.37096327609015206	1	1
SELENOP	0.01640870759854894	0.07748888735931926	6	0	0.3709529434552504	1	1
SBF1	0.007680448190482514	0	2	2	0.37049848033882193	1	1
OBSL1	3.792742775269669e-5	0.0230025598785636	6	1	0.37035897206458	1	1
PDZD2	7.405869793627076e-4	0.17714706521347034	8	0	-0.37024775530039367	1	1
SCFD1	0.02499113656832804	1	13	0	0.3694809219086308	1	1
EPHA4	0.044224045604114914	0.034005409292548375	3	1	-0.369013864316934	1	1
ZNF8	0.032216691923998314	0	2	2	0.36776135510335295	1	1
SPG7	0.031976039487662596	0.28078291240507325	6	0	0.3670254385742246	1	1
PHKB	0.008185134769806422	1	10	0	0.36655470038621063	1	1
EIF4A2	0.002382352708579612	0.003715881455694419	6	1	0.36630512219548345	1	1
CUNH19orf47	5.073671230547459e-4	1	12	0	0.3658101229605583	1	1
EXOSC10	0.0016822327181640318	1	13	0	0.36521220166670776	1	1
KLHL32	3.1502121493064737e-6	0.0243121259448085	8	1	-0.36515202868989666	1	1
CTNND1	4.1558838865754803e-10	1	14	0	0.3650876291208939	1	1
EPC1	0.011540946026737352	1	6	0	0.36431374094066915	1	1
DHDDS	0.002036955947358687	0.4574916662035786	8	0	0.3641179472328015	1	0.8333333333333334
ARID1B	0.0029015767014568387	1	7	0	0.36382126417560073	1	1
SEPT10	0.0014272274697938565	0.017209689359610477	8	1	0.36323988926232204	1	1
SRSF2	0.012600630578459341	0.010948173685761531	5	1	0.3629695454508381	1	1
LOC113240981	6.585643955725428e-4	2.818525959738869e-5	3	2	0.3626530213827208	1	1
P2RX5	0.04466873407366627	0.803165795194921	4	0	0.3625536772470879	1	1
OLA1	0.018554392099163756	0.034635861592731305	5	1	-0.36220331786214954	1	1
PARP3	0.048793054051832735	1	9	0	0.36163295471155227	1	1
GRAMD2B	0.041134099708443665	1	3	0	0.36102179535237466	1	1
CRBN	0.00330588367470546	0.3394756775069184	9	0	0.36058990425437176	1	1
FGGY	0.023292089687196878	1	12	0	0.360143156079649	1	1
MTX2	0.003917952948507771	0.070552550739715	4	0	0.35978649855682754	1	1
EHBP1	2.5861841754627064e-6	0.009597109719788112	11	1	0.359621874426018	1	1
WHAMM	0.007281757811082167	1	7	0	-0.3594012757044803	1	1
NCBP3_ITGAE	0.03063160832634953	0	2	2	-0.35759199652372275	1	1
CLASP1	5.756306407930561e-5	0.028932786423133468	10	1	-0.35711353956754177	1	1
VWF	0.01236715360355157	0.1220624381767854	9	0	0.3569109988207683	1	1
RMDN1	0.02555715630323308	0.16011569227390937	9	0	0.35610392920566736	1	1
DCUN1D3	0.008625357386421928	1	5	0	0.35556914154457775	1	1
CREBRF	1.361317483508714e-4	0.005537069331394362	5	1	0.355134902627282	1	1
SENP5	0.03789856534780836	0.12823452189492177	8	0	0.35460646709854377	1	1
LZTS1	0.02331876011660433	0.5425289911574029	4	0	0.3539765271573591	1	1
COQ10B	0.028321779900824764	0.23597411318439748	3	0	0.35275635177350617	1	1
TUBB	2.877432416109583e-4	0	2	2	-0.352429042019651	1	1
WDR43	0.005761913382140121	1	7	0	0.35149719010628677	1	0.8333333333333334
LOC113246261	5.941783016442286e-10	1.8615267396166506e-5	12	1	0.3512550183947248	1	1
PFKFB2	0.02326043674803092	0.03305242244397267	7	1	0.3507556072094596	1	1
PAFAH2	0.010142364484054953	1	12	0	-0.35060457355714253	1	0.8333333333333334
SLC1A2	0.021059296311705354	1	6	0	-0.34905642600616793	1	1
ZNF207	0.00453996919882249	0.0029089091438271224	9	1	0.34882865579891514	1	1
ORC3	0.018928481240694225	0.240570607288344	8	0	0.3475457505146362	1	0.8333333333333334
PTK2	0.0012176862681428037	0.32229889371119985	10	0	-0.3472996191651606	1	1
MOCS2	0.03236296241003677	1	7	0	0.3472493990912618	1	1
GNPAT	0.041134099708443665	1	17	0	0.34709196129005915	1	0.8333333333333334
MAGI1	0.030862644309189984	1	11	0	-0.3470510115329963	1	0.8333333333333334
NFIB	0.0011818631239992501	0.11207030439818753	6	0	0.34592554074036796	1	1
MARK3	0.014358479360542896	0.2627242304543688	9	0	0.345590140800659	1	1
ARAP3	0.016883754462612147	1	9	0	-0.3453967150510797	1	1
COLEC11	0.027263252945533098	1	5	0	-0.3453875803550663	1	0.8333333333333334
LIG3	0.023662403451607607	0.2167975180123422	4	0	0.3451906469401966	1	1
GORASP1	0.00532330038090757	0.00260856035785607	7	1	0.3448772568390004	1	1
LOC113245319	6.047498032354134e-8	0.9142560598734908	6	0	0.3447753395475755	1	1
ARL15	0.0315526298047149	1	9	0	0.3438204898683504	1	1
DHRS3	0.04579590338775137	1	6	0	0.3438050034645411	1	1
POLD2	0.04597746782675859	0.028107133502188686	4	1	0.3437180126036584	1	1
MIA2	0.0045120767640903035	0.00876056854144562	13	1	0.3434113487712762	1	1
CSDE1	3.6460645280844786e-6	2.790089426418561e-7	11	1	0.34328519424121545	1	1
GUCY1A1	0.03433314096248157	0.023615058162596902	4	1	0.34326813676447643	1	1
NUP107	0.023386797109355713	0.008930569838073246	5	1	-0.3427081021586319	1	1
NAPEPLD	0.009239119668545733	1	7	0	-0.34186263958886953	1	0.8333333333333334
KANSL3	8.727333116264913e-6	0.7370560444489681	16	0	0.341735843146362	1	1
KIF1B	0.03298937255143768	0.07331711630643697	4	0	0.34111944819798545	1	1
PAK4	0.02953093910748359	0.10890724954265406	3	0	0.34099889979313003	1	1
RNF6	0.014648166955238505	0.03706600437235086	9	1	0.3402694815537116	1	1
PHKA1	0.0016106865902186184	0.2503366122457264	11	0	0.33975559803535843	1	1
ASPH	1.5192097067077356e-13	2.9208883358553845e-5	15	1	-0.33920144103713973	1	1
VPS33A	0.012948018955490434	1	4	0	-0.33824600851065856	1	1
PCYT1A	0.011637555091221405	0.3791525522006995	8	0	0.3374444069259238	1	1
GGA2	0.011540946026737352	0	2	2	-0.33739693078354316	1	1
EPS8	0.03814925234964588	1	10	0	0.33701706713602986	1	0.8333333333333334
PDLIM3	0.0330545087983823	0.004340112825242228	8	1	0.33694792161842757	1	1
KDM6A	0.04690434701473015	1	5	0	-0.33668199918934216	1	1
FBXL17	0.0183447857959788	0.1613990076008717	4	0	0.33617696743253167	1	1
NCK2	0.034994732921405404	0.1819016945651757	6	0	0.33595481739363986	1	1
LOC113261837	0.02299956657632978	1	12	0	0.33587903610370895	1	1
TPMT	9.107591741099818e-4	0.049933233928185036	7	1	0.3355146344729637	1	1
DOCK9	2.0523279686204422e-4	0.12236059559345007	13	0	0.3349700447644916	1	1
PTGES3	0.01014617992213375	0.007548688807355965	7	1	0.334718065127964	1	1
MAP4K4	7.974742687276319e-5	0.6308238207613777	10	0	-0.3342558561377095	1	1
SIL1	0.026434924868425552	1	6	0	0.3342530019262126	1	1
NBN	0.001375718340588137	0.008773485963680872	16	1	0.33416925734771924	1	1
GORASP2	0.006233724012278846	1	8	0	0.334022141347447	1	1
SESTD1	0.009390719667625403	0.990225559609262	12	0	0.3335444187354216	1	1
ATXN7	0.043412466069343666	1	7	0	0.3332570897105783	1	1
U2SURP	0.029079122592911077	0.10174203346402588	8	0	0.3330397129795836	1	1
SLC41A3	0.008009861806185636	1	7	0	0.33292588679235163	1	0.6666666666666666
PLEKHB2	8.727333116264913e-6	0.003976615045609163	9	1	-0.3324821866731939	1	1
LOC113256813	0.025707736646888902	1	6	0	-0.33243751589793274	1	1
MAST2	0.020686448423228233	0.028593301413338226	7	1	-0.3320982488351883	1	1
TBC1D1	2.5596431810665513e-4	1	13	0	0.3315144093581408	1	1
HNRNPA2B1	7.018923145617063e-4	0.010240030176172858	9	1	0.3312044887852422	1	1
GPAM	0.001852086669229072	1	16	0	0.33084915018887906	1	0.8333333333333334
PPP1R10	0.0013924498414813057	0.0699941330261739	7	0	0.3300552770816778	1	1
CCNT2	0.00563228619042413	4.961603753567617e-4	10	1	0.3283966607808827	1	1
GGA1	0.02376373966897497	1	5	0	0.3282184266544514	1	1
ENSA	5.687913057041374e-4	2.0973211270296848e-5	6	1	0.327938133359367	1	1
SH3GLB1	2.3730341779928135e-5	0.01070745795513771	7	2	0.3277537861846632	1	1
NCOR2	0.041134099708443665	1	8	0	0.32756190762008874	1	1
CEP120	0.004119224106727611	0.7615378184442883	6	0	0.32694056132132326	1	1
EPS15	2.9050575728124087e-7	0.005490384848930358	12	1	0.32617481916824514	1	1
LOC113270817	0.0429711851293863	1	9	0	0.3257399456618654	1	1
DYNC1LI2	5.83926882577665e-4	0.010166996721039883	5	2	0.3255110012968787	1	1
S100PBP	0.005761913382140121	1	12	0	0.3252286299645036	1	0.6666666666666666
PFKM	0.029079122592911077	0.9687728760748683	9	0	0.3247910716049917	1	1
TBL1XR1	0.010792335814547938	0.47841604619948214	10	0	0.32437487143175936	1	0.8333333333333334
TIAL1	0.0018632037340606954	0.8821444927257246	11	0	0.32424908480877257	1	0.8333333333333334
SERINC3	1.7875626691646354e-4	0.1449232813674478	8	0	0.3242028302422687	1	1
ABI1	4.209474231932359e-6	1	13	0	0.3239932584164178	1	0.8333333333333334
UBE3B	0.04511819360287595	0.08856785528869442	5	0	-0.3232264569309118	1	1
RBKS	0.021487406066122844	1	8	0	-0.32256638812278204	1	1
SEPSECS	0.023756409057098603	1	6	0	0.3223791284579768	1	1
AAK1	2.4854686309576396e-4	0.005838248098807997	14	1	0.3221286401041489	1	1
PDCD6IP	0.027306032682092377	1	12	0	0.3215497697083066	1	1
NCBP1	0.047519304638153695	0.5035977284587366	9	0	-0.3212029215298868	1	1
CBX3	0.038499889829700734	0.17067169817928765	4	0	0.3209940888042109	1	1
MPDZ	0.023333864078931517	0.03744601853022733	11	1	-0.32086310001956647	1	1
OTULIN	0.02630035694635423	0.1622330216983522	4	0	-0.3207730205953763	1	1
THNSL2	0.006541101704984043	1	11	0	0.3203746069135508	1	1
NDRG2	5.814225042220353e-13	2.420702362811891e-6	4	2	-0.3203177012605103	1	1
MAP3K20	5.909056260165094e-7	7.674983566788052e-6	4	2	-0.319869699657457	1	1
EMID1	4.820638259568251e-4	1	7	0	-0.31980401082717685	1	1
MFSD14A	0.03422700858744064	1	7	0	0.31966279026000943	1	1
NUDT4	0.034844556193586174	0.2246315740116862	3	0	0.31896932953107293	1	1
HUWE1	0.005331640256791201	0.19788252588892166	8	0	0.3187177171591802	1	1
VAPA	0.0018933453928176706	0.019030530046144672	4	1	0.31844034521225806	1	1
THOC5	0.015401408953232316	1	9	0	-0.3180221745840491	1	1
IST1	0.04702384702742126	0.04978557465186613	8	1	0.31789185937886216	1	1
MATN2	0.04283779459977095	0.26462429995009634	7	0	-0.3178909309402833	1	1
OXR1	1.7396242862375698e-4	0.018251806796779943	10	1	0.3177436510433064	1	1
HSPA14	0.04059635010454137	0.5711880458093272	8	0	0.31748698243142237	1	1
RBFOX2	0.02699185671584148	0.31489595973904355	13	0	0.3172864295583355	1	1
MFGE8	0.002382352708579612	0.9515328148948241	8	0	0.31598510840051786	1	1
IKZF5	0.024310204613566318	0.28629694974421077	6	0	0.3153828232024297	1	1
NXPE3	0.04690434701473015	0.8098007088570381	5	0	-0.31487579530112053	1	1
PPP2R3A	1.0290172864392723e-10	0.008576880611071402	12	2	-0.31435549851124395	1	1
HERC1	0.0027124658358472532	0.012157699734805726	13	1	0.31431956918006815	1	1
SBDS	0.04597746782675859	0.10221888433778901	6	0	0.3142991287004091	1	1
AQP7	0.004988566914376543	1	13	0	0.31406767716180456	1	1
AHI1	0.004194346172236471	0.2585371394227649	11	0	0.31396919710069343	1	1
TTN	6.80870057390771e-9	9.458570158551824e-4	11	1	0.3139633660100951	1	1
SLIT2	3.680975344155221e-4	1	9	0	0.31393592028391243	1	0.8333333333333334
LSP1	0.011669911909329853	0.0012621694195316	5	1	-0.3139171476504491	1	1
DDX46	0.022094982479209737	0.468211493900996	10	0	0.31313342100410335	1	1
QARS	0.046484484320846585	0.6483465641591495	4	0	0.3126247632996104	1	1
ACSF3	0.017265540647234796	1	9	0	0.31131671849642734	1	1
CCPG1	0.002730558432272754	0.13717779328436464	8	0	-0.3110082365405365	1	1
ACSL6	1.8635351117616527e-6	1	3	0	0.3108555412226202	1	1
LOC113253334	0.003765917200566443	0.8354751434837314	9	0	0.3098972652209296	1	1
LOC113251315	1.2877132057299384e-4	0.12094110348084201	13	0	0.30937431919596303	1	1
ALDH3A2	1.4066109012206293e-4	0.013593733213025759	16	1	0.30917072494709	1	1
GAB1	7.77464513504325e-7	0.028810244621890992	6	1	0.30887652951618033	1	1
ATP9B	0.03305010670494607	1	9	0	0.3088037625894299	1	1
RAPGEF3	0.005806180723260114	1	16	0	-0.3084309672538414	1	0.8333333333333334
IMPDH2	0.0016659737846708596	0	2	2	-0.30794474024389107	1	1
MTO1	0.0387371927791046	1	9	0	0.3079147183738494	1	1
TIMM21	0.014530283028133016	0.4853850264204874	3	0	0.3067458268818014	1	1
CPED1	0.011780959278566143	1	12	0	0.30614280003512445	1	1
TFRC	0.010792335814547938	1	7	0	0.30601864719412514	1	1
SLTM	0.020881169186605892	0.040615726722798236	5	1	0.3054915318814157	1	1
INTS6L	0.03933555697541582	1	10	0	0.30494630792005206	1	1
ZMYM4	0.010241153709854513	0.4370322272660767	7	0	0.30478184965968763	1	1
NCOA6	0.007535976962468939	0.6016536226651513	5	0	0.3047140072824459	1	1
EXOC1	6.589049923572251e-5	0.06432026791055825	8	0	0.3046773600919029	1	1
LOC113265291	0.014527595139057785	0.06487426218040908	5	0	-0.3036270626139748	1	1
MBNL2	2.6506920510541295e-4	1	11	0	0.30299047325473816	1	1
STK3	0.011101715350269846	1	9	0	0.3025586122167647	1	1
DAG1	0.00810009137407473	1	7	0	0.3022833937778837	1	1
ALDH1L1	0.0026534555035341457	1	13	0	-0.30211534877954094	1	1
LRRC41	0.025190584213869417	0.6854690878381672	4	0	0.30205845980798474	1	1
RBM6	0.002461968947658399	0.17077995680714134	14	0	0.301967601053339	1	1
EXOC2	0.027759217634213837	1	13	0	0.30166070612076323	1	1
LDB3	3.601853133948108e-12	0.9399211469181996	11	0	-0.30161966674814666	1	1
CEP350	0.03181279851559265	0.2332442492357544	4	0	-0.30116900315755446	1	1
ARFGAP2	0.01236715360355157	1	11	0	0.30114283520961177	1	1
FYN	0.017071407705619095	0.8503668236966382	8	0	0.3008230400513588	1	1
RABGAP1L	4.1984777060537747e-7	1.3647446163511471e-7	5	1	0.3007319768186676	1	1
CNST	0.04640081170143779	0.4295539208467464	9	0	0.2993115432600671	1	1
VEZT	2.1433473244158828e-4	0.18317374213656884	11	0	0.29927097128272673	1	0.8333333333333334
RCBTB2	0.008207351091035299	1	12	0	-0.29908005511647884	1	0.8333333333333334
CD99	0.03961731506617926	0.018816178384316498	4	1	0.2987637963327022	1	1
N4BP2L2	4.823590390150895e-18	8.148625106407715e-7	9	2	0.29783416553845654	1	1
WARS	0.014972883264292833	1	10	0	0.2977304715416732	1	1
AFAP1	0.04781654350240259	0.44592841471170985	5	0	-0.297233360389366	1	1
SLC25A37	0.01421371086872534	0.059952064128099995	9	0	0.29651898897380713	1	1
LOC113262222	0.0049555570917454664	1	7	0	0.2958839500418532	1	1
ARMT1	6.721302414291287e-5	0.0547291109277271	7	0	-0.29585207777941147	1	1
LOC113247886	0.026826956859798502	1	7	0	-0.2957483848506718	1	1
AARS	0.03429404105961447	1	7	0	0.2951871864828137	1	1
FUBP1	0.01014648305282094	1	16	0	0.29472228431720965	1	1
MAPRE2	3.841182962882603e-5	2.520366312436061e-4	7	1	0.294626754940834	1	1
SLK	7.604677252265459e-4	2.6987631770141204e-5	3	1	-0.29328365391961553	1	1
TFB2M	0.019912540077801764	1	7	0	0.29291348948157636	1	1
JKAMP	0.03220902603472691	1	10	0	0.2925037986550589	1	1
DLAT	8.713997671376426e-4	3.3933388569727096e-5	4	1	0.29168123708495314	1	1
RNF207	0.04412842011724346	0.3022171613379447	4	0	0.2910951055598697	1	1
NCOA3	0.012948018955490434	0.8106084112762555	3	0	0.2909890447357948	1	1
CLIP1	7.501439152265395e-9	0.484808541411951	13	0	0.29079683256940353	1	1
KIDINS220	1.6381080768926296e-4	0.7337962792395243	12	0	0.29076441550720566	1	1
PI16	0.022829486171388868	1	8	0	0.2905407699461043	1	1
ARL8A	0.01700332733561675	1	5	0	-0.2905310421416941	1	1
EXOC6B	0.04412842011724346	1	10	0	0.2903973302219743	1	1
RPS24	2.679787925305086e-4	0	2	2	0.29036578935855706	1	1
CALM3	0.00446578631330903	0	2	2	-0.29019243640379944	1	1
SMAD3	0.011847531557434897	0.9981047645123741	7	0	0.2901341265449991	1	1
BTBD1	0.010655644534944917	0.00389685928136716	4	1	0.28946498534674947	1	1
ATP11B	1.0836514058455501e-6	0.06279221547787124	6	0	-0.289294619944285	1	1
DNASE1	0.03762525802778163	1	10	0	0.28877620173836915	1	0.8333333333333334
LOC113264906	4.6664129776360447e-4	0.21923851120424845	7	0	0.28828780792714004	1	1
HP1BP3	0.012600630578459341	0.05431512841157309	8	0	-0.288166381704464	1	1
PRKAG1	0.028931077438354852	1	6	0	0.2878933184026331	1	1
ASPSCR1	4.794626565238906e-4	1	15	0	0.28717521378776634	1	0.8333333333333334
LIMCH1	2.2039047183176498e-5	1	9	0	-0.28635427785944795	1	1
ZNF641	0.014550942753655993	0.668731506511561	3	0	0.2854992087891507	1	1
NFX1	0.0051118563125326115	1	10	0	0.28540348097085866	1	1
RGS3	0.006918289422314501	1	9	0	0.2853998529132127	1	1
LANCL1	0.008113621239724249	0.45537626154440436	5	0	0.2851150557938882	1	1
FBP2	0.022642761903426647	0.06459907822564581	3	0	0.28500761790485263	1	1
FAM118B	0.0019094544751862737	0.03193524945265086	9	1	0.28479567403635975	1	1
SECISBP2L	0.005761913382140121	0.12422424130082863	6	0	0.28442102620978965	1	1
NRF1	0.04490568243199567	1	8	0	0.28439280888657165	1	1
POMT1	0.04652187183034237	1	13	0	0.2840487789434645	1	0.8333333333333334
HIPK3	2.3119319677632395e-5	5.49722851534561e-7	6	1	0.28367446113693323	1	1
LOC113243473	0.045587573717792734	0.9642441870904505	5	0	0.28322990976798396	1	1
COQ3	0.011513697625295262	0.05564086253741394	7	0	0.28269291953915476	1	1
SLC25A13	0.0043526543812291716	1	9	0	0.2825676571946539	1	1
GNA13	0.0028098127461403254	7.69128594073378e-4	3	1	0.2824363102236373	1	1
PLEKHA6	0.03267901769468409	0.3896532622672749	9	0	0.2823043503002289	1	0.8333333333333334
UBA3	0.03236296241003677	1	6	0	0.28189999411929073	1	1
CROT	0.003951565490633341	0.15757249217231456	12	0	0.28183636067217954	1	0.8333333333333334
ELP2	0.02499113656832804	1	6	0	0.28164007444232875	1	1
DCUN1D2	3.1858082339026214e-5	0.021475418380689292	22	1	0.2813841211298155	1	1
ATP6V0A1	0.03313818440301869	1	15	0	0.28125446013257127	1	1
KANK1	3.3584683958804715e-5	0.3700004807825037	14	0	0.28049838174947384	1	1
CEP78	0.0449541302683249	0.07719121387520765	5	0	-0.28036978901368265	1	1
ISCA1	0.008959747547557384	0.01397976882433715	4	1	-0.2802140200369926	1	1
GOLGB1	0.0021320826666456636	0.963550906157931	13	0	0.2800573102798452	1	1
LOC113247381	0.023905920742647146	0.008225758998037251	3	1	-0.28001051740571203	1	1
DLD	0.0016056897362856167	0.004450456701057453	5	1	-0.27882438650143493	1	1
MATR3	1.5829587377040578e-4	0.009322326780251447	8	1	0.27877338307503474	1	1
NMT2	0.03429404105961447	1	8	0	-0.27870543939409387	1	1
RSRC2	0.00555209743493586	0.17390294827642777	12	0	-0.27742831810128304	1	1
HERC3	0.012621148691395113	1	16	0	0.27722970076699055	1	1
MICU2	0.014567966981069755	1	9	0	0.27707628624237324	1	1
MMD	2.432325622377484e-5	0.0012761130429769193	10	1	0.27636737139696155	1	1
RALGDS	0.04949158486705966	0.2507940868620324	4	0	-0.27634557984094926	1	1
PLEKHM3	0.00912635010759723	1	6	0	0.2757255651880797	1	1
ESYT2	1.3468631931451258e-5	0.005542973852767526	10	1	0.27566818100130996	1	1
PAFAH1B2	0.0014942669429955655	0.007981315359231623	6	2	0.275472552212172	1	1
RASGRP3	0.02636608442174944	1	8	0	-0.2749508566557789	1	1
COPA	0.012948018955490434	1	11	0	0.27484498976427596	1	1
SNRK	0.03006894564363063	0.013428401697527586	6	1	0.2747865518129149	1	1
SPATA13	0.00309125234592757	0.023655597281360075	5	1	-0.2744605119399953	1	1
XRCC5	0.002752583649496833	0.08217039703548448	8	0	0.2742846807661289	1	1
FBXL5	0.0017378979861964836	0.13790028530124213	9	0	0.2740937604416101	1	1
IFI44	3.637881099313758e-4	0.3008776444349985	10	0	-0.27377854140410063	1	1
MAP4	3.5844575248427373e-10	0.0398649293443742	14	1	-0.2735351167136685	1	1
KIF1C	0.04807945091666403	0	2	2	0.2727227587710424	1	1
ASAH1	0.01560692838413183	1	10	0	0.27258650122004946	1	1
SH3D19	2.901516562532453e-4	1.8920520352942293e-4	6	1	-0.27213818962244035	1	1
MAP1LC3B	8.456130811260286e-4	0.0011593160919199177	4	2	0.2716143612590126	1	1
BNIP2	9.093066841572616e-4	0.25142757234577495	8	0	-0.271342795064043	1	1
RILPL1	0.03364408493805025	0.04456761628634612	3	1	-0.27049220320035516	1	1
RAB3IP	0.03305010670494607	0.45530995930794704	10	0	0.2702451415928747	1	0.8333333333333334
COMMD3	0.027667450929148737	1	4	0	0.2701806202693463	1	1
MTHFR	0.03510082283146641	1	10	0	-0.26893351819098754	1	1
CHTOP	2.988563449424695e-9	1	17	0	-0.26891671586324856	1	1
DYSF	0.002421670225540317	1	14	0	0.26876300976265755	1	1
LOC113261754	0.002973291198695055	0.14082852877168153	4	0	0.2686716554666027	1	1
ASCC3	0.043853741064777844	1	10	0	0.2681285179297822	1	1
AKAP13	3.616995745141799e-4	0.0011890866502828913	13	1	0.26721700702755735	1	1
PIAS1	0.025200848178841984	1	5	0	0.2670835656594416	1	1
KLHL31	0.01810123167801045	1	7	0	0.2656477245955752	1	1
ARIH2	0.02699185671584148	1	8	0	0.2647338556180284	1	1
RNF20	0.010423899305512923	1	8	0	0.2636221078785861	1	1
CNTRL	0.002151630882241762	1	9	0	-0.26305008405535096	1	1
MITF	0.026085337207413413	1	8	0	0.26271365622761733	1	1
RPRD1A	0.008192537111660243	1	13	0	0.2625014253323206	1	1
KANSL2	0.009102612219235645	1	15	0	0.26171634979672065	1	0.8333333333333334
NADK	0.019502024880102574	1	6	0	0.2613723925705237	1	1
NFE2L1	0.001671096869050521	0.002437268249029044	6	1	-0.26073536138775266	1	1
OGT	0.038430233312051476	0.4401457858061914	5	0	0.2605711284126172	1	1
RASSF4	0.01640870759854894	1	10	0	0.2603415315039381	1	0.8333333333333334
GPAT4	7.750020742770133e-9	1.0537528549879632e-5	9	1	0.2601406256433437	1	1
RBL2	0.020039401854845852	0.3692122014236606	11	0	0.25985336447104057	1	1
ENAH	0.005130229827110524	0.9381595951411049	6	0	0.25915475590937415	1	1
GPBP1L1	0.030835863891119614	1	13	0	0.25911109167235735	1	1
MAP7D3	0.0031421870432134106	1	12	0	0.25895904932618174	1	0.8333333333333334
CUNH9orf64	0.022514671121283154	1	6	0	0.25889691226397493	1	1
USP53	0.005924514871963093	0.11517562441383865	6	0	0.2588074432500308	1	1
CHIC2	0.015697210894280042	0.9366369145781008	8	0	0.2583160068585551	1	1
RXRA	0.006233724012278846	1	3	0	0.2579803959209256	1	1
LOC113247645	0.007620902549787897	0.0022700828912890865	8	1	0.2579475501949013	1	1
PSPH	0.02413961082114057	1	8	0	0.2577499721296016	1	0.8333333333333334
PECAM1	2.9625984181585275e-4	0.009844798474979781	7	1	0.25769225307883037	1	1
IPO11	0.03578317903695194	1	16	0	0.2576762692234168	1	0.8333333333333334
CSNK1A1	2.110328418504417e-11	6.982242142416033e-7	9	2	0.25764275866195163	1	1
CD99L2	0.04412842011724346	1	9	0	0.2575436603506299	1	1
DNMT1	0.0055805046090645506	0.30882358677451194	3	0	-0.2571769194008638	1	1
WNK1	2.0622050069520444e-6	0.0039600592745996244	12	1	0.2560571836508404	1	1
FUOM	0.001177817097204722	0.047054135131723705	7	1	0.2559244120909788	1	1
SLCO3A1	0.04637310834728804	0.7111474729859524	4	0	0.2556682742292494	1	1
OSBPL8	5.040373144262479e-4	1	17	0	0.2550351050712526	1	1
ALPK3	0.0062352205928612615	0.0021535277885874806	5	1	-0.2545253316432286	1	1
WDHD1	0.032827728439488606	1	4	0	0.25449419009173613	1	1
SLC30A4	0.02555715630323308	1	3	0	-0.2540391365700563	1	1
AS3MT	0.009811165193647886	1	12	0	0.2539352124257506	1	1
ABCB7	0.014110983463012138	1	7	0	0.2539060248552226	1	1
NF2	0.011847531557434897	1	8	0	0.2535536968118467	1	1
STX17	0.006643317519121771	1	10	0	0.2532813471927591	1	1
RBM12B	2.0541455718447486e-4	0.31297102636685764	12	0	0.2529635602047807	1	0.8333333333333334
IDE	1.3437948271977227e-7	0.002066070656697512	4	1	-0.25289651096009097	1	1
EPB41	0.021978351617616326	1	11	0	0.25229062103068717	1	1
CRNKL1_LOC113258304	0.018346025095671188	0	2	2	-0.25212581758913244	1	1
NFE2L2	0.026085337207413413	0.43646591473854823	8	0	0.25194033285734696	1	1
FXR1	5.638227170990244e-13	0.008225013485506869	12	1	0.2513860585131025	1	1
SPTAN1	1.2951097875095298e-13	2.18077751070273e-5	9	2	0.25097699885753544	1	1
SMAD4	0.04936388849954031	1	8	0	0.2505038855672129	1	1
POPDC2	9.94137520843384e-4	0.05827870920651743	4	0	0.24993085245352628	1	1
TEX10	0.023454139361995547	1	8	0	0.2494280771495275	1	0.8333333333333334
TBCK	0.006777460133393033	1	7	0	0.24940241525061768	1	1
LOC113265233	0.017514140165870003	1	16	0	0.24881576873591052	1	1
GOLGA4	6.177581431871278e-4	1	11	0	0.24869124863571915	1	1
SERPING1	0.043853741064777844	0.5883780129435413	6	0	-0.2482336641675824	1	1
NCKAP1	6.615522553063491e-4	0.01559361235112958	6	1	0.24662947939581426	1	1
CSNK1D	0.002435596178451518	0.34742086265754885	8	0	0.24652046478277012	1	1
ZNF106	6.751672816600936e-4	0.3916916676891492	7	0	-0.2446962386170466	1	1
RASGEF1B	0.024390235133926946	0.10622900361169851	5	0	0.2437555978693798	1	1
YTHDF3	5.131461376079528e-5	1	11	0	0.2435369491188598	1	1
HNRNPA3	0.03429404105961447	1	10	0	0.24344390327706686	1	1
SRP72	0.04232101812995031	1	7	0	0.24343782471499534	1	1
ZRANB2	0.03485989978001538	1	8	0	0.2432284998082728	1	1
PACSIN2	0.016573562637447487	1	15	0	-0.24303857478757054	1	1
CAMK2A	0.03298937255143768	1	8	0	-0.2428748323118113	1	1
DPM1	0.013034049702672757	1	3	0	-0.24238383264842386	1	1
PPIP5K2	6.758573743532247e-4	1	12	0	0.24175576457859146	1	1
MACF1	1.2808060161952423e-4	0.01208340367897973	9	2	-0.24122310256863186	1	1
IREB2	0.01811176229587525	1	6	0	0.24041675512622984	1	1
SNX5	0.013715941267170928	1	6	0	-0.24031080720561407	1	1
METTL3	0.00456623243645581	1	13	0	0.2403094446864262	1	1
COPS3	0.013715941267170928	0.9044253960083151	8	0	0.23990860010837028	1	1
IKBKG	0.017601234467563613	1	10	0	0.23959121972047723	1	0.8333333333333334
DST	1.629974587744804e-38	2.972286473062249e-11	20	2	0.2390269659329769	1	1
UROS	0.00994983154613412	1	12	0	0.23842434375304955	1	1
FILIP1	2.4707475926946096e-4	0.05243598297751293	4	0	-0.23723721526286762	1	1
GYG1	5.813667684822959e-5	0.0026351668479904513	7	1	0.236454333746259	1	1
LAMB2	0.011780959278566143	0.2694803845053858	8	0	0.23636108148714347	1	1
SNX19	0.016388776716560405	0.16993114102775295	6	0	0.23507659528227376	1	1
ATP2B4	0.022675267417487318	0.03753673822224615	11	1	-0.23499191727294144	1	1
ALMS1	0.03305010670494607	1	8	0	0.23273584897540062	1	1
CDC37L1	0.03527700883124746	0.28639729941480835	4	0	-0.23263493467873053	1	1
SORBS1	9.631080622659799e-11	0.06959620286420516	15	0	-0.23259388128861655	1	1
CLK4	0.013715941267170928	0.13116224597263867	18	0	-0.23255730751633988	1	1
FAM129B	0.0481749624759447	0	2	2	-0.23255620998803864	1	1
ARHGAP24	0.0010018724722020093	0.1624855584141117	7	0	0.23249465055828492	1	1
CNOT4	0.007938081881825314	1	12	0	0.23183242069943089	1	1
PAM	8.712808277598414e-10	0.29097227935381703	11	0	-0.2307777298030463	1	1
APPL2	5.471091021836756e-5	0.7721140697719285	13	0	0.22929006629467727	1	1
BICD2	0.010298030171438932	0.03232323080425799	3	2	0.22927751969393767	1	1
PDXK	0.01700332733561675	1	3	0	0.22793449570152657	1	1
SHMT1	0.046668525245536316	1	13	0	0.2277523946414126	1	0.6666666666666666
HIBADH	0.01571987205813342	1	9	0	0.22758819705753594	1	1
DDX24	0.027263252945533098	1	6	0	-0.22751641867751066	1	1
HIF1A	1.992836305914504e-4	0.5011759683163731	11	0	0.2273971374392565	1	1
TTC3	0.013219357051236466	0.003915134920831939	11	1	0.22643464057347998	1	1
TARDBP	0.03780972148566142	1	6	0	-0.22500795438030038	1	1
ACAD11	3.7765607929890625e-10	0.02022752166080451	7	1	-0.22414819860324253	1	1
GART	8.884503468918599e-5	0.6196276986649661	14	0	0.2239385063876995	1	1
CDK10	0.008207351091035299	1	9	0	0.22290713902349663	1	1
NDUFS1	1.4578016594924036e-4	0.2126011019616719	8	0	-0.22285314701619174	1	1
USP11	2.0541455718447486e-4	0.015366470395346379	13	1	0.22270261215662124	1	1
LTBP1	1.7248898439848636e-4	0.014604488785332792	8	1	0.22153661802378422	1	1
OGDH	0.013783627103537525	0.33202181664948494	6	0	0.22143813484340907	1	1
RHOA	0.008625357386421928	0.4137367060087324	4	0	0.22127478693784802	1	1
SFT2D2	0.011693800467993945	0.44060210313079545	8	0	0.22082091332150197	1	1
LTN1	0.006991461634153294	1	9	0	-0.2198701146312486	1	1
KIAA0319L	0.012948018955490434	1	10	0	0.21953985784437505	1	1
MRPL39	0.008093702247157658	1	7	0	0.21862949517994923	1	1
TMEM131	0.026085337207413413	1	3	0	-0.21807377025881725	1	1
ANKMY2	0.036147662820011014	1	8	0	0.21722906976486545	1	1
COG1	0.003411607475166433	1	11	0	-0.21718990582444914	1	1
GMPS	0.003031168953081044	0.13954141778588913	6	0	0.21711773666017053	1	1
RELCH	0.026260545235715676	1	11	0	0.21694841901644513	1	1
COL15A1	0.04640081170143779	1	10	0	-0.21688092768535475	1	1
PRPF40A	0.01086669403310572	1	7	0	0.2158981761317582	1	1
PRKG1	0.027759217634213837	1	5	0	0.21556234906641786	1	1
LOC113270188	0.005550428784330953	1	8	0	0.21538299051404364	1	1
IFI44L	0.00277997311496236	1	16	0	0.21531304887104338	1	1
USF1	0.014110983463012138	1	13	0	0.21416191731633602	1	1
HNRNPM	5.271608470651898e-5	1	10	0	0.2139694951807633	1	1
COPS4	0.04412842011724346	1	7	0	0.2123845570736287	1	1
ANK3	3.769979613934229e-8	0.001342966265448077	8	2	-0.21142848928006952	1	1
FBXO21	0.001986957383312675	1	10	0	-0.21122254812882538	1	1
INPP5K	0.021592478302198022	1	6	0	0.21093472076203335	1	1
SMARCC2	0.02371785770593497	0.055501717929732006	5	0	-0.21020321464723715	1	1
TLN2	0.032777284784952676	1	11	0	0.20960134548915946	1	1
ARNT	0.006350131486580977	1	12	0	-0.20917319807472318	1	1
SEC31B	0.04640081170143779	1	19	0	0.2088319275992903	1	1
DECR1	0.04221711269390019	1	8	0	0.20848950967041835	1	1
MKLN1	2.662287133453277e-5	0.11710721733798171	10	0	0.20841634854730456	1	1
NDUFA9	0.022744106825556065	1	4	0	0.2080968741617364	1	1
NASP	0.0034647225826472446	1	6	0	0.20700695620515752	1	1
GHITM	0.03823857778685191	0.15673339609427758	5	0	0.20680805120047246	1	1
ATG9A	0.023662403451607607	1	18	0	0.20639692580096122	1	0.8333333333333334
PPP2CA	0.03204074167472328	1	8	0	0.2051246446585867	1	1
ARFIP1	0.010423899305512923	1	18	0	0.20499919795861568	1	0.8333333333333334
UGP2	0.04597746782675859	1	10	0	0.20494108981482073	1	1
TSC22D3	0.03267901769468409	1	7	0	0.2042499368618585	1	1
SYNE1	4.13941520209598e-6	1	14	0	0.20311178950258232	1	1
LOC113267793	0.026166199154439424	0.45185978646476815	7	0	0.20207038254101073	1	1
ARHGEF10L	3.056367227600458e-4	0.12485828074523889	7	0	0.20194859703854956	1	1
MYO18A	0.0017378979861964836	1	10	0	-0.201361996952486	1	1
SNX2	5.471091021836756e-5	1	7	0	0.20135546123912984	1	1
VCL	0.005842675412551846	1	6	0	0.20129067890279229	1	1
C2CD5	0.002540247027126117	0.5251980599602926	17	0	0.20115563682239257	1	0.8333333333333334
TNS1	0.004123402552711819	1	9	0	-0.20051885141491477	1	1
VNN1	0.013715507078748876	1	9	0	0.19983965601820844	1	1
RAB7A	0.027667450929148737	1	7	0	0.19954594010494697	1	1
SYTL2	0.0010471087934827805	1	8	0	-0.19935018698704765	1	1
DNM2	7.839958002739588e-9	1	9	0	0.19743077431032333	1	1
TEP1	0.013452628328821423	0.06170811089192558	3	0	0.1972420541626977	1	1
RB1CC1	0.01014648305282094	0.339706208566407	8	0	0.19722050526128174	1	1
FAM120B	0.001197069445547691	1	10	0	0.19707793726909534	1	1
FAM13B	0.0015757697089852766	1	9	0	0.19598854284803668	1	1
GOLGA1	0.03135645455111515	1	5	0	0.19598391348871536	1	1
ITGA5	0.04911111439480188	0.5383459060619629	7	0	0.1938879387905299	1	1
ADRM1	0.01245454141270483	1	13	0	0.19309795479998654	1	1
NADSYN1	0.043700574224449854	1	10	0	0.1930023607268463	1	1
CUL4A	0.0045120767640903035	0.4604831796298204	4	0	0.19290136873375063	1	1
PCBP2	5.471091021836756e-5	1	13	0	0.1925149576369301	1	1
SLC25A44	0.04847068204270347	1	6	0	0.1924066627230006	1	1
RAB14	0.01726924030165216	0.012403898042165839	7	1	0.19194948375139548	1	1
LARP1B	0.013162156868303463	1	14	0	0.19129899267439934	1	1
STAG2	0.0013485229989460656	0.446857305012978	14	0	0.1911723147650922	1	1
APLP2	0.03364408493805025	1	11	0	0.19093553060254942	1	1
TARS	0.016811014862953267	0.28739460766476654	8	0	0.19017282702386046	1	1
ETFDH	0.03316172101243048	1	11	0	-0.1899241835521287	1	1
WWP1	0.01726924030165216	1	14	0	-0.18980307680974087	1	1
PSME4	0.01881743022640068	1	7	0	0.1892061824570378	1	1
HSPA4	0.025190584213869417	1	7	0	0.18875458685761393	1	1
ZBTB38	0.028495129698892934	1	14	0	0.18864795852185992	1	1
RANBP3	0.027268269908695856	1	13	0	0.18765300159115464	1	1
LOC113250365	0.018346025095671188	1	15	0	0.18664598631109622	1	0.6666666666666666
YBX1	6.375374757803959e-4	0	2	2	-0.18524775321386389	1	1
EEA1	0.02037591172413585	1	8	0	-0.18524220527542218	1	1
CLASP2	0.001188917185820005	1	19	0	-0.18479677275836087	1	1
DCUN1D1	0.03221557379215345	1	13	0	0.18474392091047087	1	1
GTF2H1	0.001456356260223239	1	11	0	-0.1846029761211136	1	1
NIPA2	0.021759010723863527	0.03473595384169965	9	1	0.18444663191273114	1	1
ND4	3.9291234481250633e-4	1	3	0	-0.18307007828138122	1	1
ND5	0.030937239969455712	0	2	2	0.1819479220703394	1	1
CAST	9.899169987727669e-7	1	13	0	-0.1816495727342259	1	1
KLHDC2	0.036752379817995125	0.2376661962877066	3	0	0.18160686627701372	1	1
ANXA11	0.009580750229838205	1	12	0	0.18158721331667427	1	1
IDS	7.719363600451847e-7	2.2677749120307274e-4	5	1	-0.1806176365440563	1	1
DARS	0.001375718340588137	1	11	0	0.17924142867016454	1	1
SUPT16H	0.034660579405145754	1	4	0	0.17904307588900328	1	1
MARF1	0.00532330038090757	1	12	0	0.17887830663766172	1	1
TSPAN12	5.118905057865902e-4	1	15	0	0.17841723368195583	1	1
PHF14	0.0032608992349801697	1	11	0	0.17748281291951662	1	1
IWS1	9.467799596594974e-4	1	12	0	0.17590694728803374	1	1
HDLBP	0.04932966435830753	1	11	0	-0.17476470173587536	1	1
NRDC	0.042795196394418415	1	12	0	0.17472856606613307	1	1
MBNL1	3.626888530371459e-4	0.01164517971746967	14	1	0.17350218593515493	1	1
DYNC1I2	0.032450716262870744	1	9	0	-0.17301029857224012	1	1
SUOX_RAB5B	0.0427268141559883	1	3	0	-0.17184762455353153	1	1
LOC113255141_ATP6AP1L	0.019063836009465467	1	11	0	-0.17119469667593729	1	1
APPL1	2.477442903150378e-5	1	11	0	-0.17003299568763017	1	1
MEF2A	1.3783367940306218e-7	0.23716786843890844	12	0	0.1691614105325242	1	1
CANX	0.011513697625295262	1	6	0	-0.1680415045286623	1	1
KMT5B	0.031976039487662596	1	11	0	-0.16771029230304596	1	1
PEAK1	0.027592876613334094	1	15	0	-0.1671677486708737	1	1
ETFB	0.01743623231398319	1	4	0	0.16595664188448556	1	1
TJP1	0.0029015767014568387	1	10	0	0.16518089632987365	1	1
PDE1C	0.012948018955490434	1	4	0	-0.164932010165596	1	1
SENP6	0.020589863656713985	1	9	0	0.16468184265956018	1	1
PARD3	0.006474271036716526	1	12	0	-0.16386278707612983	1	1
STAU2	0.018928481240694225	1	15	0	0.1632353469695704	1	1
TMCO3	0.01078425162840685	1	17	0	0.1631909332515144	1	1
LOC113266825	0.026085337207413413	1	21	0	-0.16291429732867269	1	1
ADCY9	0.04412842011724346	1	3	0	0.16188753431912073	1	1
CALD1	0.007643073816841527	1	13	0	0.1607919184920148	1	1
SF1	0.020589863656713985	1	17	0	0.16076484615482933	1	1
TXNIP	0.0017378979861964836	1	8	0	0.16072397461664312	1	1
LIMS2	0.03305010670494607	1	9	0	0.15989816144432067	1	1
MIA3	9.031103188434635e-8	1	14	0	0.15900149397258656	1	1
DSTN	0.027488584534475915	1	4	0	0.15898455530856032	1	1
DCP1A	0.011103666945804263	1	5	0	-0.15891649411971823	1	1
MTMR6	0.04707812760281095	1	11	0	0.15882133321682346	1	1
ATF2	0.04827915502128273	1	16	0	0.15876975171341162	1	1
AFDN	0.01236715360355157	1	15	0	0.1565373479240554	1	1
SNX14	0.032330883686701624	1	19	0	0.15628425516986333	1	1
MYOM1	2.2417822152759277e-8	0.06927670137351734	15	0	0.15568694882509596	1	1
ACAT1	0.013141235883124476	1	6	0	0.15552351743026926	1	1
ARHGEF12	0.018554392099163756	0.6333722724643783	4	0	-0.15378505581828594	1	1
LOC113253249	9.899169987727669e-7	1	5	0	0.15312705724544318	1	1
YWHAE	4.931174422891129e-10	1	7	0	0.15143891479109362	1	1
UAP1	0.012600630578459341	1	15	0	0.15137865818133417	1	1
ASB2	0.00927363135695239	1	7	0	0.1509673039633186	1	1
SF3B1	3.056367227600458e-4	1	10	0	0.15019433227171367	1	1
PANK4	0.005806180723260114	1	17	0	-0.14889943844269946	1	1
HNRNPDL	0.017999464570257	0.7801628558791599	5	0	-0.14858449670220786	1	1
EEF2K	0.027263252945533098	1	8	0	0.14783092544689902	1	1
MTFR1L	1.9621205262695813e-4	1	10	0	-0.14654264925913463	1	1
ACADL	0.04562083581770307	1	8	0	0.14629014227996157	1	1
RAD21	0.01639756644255428	1	12	0	-0.14282810026681214	1	1
MAPK9	0.027470034972139658	0.7811259798001919	8	0	-0.14261342571589133	1	1
PPP2R2A	0.032450716262870744	1	7	0	0.14229011101372385	1	1
LOC113248580	0.022094982479209737	1	6	0	0.14202020423840003	1	1
COQ9	0.023962204888298633	1	9	0	0.14053282287091695	1	1
PNISR	0.009344450556325866	1	14	0	-0.1390158582692003	1	1
PPP1R7	0.022428215154581512	1	7	0	-0.1389393398785582	1	1
USP15	1.697105222296194e-5	1	17	0	0.13828955749826521	1	1
YBX3	0.0011763187072967403	1	5	0	-0.13826154019059803	1	1
NAP1L1	4.629309607975967e-5	1	10	0	0.13574073018904764	1	1
HDGF	0.0022253671919503014	1	5	0	0.13214638323622585	1	1
CNOT1	0.0014272274697938565	1	8	0	-0.13083713517445208	1	1
STARD7	0.04521019894619059	1	3	0	0.1296714644996394	1	1
UBXN4	0.02413961082114057	1	6	0	-0.12868333624893968	1	1
TRIP12	1.1535806126067522e-4	1	20	0	-0.1284543631583245	1	1
OPTN	0.030862644309189984	1	9	0	0.12543983022330493	1	1
CDC42BPA	0.022094982479209737	1	7	0	0.12226408596891082	1	1
LOC113253526	1.3468631931451258e-5	1	7	0	0.11998437926559005	1	1
LRPPRC	0.006395914209263113	1	7	0	-0.11785723908743326	1	1
PRKAR1A	0.04702384702742126	1	6	0	0.11761323290836842	1	1
AHNAK	0.03298937255143768	1	6	0	-0.11646075224830267	1	1
SEPT7	0.009807743484503166	1	8	0	-0.11543760872206243	1	1
TACC2	0.03731374523140708	1	17	0	-0.11495885444647946	1	1
ACTG1	0.00330588367470546	0	2	2	-0.11238199626759604	1	1
NNT	0.024017095361813377	1	8	0	-0.10757702565332838	1	1
ZNF638	0.036609068216112525	1	19	0	0.1064882325296552	1	1
UBE2D3	1.6764579529144544e-7	1	11	0	0.0999644044242448	1	1
HSP90B1	0.038242314958424506	1	4	0	-0.0896681393685848	1	1
SDHA	0.025918942725935902	1	7	0	-0.08729276165473095	1	1
NDUFS7	0.021292626756814082	1	4	0	0.07633102658058484	1	1
