gene_ID	gene_qvalue	minimal_tx_qvalue	number_tx	number_significant_tx	max(Lung-Small Intestine)	pct_gene_expr	max_pct_tx_expr
KDR_LOC113262504	1.530485426669781e-6	0	2	2	-0.9735728811949566	1	0.8333333333333334
RGSL1	0.03449550893307381	1	3	0	0.9233981806736525	1	0.6666666666666666
AMIGO1	1.0038329427428389e-4	0.0012323105692036787	3	1	0.9197308508668455	1	0.8333333333333334
LOC113249444	7.254138466811691e-7	1.4920386104329785e-7	3	1	-0.8537218395920988	1	0.8333333333333334
METTL7A	9.284077823000529e-10	6.371369123312815e-8	3	1	0.8498205849794548	1	1
MAP9	7.6171508553878714e-6	6.554903390673686e-6	3	2	0.8367297318037529	1	1
ACTA1	0.00561639308191757	2.7802175536536383e-4	3	2	-0.8363751101219583	0.8333333333333334	0.6666666666666666
ESYT3	0.048893431902624074	0.009317336848442603	3	1	-0.8349130931529879	1	1
SLC35E3	8.53127463717922e-5	0.0010821579196540097	4	1	-0.8348002088102066	1	0.6666666666666666
PRLR	0.0011854238975557508	2.613655315273923e-4	3	2	0.8346659560504656	1	1
ADAM22	0.033258769962019374	0.016645302890724807	5	1	0.8130684892296239	1	1
ZNF423	0.0032108728603671495	0	2	2	0.8046384520466134	1	0.8333333333333334
CENPQ	0.02530559881046952	0	2	2	-0.7956257484966288	1	0.8333333333333334
EDIL3	0.010486013895794021	0.015273474235059894	3	1	0.793538433993809	1	0.8333333333333334
TTC7B	0.013269626420297175	0.017998359344901786	5	1	0.7909331888290635	1	1
SELL	2.6520477563645225e-6	3.383995533329503e-6	3	1	0.7800434794446516	1	1
PPP1R14D	0.034262224882843646	0	2	2	-0.7754290009526537	1	0.6666666666666666
CKMT1B	0.006294275440188844	0	2	2	-0.7729726410635122	1	0.8333333333333334
C5	2.268595382082985e-4	1.3651425410968163e-5	8	1	-0.7719855576446393	1	1
ZNF214	0.002298678767572012	0.002750498032220111	3	1	-0.7643106135351312	1	0.6666666666666666
THOP1	0.014105600118720106	0	2	2	-0.7574289691669415	1	1
ALDOB	1.8515008707128045e-9	3.6034750181885963e-8	6	1	0.7562288480643395	1	1
ESR1	5.520560194812227e-6	2.7662444782428136e-7	7	1	-0.7427540959903068	1	1
ESPL1	0.02477086668242099	0	2	2	0.7371172670432424	1	0.8333333333333334
HECW2	0.001829727049340036	5.6491173847583964e-5	3	2	-0.7354016240215124	1	0.8333333333333334
ACOT11	0.015402758760069067	9.325456114188714e-4	3	1	-0.7283554998239933	1	1
CUNH16orf54	0.01881989314219601	0.07182562251436166	3	0	0.7274921309631225	1	0.8333333333333334
CELSR1	0.034262224882843646	0	2	2	-0.724858572634455	1	1
ADCY2	0.030165626898781783	0.010016263159910978	3	1	-0.7153331811604622	1	0.8333333333333334
ROBO4	7.125659293452546e-9	9.873050448299825e-8	5	3	0.7150545703011226	1	1
NLRC5	0.001829727049340036	0.0026909192157541536	5	1	0.7143471044278744	1	0.8333333333333334
DTL	0.031717427425403406	0.025178943367419222	3	1	-0.7110923834251917	1	0.8333333333333334
B3GNT9	0.012971679577230099	0.037845726170240866	3	1	-0.7011978766132487	1	0.8333333333333334
LOC113267901	0.021082765945868803	0	2	2	0.6934381040552066	1	1
MTTP	0.04022882548254969	1	4	0	-0.68910384416604	0.8333333333333334	0.6666666666666666
SAXO2	0.025686126416182564	0.06079390289504837	4	0	-0.6823803094571225	1	0.8333333333333334
DOCK4	1.200781704658817e-11	0	2	2	-0.6767134543978264	1	1
DLEC1	0.004481419557708671	0	2	2	0.663747675086005	1	1
IL1RN	0.0034936284481588034	0.33558019113045945	4	0	-0.6536473038202419	1	0.8333333333333334
S100A4	0.028093437047464843	0	2	2	0.6533955455765732	1	0.8333333333333334
INTS13	0.04036449013001856	0.07052146829831692	6	0	-0.648627013668255	1	0.8333333333333334
SMPX	0.027200272338963872	0.3953476560215391	4	0	-0.648587023136297	1	0.8333333333333334
PLXNA3	0.022135243508113963	0.33861755974372365	4	0	0.6462029452913655	1	0.8333333333333334
KRT80	0.021548347139339976	0.3011877585805534	5	0	0.64353548272562755	1	0.6666666666666666
FITM2	0.0014123690188323915	0.0013198857281977374	4	2	-0.63833745708913	1	1
CRTC3	2.1356143347610863e-6	9.99545829086983e-6	3	2	-0.6382180824698606	1	1
PTPRD	0.003785344088637393	0.0019501177315770515	5	1	-0.6297637665399263	1	1
PAPSS2	7.063955667957807e-5	0.003443247623852443	6	1	0.6296512031829897	1	0.8333333333333334
FMO2	7.172134546622767e-5	0.00662048209063156	8	1	-0.6284038324232278	1	1
CHD7	0.005580629995590459	0.0027490469653297456	4	1	0.6245724358398804	1	1
TNRC6B	0.006294275440188844	0.02886480587386523	3	1	0.6240998491058432	1	1
NTM	0.005635523829899022	1	4	0	-0.6232729176047315	1	1
ZNF521	0.04018990083783184	1	5	0	0.6224982460184397	1	0.6666666666666666
SLC25A29	0.012330115357925156	1	5	0	0.6211005844735218	1	1
LOC113265298	7.6171508553878714e-6	0.005392252854205981	5	1	-0.6203711919625209	1	1
GPR155	0.010772246541566572	0.008879209329799184	5	1	0.6193852900014533	1	1
ABRAXAS2	0.036490122638775505	0.017618037201894254	3	1	0.6180983077812877	1	1
CXCL6	0.001829727049340036	0	2	2	0.6178201179035862	1	1
novelGene_IRF3_AS	0.005074729918416658	0.25261675003580647	3	0	0.6166479862501095	1	1
ZNF32	0.03140772103864715	0.2623403448461832	3	0	0.6156923163309913	1	0.8333333333333334
PRKACB	0.0011854238975557508	0.014178544366298137	4	1	0.615596885810555	1	1
IGSF3	0.02477086668242099	0.020099994191209714	3	1	0.6125659052008047	1	1
MTCL1	5.814393984700128e-4	0	2	2	0.6125560412856367	1	1
CLIC5	5.9515816389711635e-6	2.1359191275701927e-6	7	2	0.6077092864421173	1	1
FMNL1	2.947438575045786e-4	0.09295272899675454	6	0	-0.6071656157536686	1	1
SLC43A3	0.004663540904879528	9.622366637044748e-4	5	1	0.6050234636963926	1	1
MICU1	0.0011854238975557508	0.001236573832347838	7	1	0.6037380824829504	1	1
THSD7A	0.007481682249974599	0.3120688166460797	9	0	-0.6031293610186969	1	1
NXT2	0.048893431902624074	1	8	0	0.5993198826001973	1	0.8333333333333334
BCAT1	0.025088348626280753	0.021575857372095858	4	1	-0.5979872650953806	1	0.8333333333333334
UBXN8	0.013501887290478751	0.05102449445685029	4	0	-0.5912462976823308	1	1
KCNA3	1.583225118166358e-5	0.004771726728047335	3	1	0.5882271695695501	1	1
TLK2	0.004226184568320586	6.721872870131948e-4	4	1	0.5867306810798376	1	1
ISM1	0.0014123690188323915	1	3	0	0.5861255299728239	1	0.8333333333333334
ASB9	3.118356553522276e-5	0.4703813720442696	6	0	0.5828840903503801	1	1
LAMA3	0.034262224882843646	0.015619789769427416	5	1	-0.5802497197324565	1	1
ATP7B	0.005671985748927345	0.016943670874638658	3	1	0.5705505559459854	1	1
LOC113253922	0.022565336839264004	0	2	2	-0.5684855767131666	1	1
SIRPA	0.0089878989598577309	8.994675318205002e-4	4	1	-0.5674519958458303	1	1
LGALS9	4.0327211798277127e-4	2.524882358461438e-5	3	2	0.5668114465538543	1	1
IRAK2	0.02717889251845788	0.06162835844592151	5	0	0.566713611611851	1	0.8333333333333334
SLC7A7	0.013501887290478751	0.07342363283474707	6	0	-0.5662296246399403	1	1
LOC113260329	2.416903818813432e-8	4.109005930997092e-8	8	1	-0.5657063264299016	1	1
EXOC1	5.20794269251004e-7	4.55842259130361e-9	8	1	0.5622425223705316	1	1
GPAT3	2.5187595411350992e-5	3.4985060410098676e-4	5	1	0.5598323736513056	1	1
ATP5MC1	3.58642374266765e-6	0	2	2	0.5586322414849731	1	1
C4BPA	0.0014123690188323915	0.197201288122075	9	0	0.554280809913643	1	1
MALL	3.4198858486211935e-5	0.007549755691092778	5	1	0.554055500999025	1	1
CUNH20orf194	0.03140772103864715	0	2	2	0.5473432082618102	1	1
CYTIP	0.0067315633015969595	0.12468889126823836	10	0	-0.5470893582272437	1	1
CACNA1D	0.015293375270241794	0.00271212459680676	3	2	0.546535503325251	1	1
DIPK2B	0.021082765945868803	0	2	2	0.5454125695685362	1	1
WFS1	0.049157782164119	0.005480046448673925	7	1	0.5443490277936068	1	1
CCDC82	8.274927192648758e-4	0.015363685728488473	6	1	-0.5435795568345054	1	0.8333333333333334
TMEM41B	0.007656829664423553	0.06730549360421904	9	0	0.543499201493429	1	1
HS1BP3	0.02086827387079498	0.06654810329877901	5	0	0.5424081494030709	1	1
HACD4	0.0035103082100430712	0.017015298576515774	3	1	-0.5316430889382378	1	1
LOC113241702	0.0011943281635165782	0.584805211407474	11	0	-0.5307230580615316	1	0.8333333333333334
HMGCLL1	0.02367545519363068	1	6	0	0.5226007393648718	1	1
DYSF	0.0011854238975557508	0.10968966263626648	14	0	0.5212384463882186	1	1
PCSK5	0.013501887290478751	0.005171148768714678	3	2	-0.5190715123281553	1	1
YWHAH	0.00230600748484463	0	2	2	-0.5187862657780549	1	1
STK4	0.0031857708610366618	0.003980340457306674	6	1	0.5186545120248127	1	1
EEPD1	0.006320981472085661	0.007553680322421127	10	1	0.5173357515840389	1	1
GLB1	0.02556042725839639	0.5015191240780599	10	0	0.5141314755061168	1	1
KREMEN1	0.004160466775173859	8.383810810075512e-4	3	1	0.5114108837818104	1	1
LTBP3	4.058142112502901e-6	0.003501473254766838	3	1	0.5071052360320559	1	1
SLIT2	0.023991912280334687	1	8	0	0.506835833890143	1	1
LMO7	3.2133049339801556e-34	1.1025498202807991e-4	10	2	0.5060110926710084	1	1
VEPH1	3.4360638273200585e-4	0.03732218021356876	7	1	-0.5011630604950675	1	1
GNPTAB	0.04284902808242397	0.03496523983574796	8	1	0.49751921236409286	1	1
LRRFIP2	0.009865541040631077	0.004218067462440625	14	1	0.49694727992811955	1	1
RGL1	0.01460138651399064	0.0010437590397288786	4	1	0.496937029945802	1	1
PMM2	0.04089557804803793	0.9413479062896961	4	0	0.4963264125627673	1	1
ZNF146	0.002298678767572012	0.05182095897009702	4	0	0.49201791698031655	1	1
ARHGAP26	0.04019228557070054	0.08997684246004886	4	0	0.4912715132820096	1	1
AKAP7	0.02483053935880933	0.034373882598978334	6	2	0.4859804992102162	1	1
ITGAM	0.018069271098005442	0.9121986638770619	5	0	-0.4852631131911159	1	1
NEIL2	0.007402269574260557	0.014792811069767072	3	1	-0.48449229130959	1	1
UBE3C	0.0024916155220581922	0	2	2	0.48166179787253	1	1
CCDC102B	0.0032544509513826527	1	8	0	-0.48133775865628775	1	0.8333333333333334
SEC22B	8.182674950767459e-4	2.0772247868034253e-6	7	1	0.4772279075066252	1	1
TFCP2	0.00726550134577485	0.003758172851207448	7	1	-0.4721495043046919	1	1
RIN2	4.094010718534209e-10	2.4201872797747166e-7	9	1	0.4717972268387354	1	1
S100A16	0.007838756940876747	0	2	2	-0.4707932519282422	1	1
FUT10	0.002233651483297906	0.012382359268043087	3	2	0.46665533719127	1	1
ANKRD44	6.447600928914298e-6	5.995850317203149e-8	3	2	0.4664933262016674	1	1
SH2D3C	0.00791158423802469	0	2	2	0.4649005022375119	1	1
DHRS3	1.5791005402132285e-4	0.20764113725880712	6	0	0.4646427520050755	1	1
TPM4	0.020165405113551936	0.001095803617824501	4	1	0.46414173918357104	1	1
ANAPC5	6.447600928914298e-6	1.2533698306408806e-5	8	2	0.462164432887348	1	1
LOC113256813	7.558024780160673e-4	0.7479016415544666	6	0	0.4602777911521521	1	1
LOC113247442	0.021292874521457724	0.004054101631876645	3	1	0.45556326665172675	1	1
TRIP10	0.045168982953186616	0.028621746150256207	8	1	0.4504741720337889	1	1
LOC113247244	0.046879171266202835	0.12419574033741927	4	0	0.4504399478472479	1	1
KIAA0513	1.7226865413736994e-5	3.1517448537926276e-4	4	2	-0.45038468784324814	1	1
MINDY2	0.001229819786507773	0.0013490956797694654	4	1	0.4500877800312458	1	1
PPM1D	0.022505162457383064	0.8223019475254683	3	0	0.44789937030688476	1	1
CUNH19orf12	0.0011424637224542002	0.4211779013863147	4	0	0.44246634714494093	1	1
TASP1	0.02170273359865174	0.7977430349080463	3	0	-0.44044092710825883	1	1
METAP1	0.0032108728603671495	0.004328256559318054	5	2	-0.4392383413656038	1	1
DPP4	0.02877403625420699	0.009796086589351808	3	1	0.43764419894044787	1	1
CPED1	0.03315381822782844	0.16981765243007887	10	0	0.4376091615555435	1	1
PITPNM2	0.032462044472840415	0.004919690191837395	8	1	-0.43600014885628047	1	1
TLR6	0.016424926933431287	0.1677467618319932	5	0	-0.43574538862229506	1	1
ATP8B4	0.015165745332422691	0	2	2	-0.4335921423362742	1	1
SPHK1	0.03829587292003595	0.1736556290655446	4	0	-0.4297109576209298	1	1
RAPGEF5	7.254138466811691e-7	5.828539127412307e-9	3	2	0.4296756942056537	1	1
WRB	0.028385263309833195	0.012116206248684733	6	1	0.4288055186088657	1	1
OTC	0.03588213472136737	1	7	0	0.42721252521496433	1	1
CCDC47	0.029650867866296723	0.0055201146988702295	7	1	0.4262751701069743	1	1
LOC113265231	0.043582843645185596	0.19850612695614725	6	0	-0.4253285089255123	1	0.8333333333333334
CDADC1	0.027257013299806915	0.4876284428132642	3	0	0.4237501307278253	1	1
CUNH11orf74	0.04875230838210288	1	6	0	0.42357093439036736	1	1
APP	0.0014123690188323915	5.516109706197639e-5	8	1	0.4212633798731895	1	1
NFAT5	0.002231030759682399	3.4934540118058434e-5	7	1	0.4197458992173531	1	1
FNIP1	7.558024780160673e-4	0.012226708548837164	5	1	-0.4186533288590333	1	1
FAM219A	0.04738889085761401	0.05697657613836718	4	0	0.4184085855246281	1	1
NOP2	0.01708088512555839	0.05814164221240166	10	0	0.41695287592854324	1	1
SLC26A11	0.019172274129438553	0.0031859443524378042	3	1	-0.41371143832696533	1	1
R3HDM1	0.02396736255638319	1	10	0	0.41360136333561387	1	0.8333333333333334
RPS6KA1	0.0148679017121459	0.09949752507594307	4	0	-0.41311150449011014	1	1
SHROOM2	0.02191660994828784	1	5	0	-0.41239879865500617	1	1
TSTD2	5.250016488090709e-4	0.0890750360524045	5	0	-0.4115922239961146	1	1
HDAC4	0.02396736255638319	0.5567898284991945	5	0	-0.4101860034742588	1	1
SMTN	3.1614816792943746e-5	2.662623130796782e-4	9	1	0.40871232636126054	1	1
ARHGAP9	0.03209758723158723	0.027255718029209505	7	1	-0.40549477924353383	1	1
GTF2IRD1	9.412626167288424e-6	5.8037791775344e-4	4	1	0.40506049595176385	1	1
BCAS3	0.0025153160733303714	0.013130558406780382	13	1	0.40439606577229337	1	1
RALGAPB	0.018647204514406816	0	2	2	-0.4033459351159211	1	1
MIDN	0.009964956201536099	0.06486794239413453	4	0	-0.40085979450185705	1	1
KTN1	7.799754698382804e-9	1.5935670903274557e-6	11	1	0.40068956123999366	1	1
GATD1	3.6533185162879173e-4	0.0031950236533503347	17	1	0.399857842735015	1	1
NAA50	0.041578156030334906	0.013435889586333375	4	1	0.3993323199523696	1	1
MMD	0.009964956201536099	6.067553870889151e-4	9	1	0.3984621795767651	1	1
SZT2	0.015402758760069067	0	2	2	0.39596861398531424	1	1
PFKFB3	0.02107880261251505	0.022320897272909177	12	1	0.3950160648756651	1	1
ZBTB40	0.04720714365662699	1	4	0	-0.39248555166510574	1	1
ARID1A	0.013758409866129931	0	2	2	-0.3917316195029338	1	1
SPATA13	3.4709245261436023e-4	3.608707843810278e-4	5	2	0.3909676882899118	1	1
ALDH9A1	1.3714758168981747e-4	4.281173092763515e-4	8	1	0.3902469941096626	1	1
TPM1	5.7108752201384365e-11	3.2198117740944414e-6	7	2	-0.389726767472044	1	1
ITGB6	0.002925624556650798	1	6	0	0.38945914757334044	1	1
PTPRA	8.041939889922004e-4	0.021050346663190153	5	2	-0.3889688118101017	1	1
TRIM38	0.029697450764820894	0.104186916299321	4	0	0.38788755086258914	1	1
HELB	0.007294117542762006	0.06491449796094095	3	0	-0.3874630233108476	1	1
KCTD10	0.010486013895794021	1	4	0	0.3851646908467185	1	1
LOC113257633	0.006177873018072555	0.5209775461870185	3	0	0.38435672365415235	1	1
SGK1	1.7277134333368183e-6	0.0017132058085437619	17	1	0.3832947140063245	1	1
XRN2	0.038783042581043	0.0033411188956579563	5	1	0.3832256026013022	1	1
SLC44A2	0.0011854238975557508	0.022832858217063205	10	1	0.38262458953435974	1	1
RPL6	0.01460138651399064	0	2	2	0.38206667135839756	1	1
EHBP1	6.713108491650254e-6	4.701498719494678e-5	13	1	0.37952030852050506	1	1
ERBIN	1.9869247447810047e-5	4.787283722286991e-5	7	2	0.3788289217426602	1	1
ACTN1	0.0089878989598577309	0.0011192770835292375	6	1	-0.3781245998577111	1	1
ABI3BP	8.188993635792299e-4	0.26778110076300166	12	0	0.37738338947791195	1	1
TUT4	0.013791146171151271	0.04186984152808734	9	1	0.3740824418848327	1	1
PLEKHA1	0.021022067006190064	0.15228136188790295	10	0	0.37407139358818614	1	1
ICA1	0.0031857708610366618	1	11	0	-0.36751353548910515	1	1
NR2C2	0.019812974878165593	1	3	0	0.3644596133595452	1	1
ZSCAN23	8.274927192648758e-4	0.010943923648712571	12	1	-0.3618117612180469	1	1
CALD1	5.905395948404919e-10	3.7701768498750926e-4	14	1	-0.36059844406150054	1	1
PHACTR2	0.028022431047231462	0.41549303626422346	6	0	-0.35554536264503345	1	1
SCAMP4	0.04116624128357299	0.04552831854539206	5	1	0.35473009406154843	1	1
LOC113251245	0.005334799863110228	0.16638406347205711	10	0	0.3530630899033188	1	1
FNBP1L	0.0010375926291994943	4.6625742816924664e-5	10	1	0.35270195114532565	1	1
GNL2	0.02717889251845788	0.43447266179923766	7	0	0.3517434759196527	1	1
PRMT5	0.019172274129438553	1	8	0	0.35122158425127215	1	1
SEPT9	0.03427333716289153	0.6597186153878357	7	0	0.35067317941120096	1	1
PECAM1	5.9515816389711635e-6	3.468711429288666e-6	7	2	0.35036030937327145	1	1
SPART	0.004877984130994098	0.22044916900669517	10	0	-0.35005872477860966	1	1
FAM13B	1.6588532247169946e-4	7.058897427235017e-5	9	1	0.34986331817979555	1	1
MPDZ	0.013202990358317212	0.7927268774042482	10	0	0.3464554049314287	1	1
ASH1L	0.013501887290478751	0.0030907635358766593	6	1	0.3458860658952064	1	1
SOS2	0.018647204514406816	0.0025020822721479982	4	1	-0.3437563530202807	1	1
CEPT1	0.02717889251845788	1	14	0	0.3430525080219151	1	1
DYNC1LI2	0.0016424839678369956	1.4293072282673002e-4	5	1	0.3415447817578934	1	1
MYLK	4.8222479559144836e-5	3.3879586735337194e-5	6	1	-0.3412651010334842	1	1
SYNJ2	0.018069271098005442	0	2	2	0.3411400065844218	1	1
MARCH8	0.014207275846731782	0.022954840721100128	9	1	0.3406392798082658	1	1
RNF34	0.01813685090016522	1	4	0	0.34044451494625616	1	1
SELENOP	0.005056570405091096	1.6170553172134843e-4	6	1	0.33724879847816247	1	1
EPB41L2	3.1434477009002813e-4	8.607736835663684e-6	12	1	0.3362962238016279	1	1
SLC25A36	0.006322162972197638	0.014842142260524023	7	1	0.3353260006193082	1	1
HBP1	0.035378951357710145	0.5074522741819212	10	0	0.33038774687000416	1	1
MINDY3	0.010020036302903356	0.3780309434030243	11	0	0.32956159307836913	1	1
PNRC2	0.002017229008474992	0.01909144030506018	4	1	-0.32863942528781476	1	1
EGFL7	0.029380968541083304	0.054258147329561315	9	0	-0.3282757861716147	1	1
SCFD1	0.018025167730173982	0.22268722572615826	13	0	0.3260161016823455	1	1
RPH3AL	0.02711434856585709	1	9	0	0.32599630341579616	1	0.8333333333333334
IQSEC1	1.7226865413736994e-5	0.046209586746377	9	2	0.3218973559898792	1	1
QKI	8.329333092182087e-5	6.53111153448316e-7	6	1	-0.3218501269143642	1	1
RASGRP3	1.181640070451146e-5	0.2070241133412514	8	0	-0.31915011130521886	1	1
LOC113247645	0.0011424637224542002	7.660619286643316e-4	8	2	0.3186856188764048	1	1
CTNNB1	4.270688267008169e-4	1.992801634462217e-4	4	2	-0.3184680933992224	1	1
LOC113261824	0.04295869570298913	0.03928588510750183	5	1	0.318147503779597	1	1
FAXDC2	0.003558690532392286	1	14	0	-0.3170505416319225	1	1
LRPPRC	0.0020679616134777145	2.202642907460743e-5	7	1	0.3168340418049854	1	1
KIAA1147	0.0228800446862877	0	2	2	0.31486600465460257	1	1
TAB2	0.0010375926291994943	9.809650807697033e-4	5	2	-0.3147881588144306	1	1
PITPNB	2.947438575045786e-4	0.03197833512666838	4	1	0.3126110860112376	1	1
MXRA5	0.005316506382554237	0.0012478784492145972	3	1	0.31122516464123695	1	1
NUMA1	0.0010461620473179254	1.165435165869915e-4	9	1	0.309745306048978	1	1
LOC113243522	0.013864571119175028	0.057572473160948816	14	0	0.3095549919847371	1	0.8333333333333334
MARVELD2	0.037947733173537536	1	7	0	0.30858756449321	1	1
ACCS	0.048893431902624074	1	9	0	-0.3075669245483389	1	0.8333333333333334
COL4A3	0.04887534434027629	0.7541842612359839	6	0	-0.30692456815599767	1	0.8333333333333334
ECHDC1	0.0173638867598759	1	8	0	0.302982754802788	1	1
PPP2R5A	0.048893431902624074	0.24677425899190011	6	0	0.3025401765263507	1	1
ZRSR2	0.02834177608128961	0.03449739438721795	10	1	0.30236683381301643	1	1
RCBTB2	0.013501887290478751	0.16026870112219146	11	0	-0.3013712669092136	1	1
ABCG2	0.001031180018087412	0.16232221781773404	13	0	0.300222832245079	1	1
DOCK9	0.0029437301011485946	0.040239932147682636	12	1	0.2986628032976186	1	1
SORBS1	0.017025247271018496	4.684845574733451e-4	12	1	0.2971538369573616	1	1
DMXL1	0.04921666789045116	0.05325678744759105	6	0	0.2962536908308269	1	1
SVIL	5.066250311280014e-5	0.1712686459217588	10	0	0.2952584344352257	1	1
LOC113246291	9.33070656124575e-17	4.315669519712504e-8	9	3	0.2948565143680504	1	1
TYK2	0.045896589707894245	1	9	0	0.2938366797053726	1	1
PLEKHA5	0.005279161170548868	0.0026351219204606923	8	1	0.29308980026076914	1	1
THRB	0.021746588798705117	1	17	0	-0.2922112461792718	1	1
HNRNPH3	0.021469539056607638	0.2879334243789885	12	0	0.29068306460871973	1	1
LANCL1	0.007402269574260557	0.15840584319503231	5	0	0.2893185350584363	1	1
CAVIN1	0.025103255699565077	0.0014542973654392314	4	1	0.28846370861383913	1	1
TNIK	0.0027719031116548057	0.04823158239976557	7	1	0.287127676852926	1	1
PLSCR4	0.002540464965551161	1	10	0	0.2859008194888405	1	1
ATG16L1_SAG	0.039576627656816805	0.006471404560412931	8	1	0.28212156378706316	1	1
KLC1	0.0010461620473179254	3.640378635849497e-7	13	1	0.28184002543891723	1	1
ARAP1	0.03140772103864715	0.001519418188311075	5	1	0.2817406586295702	1	1
CYFIP1	2.4681503203056704e-5	0.041338011954996916	13	1	-0.2816278983263362	1	1
PITPNC1	0.034262224882843646	0.32328013756859836	4	0	0.2815356638268747	1	1
SRSF2	0.01568280524791189	8.331735272846349e-4	4	1	0.27801241420056977	1	1
NCALD	0.011112522473405733	1	9	0	0.2771522681942445	1	1
LIMCH1	5.9515816389711635e-6	0.03982964205294012	7	1	-0.27486411463010796	1	1
ATP9A	0.017983449570778375	1	4	0	-0.2745538385983697	1	1
LRBA	0.030314283174166484	1	11	0	0.2740099383843277	1	1
AXL	0.008400835513381572	0.004619201675189903	5	1	0.27196852216792405	1	1
SLTM	8.182674950767459e-4	0.0054213018538953476	5	2	-0.270983646304194	1	1
TRAF3IP2	0.045151021587836015	1	7	0	-0.27031966882558295	1	1
ABI1	5.520560194812227e-6	0.0725565859429746	11	0	0.26908371345382154	1	1
NQO1	0.0031048288581606628	0.004517166212055751	7	1	-0.26853075851020214	1	1
SERINC3	0.013726437509826907	0.38966359894655056	8	0	0.26784119052600697	1	1
ERG	0.0318567353833474	1	5	0	0.2677801272363732	1	1
RNF19A	0.005334799863110228	0.08207667794691935	12	0	0.2671041716589253	1	1
SIGIRR	0.028385263309833195	1	8	0	-0.2667632756028352	1	1
ARHGAP29	0.022505162457383064	0.043010802083677066	9	1	0.26594779476071706	1	1
EPB41	4.800957441038983e-5	0.08239136049758844	12	0	-0.26512454429114085	1	1
SNX14	5.814393984700128e-4	0.00166169368458762	17	1	0.26401480830189694	1	1
TNFRSF21	0.018701116475027726	0.045227873947125435	3	1	-0.2638192870370773	1	1
SWAP70	0.031242535832997607	0.05699100185373897	7	0	-0.263258109012783	1	1
FYN	0.04776624953179548	1	8	0	0.26196226062141503	1	1
MLXIP	0.02097705072463742	1	4	0	0.2616358744557492	1	1
MFGE8	0.0013851149796960914	0.7491735066706697	9	0	-0.26092050403286876	1	1
KIF2A	0.041531216668060186	1	5	0	0.26079118032116144	1	1
CHIC2	0.013269626420297175	0.3699603781693983	8	0	0.260266962882134	1	1
LOC113270362_NUMB	0.0017690928636670809	0.41536360529635163	16	0	0.2598002335341016	1	1
EPB41L5	5.170389026318782e-7	9.88407538722808e-7	7	2	0.25965147185179716	1	1
JADE2	0.02191660994828784	7.381441455966489e-4	11	1	0.2579505893140332	1	1
ECE1	0.02183089632150817	1	5	0	0.25774657435058745	1	1
PRKG1	0.00561639308191757	0.2917433485160282	4	0	0.2562772563390122	1	1
LOC113264906	0.007481682249974599	1	7	0	0.2557337031284342	1	1
HP1BP3	0.007402269574260557	0.559311411523888	9	0	-0.2551668243511119	1	1
PLD1	2.6178998707696217e-4	1.7749526798300327e-5	5	1	-0.25496128040445803	1	1
LOC113267642	0.0024326302689704777	3.309972358091701e-4	5	1	-0.25492217657820876	1	1
NFIX	0.036490122638775505	0.07008961690206286	5	0	-0.25487184475327973	1	1
ACO1	0.003378496953190455	0.021432750235509935	12	1	0.254793553344241	1	1
SERPINB6	0.043077161602477584	1	6	0	-0.25445535476347486	1	1
CD47	1.7277134333368183e-6	0.01463415968290273	10	1	-0.2522326579745681	1	1
TAF1	0.006257795216469918	2.6559475372525215e-4	10	1	0.2508140157276656	1	1
LOC113268059	0.0339390978342105	0.12637547879007208	6	0	0.25060047395709784	1	1
LEPR	0.029697450764820894	1	8	0	0.25046680594384624	1	1
GAB1	3.054029195676145e-7	0.10342041177419052	6	0	-0.24990068046258998	1	1
ARNT	0.018069271098005442	1	11	0	-0.24949678011736812	1	1
FAM129A	7.35195746692094e-4	0	2	2	-0.24939516736105038	1	1
TAS1R1_ZBTB48	0.04295869570298913	1	10	0	-0.2488018034176072	1	1
ADGRL2	3.638375620812088e-4	0.4837748696647223	8	0	0.24852710071883982	1	1
SPRY1	0.039937899586431985	1	7	0	-0.24600375944684377	1	1
MAP4K4	3.6554326606174996e-5	1	9	0	-0.24457831847491246	1	1
CENPC	0.00561639308191757	0.0018795359018027647	5	1	0.2438187673047368	1	1
LOC113266825	0.04284902808242397	0.4815789129476685	20	0	0.24348961981697653	1	1
MACF1	2.0090772463266657e-5	0.0034267077254209756	10	1	-0.24334391436850097	1	1
FN1	2.1287166914517882e-7	0.3531547365650738	14	0	-0.2422111175861969	1	1
INTS10	1.8837643508083657e-4	1	12	0	0.24041504835573213	1	1
CTDSP1	0.004663540904879528	0.18054931980925118	5	0	-0.24033803715850927	1	1
FAR1	0.005671985748927345	1	10	0	-0.23958157656204193	1	1
SECISBP2L	8.397675760827935e-4	0.007072112959405119	6	1	0.23949206261421935	1	1
VNN1	0.002960976728348899	1	8	0	0.23878544302949334	1	1
ADD1	0.022032892369198823	0.022404641267289773	6	1	0.23798087051578726	1	1
TBC1D1	0.0013651694496307778	0.2847518704420503	13	0	0.23727611974856452	1	1
TNS1	0.004877984130994098	1	8	0	0.2365628002186001	1	1
TMEM225B	0.002815487432420932	0.04707137104425794	12	1	0.23611603752639546	1	1
RBM18	3.704269803782438e-4	0.9006681666981975	4	0	0.23545424068071544	1	1
HPGD	0.019172274129438553	1	3	0	0.23510370354874618	1	1
TMEM87A	0.01875769096538331	0.049777188873385995	11	1	0.22750385370052503	1	1
SLC18B1	0.026091997493052424	1	16	0	-0.22682320763804967	1	1
SETX	5.109074542146818e-6	0.01514677150690327	7	1	-0.22635297107936947	1	1
CAP1	0.001829727049340036	0.010561854629034634	8	1	0.22281772890324464	1	1
ANKRD11	7.558024780160673e-4	1	3	0	0.22230408659976508	1	1
FMNL2	0.002925624556650798	1	6	0	-0.22153189969035453	1	1
LOC113250851	0.02396736255638319	0.8372816852110431	14	0	0.221093592232826	1	1
BNIP2	0.02236144849371954	1	7	0	0.2206232080802629	1	1
PLA2G6	0.0339390978342105	1	8	0	0.21997659545574144	1	0.8333333333333334
COPA	0.018162724456036075	1	11	0	0.21923282866885363	1	1
AFDN	1.700405917700516e-7	0.021349063780127877	11	1	0.21895299054952616	1	1
MANBAL	0.007402269574260557	1	6	0	-0.21596741371005468	1	1
GYG1	0.0317213857421242	0.09913664958907996	7	0	0.21565170341098647	1	1
TACC1	0.006322162972197638	1	13	0	-0.21510611356644596	1	1
TNS3	0.0032108728603671495	1	8	0	0.21500317495191235	1	1
FLNA	0.032881473327589374	0.002622128966136838	4	1	0.21376464906173231	1	1
PAM	1.0411997077306625e-6	1	16	0	0.21121523755796184	1	1
TJP2	0.035594739428907715	1	9	0	-0.211054565341085	1	1
GYPC	6.815325403059346e-4	0.003454869554783118	4	1	-0.20992693260006612	1	1
ATP11B	0.04893505750041636	1	7	0	-0.2094183365915075	1	1
JMJD1C	0.030276858600392982	1	4	0	0.2089264725185701	1	1
AKAP13	2.3476675246815047e-5	1	10	0	-0.20839874683243256	1	1
RB1CC1	5.59221713561099e-4	2.2714553955506672e-4	7	1	0.20749550166658853	1	1
ADNP2	0.048893431902624074	1	3	0	-0.2074232734834548	1	1
GPBP1	0.015732900457854884	1	8	0	-0.20705759322937334	1	1
BHLHE40	0.021506515870166155	0.5918306018330863	5	0	0.20700526593403196	1	1
CTNND1	3.392921481012007e-30	0.013949863598338566	13	1	-0.20697529792011052	1	1
N4BP2L2	0.003916370272326853	0.633510704755157	8	0	0.20679577796636706	1	1
LOC113250365	0.034262224882843646	1	16	0	-0.20566434286750485	1	1
PTK2	0.01929469061243519	1	9	0	-0.20558631768185465	1	1
DIS3L	0.006010150204613381	1	6	0	0.20539475174449018	1	1
WDR13	0.013501887290478751	1	12	0	-0.2050828147569176	1	1
INTS11	0.027683512369930198	1	12	0	0.20422917934312318	1	1
CUNH19orf47	0.02174662485987979	1	10	0	0.2032805389039207	1	1
BIRC2	0.027683512369930198	1	8	0	-0.20289509712800669	1	1
MYL6	0.001829727049340036	0	2	2	-0.20268707898306837	1	1
TCF4	0.03427333716289153	1	12	0	-0.20245918086476344	1	1
SH3BP5	0.0329238583845074	0.180825546049311	6	0	-0.20143753055705593	1	1
CREB3L2	0.02477086668242099	1	4	0	0.20094938783362679	1	1
IFI44	0.036039352834050194	1	10	0	0.20051619939710436	1	1
SHMT1	0.013341863883623881	1	21	0	-0.19988855409482903	1	1
CNOT4	0.040952694035606765	1	15	0	0.19892321095875967	1	1
ATP11A	0.041628928096468114	1	10	0	0.19846883343200547	1	1
SBNO2	0.02183089632150817	1	3	0	0.1976148350110242	1	1
ALMS1	0.013864571119175028	0.5582421127504541	6	0	-0.19665851974680926	1	1
SLMAP	0.002298678767572012	0.02716855206988467	15	1	-0.19631510599194119	1	1
SON	0.01931504184797279	1.1270181577662566e-4	9	1	0.19479090716089678	1	1
DNAJC10	0.049157782164119	1	8	0	-0.19441935959919776	1	1
ZFYVE16	0.019172274129438553	1	5	0	-0.19289574516880548	1	1
ZNF462	0.03338145431150045	1	9	0	0.19279611797931948	1	1
LOC113258542	0.0011854238975557508	0.2674811578164658	15	0	0.19260334134919355	1	1
LMNTD1	0.021999333412485778	0.06933516551068883	11	0	0.19122045242895935	1	1
RGS3	0.004313567946579739	1	9	0	0.1911326399973906	1	1
PLXNB2	0.002298678767572012	1	15	0	-0.1889792219782754	1	1
SMARCA2	2.947438575045786e-4	1	13	0	-0.18893354792122535	1	1
DMD	1.583225118166358e-5	1	12	0	-0.18754280915541427	1	1
PRPF40A	0.04055612841464464	0.010354088622411915	6	1	-0.18671086588560343	1	1
SDHD	0.029697450764820894	1	5	0	0.18641572850858434	1	1
NCL	0.006177873018072555	0.14736160251594518	7	0	-0.18602672758684125	1	1
LAMA4	0.022522560255154356	0.13159573633782898	15	0	0.18541321989842907	1	1
IRF9_REC8	0.0011424637224542002	0.020751293766908215	7	2	0.18447158250688755	1	1
TSPAN12	0.0228800446862877	1	17	0	0.18394524948634527	1	1
LRCH1	4.169032479930098e-4	1	6	0	0.18382555880911144	1	1
LOC113266361	0.010486013895794021	0	2	2	-0.18288324807424294	1	1
STXBP1	0.006022801526414284	1	7	0	-0.18209532255612457	1	1
BICD2	0.02008070188360359	0.2155921117943592	3	0	0.1801284581366618	1	1
DYNLL2	0.001728460163699161	0.00860896450453162	3	1	0.17887669564386366	1	1
N4BP1	0.011991204592672073	1	4	0	-0.17742995031048558	1	1
TK2	0.01924954456620605	1	6	0	0.17685624845906395	1	1
ADK	1.5702845360781427e-5	1	11	0	0.17622083551191814	1	1
MFF	0.02183089632150817	0.22390095910551883	14	0	-0.17451393522872896	1	1
PLIN3	0.01032729995658887	1	8	0	-0.17296270406138564	1	1
CLCC1	0.040996854832012125	1	14	0	0.1726093475839603	1	1
PPP4R2	0.0038794881637442807	0.019075750276120226	4	1	0.17157545327800705	1	1
SEMA3B	0.025686126416182564	1	6	0	0.17146464071888862	1	1
GOLGA4	0.012824390116133816	1	10	0	0.17133407991255667	1	1
C7	0.013108784002137143	1	5	0	-0.16886291353073146	1	1
CSNK1A1	0.024386543892220086	0.007409511747708273	8	1	0.16810002948831115	1	1
SLC6A6	6.495452502008032e-4	1	7	0	0.16625847393912868	1	1
BPTF	0.026867772146081444	1	6	0	-0.16605556090763993	1	1
SETD5	0.026506061167472197	1	13	0	0.16593206990801	1	1
ZNF7	0.0021663497937228614	1	18	0	0.16542729545419355	1	1
SEC31A	0.018069271098005442	1	18	0	0.1647656661886249	1	1
PTPRB	0.0017780058473293862	0.7596172031297653	3	0	-0.16314636654759807	1	1
SGMS1	0.03988120540167458	1	9	0	0.1631443273560317	1	1
NRP1	0.02834177608128961	1	7	0	0.16301258231478166	1	1
TNFSF10	0.014552606877125843	1	11	0	-0.16165631649651452	1	1
MUT	0.007294117542762006	1	9	0	-0.15971730481840507	1	1
YBX3	0.04411689118588463	1	5	0	0.15870316530584871	1	1
LOC113265233	0.0030921638279154404	1	14	0	0.15589210850777085	1	1
SZRD1	0.02567253547357801	1	6	0	-0.15535281026002454	1	1
NUP98	5.899636457434885e-4	1	12	0	-0.15410096220578398	1	1
MBNL2	0.007401426725842173	1	12	0	0.15222975417261442	1	1
RNF6	0.027683512369930198	1	11	0	0.14937766522247872	1	1
ESYT2	0.015666429952710864	1	9	0	0.1489691845328257	1	1
ABCB7	0.007402269574260557	1	8	0	0.1440777609035262	1	1
SPTAN1	1.356238015700919e-5	1	11	0	0.13898269253670434	1	1
SUPT20H	0.02369123952868898	1	18	0	0.13599299666938142	1	1
CAV1	0.018069271098005442	1	5	0	0.13282534733276863	1	1
LOC113245319	0.0011854238975557508	1	5	0	-0.1323684341697649	1	1
AMOTL2	0.002925624556650798	1	5	0	-0.13190637772579028	1	1
BRD2	0.00561639308191757	1	11	0	0.13149104117381225	1	1
MAP4	0.03427333716289153	1	13	0	-0.12975541729469714	1	1
IFI44L	0.005819767121799329	1	14	0	0.12947718383383897	1	1
VPS11	0.02354293281125478	1	3	0	-0.12916810541974877	1	1
TXNIP	1.7226865413736994e-5	1	8	0	0.12727990875353556	1	1
MBNL1	2.6701076257760364e-5	1	14	0	0.1260740514325177	1	1
CREB1	0.037947733173537536	1	5	0	0.12326636078620504	1	1
PICALM	5.170389026318782e-7	1	7	0	0.1100592497090572	1	1
ATP2B4	0.03884467880345234	1	11	0	0.10974034604059087	1	1
ETS1	0.04409889339994084	1	5	0	-0.10930406590284877	1	1
MAP3K20	0.018647204514406816	1	5	0	-0.10568995602045261	1	1
LARP1B	0.022077273782481192	1	12	0	0.10403768541637731	1	1
SMARCC2	0.018647204514406816	1	4	0	-0.10264484006553361	1	1
MPRIP	0.0089878989598577309	1	6	0	0.10259500543498287	1	1
DST	0.003558690532392286	1	18	0	0.095858305099737	1	1
APPL1	0.03256470938108826	1	10	0	-0.09307893267739159	1	1
LOC113253526	0.010464206040200624	1	6	0	0.09213237525592473	1	1
ITGA3	0.02477086668242099	1	3	0	0.05229329373766636	1	1
