gene_ID	gene_qvalue	minimal_tx_qvalue	number_tx	number_significant_tx	max(Muscle-Kidney_cortex)	pct_gene_expr	max_pct_tx_expr
EDRF1	5.806681142902507e-6	1	5	0	0.9569181662220191	1	0.75
SLC25A34	4.3867172394428694e-5	1.9531262301679234e-5	3	1	0.942471614144098	1	1
MOGAT1	3.577096499434885e-4	1.8217930211405576e-5	3	1	-0.922374144995513	1	1
KLF15	1.7401445479830262e-4	1.0040210717512917e-6	7	1	0.9158462972307001	1	0.75
WDR54	0.003664751601885864	1	3	0	-0.914136680142363	1	0.75
OCLN	6.08077000579712e-4	3.4671853005767475e-5	3	1	0.9093512000860787	1	1
MAP2K7	8.02660353067469e-4	0	2	2	-0.9046929653138338	1	0.75
ICK	0.004354545435455496	8.840217930710344e-4	4	1	-0.9029756379759748	1	0.75
LMOD3	0.04586679634338046	0.040499230581700164	3	1	0.8933096770607329	0.75	0.75
SYNJ1	0.0010608928180353445	6.510804372949357e-4	3	1	-0.8892776417284383	1	1
MFAP5	0.02434696917750434	1	3	0	0.8846214394913564	1	1
LRRK1	1.6212696720957097e-4	2.6386590249694627e-4	4	1	-0.8829299913122384	1	1
CNNM4	0.010037010224812782	0.017940387566528795	3	1	-0.879000170360206	1	0.75
SUMF2	0.0027766355241435323	0	2	2	-0.8775091927705136	1	0.75
LOC113248512	0.04531625913978757	1	3	0	0.8774016710553232	0.75	0.75
LRRFIP1	4.243034348168273e-17	4.7896755100569206e-17	5	3	0.8765404038048216	1	1
HRC	8.893116654409499e-20	3.340406422796618e-20	7	1	-0.8741990458855567	1	1
CSRP3	0.028705100524903476	0.6219550557092227	3	0	0.8642322108373913	1	1
WDR7	0.002127503036078813	0	2	2	-0.8601884048596774	1	0.75
MYO5C	1.6538780236546548e-6	6.630651274406827e-5	3	1	-0.8595334839150662	1	1
ZNF365	0.002909032434859941	1	3	0	-0.857738020315166	1	0.75
PDLIM5	1.4042059547291992e-34	8.456282645397606e-12	7	1	-0.8561103270880783	1	1
SLC10A3	0.044644643743543926	0.8372285021535532	3	0	-0.8519178749916714	1	0.75
PHACTR1	0.005373667976539734	0.0010294333909631058	6	1	0.8489773115057576	1	1
ADGRV1	0.04858592071339108	0.004388473549472083	5	1	0.8425471615864275	1	0.75
KHK	3.592990468268293e-10	2.3789073377343046e-8	4	1	-0.8394959911767644	1	1
B4GALNT3	0.023464387929317102	0.4253964177585858	3	0	0.8324824316155844	1	0.75
NT5DC3	0.001362200583064121	0	2	2	0.831169142928654	1	1
AFAP1	0.003110827122576216	0.09453064192452705	3	0	-0.8299914638846553	1	0.75
PHF23	0.03864585822143903	0.5233321500868375	3	0	0.8291613589557422	1	0.75
FAXC	0.013062613022487716	0	2	2	-0.8261156002504685	1	0.75
VEPH1	3.191388612894059e-8	1.001636300963272e-8	7	2	0.8223525397590339	1	1
RIMKLB	0.003440019906177631	1	3	0	0.8208508449322752	1	0.75
CADPS2	0.017841271963494686	0	2	2	0.8167972186241564	1	1
FLNC	1.0401267618036053e-6	8.135397922900476e-6	6	2	-0.815447713509051	1	1
FBXO31	5.150740617504e-9	0	2	2	0.8131010658521814	1	1
EXTL3	0.007566937273061503	1	3	0	0.8129609586252368	1	1
ANKRD39	1.9232696815072915e-13	1.826518728743447e-9	8	1	-0.8092821869775538	1	1
CRLF3	0.0050150170680644335	1	5	0	0.8066902010352004	1	0.5
ST3GAL2	4.3086909785497526e-7	4.236609084950762e-6	3	1	-0.8052791748010494	1	1
GSE1	0.005801085812288077	0.0038198701919223096	3	1	-0.8016734256594509	1	0.75
MON2	0.002127503036078813	1.1444727137056512e-4	5	1	0.7982571329815643	1	1
SYNPO	0.004945892645491626	0.002560229239717292	3	2	0.7978207146196434	1	0.75
LOC113270472	0.0018292329828630614	4.3256956946258554e-4	4	1	0.7924962878073152	1	0.75
SCHIP1	2.959490092798008e-4	9.75035774576328e-5	3	2	-0.7922701056367418	1	1
TEX10	1.0580277817067517e-5	5.081951106646598e-8	7	1	0.7909620517067348	1	0.75
KIAA1614	0.0055350390709093845	0.012291633534617142	6	1	0.7909080373192341	1	1
DYNC2H1	0.011076060548513861	0.005163416013290804	5	1	-0.7879161400090311	1	0.75
IRGQ	0.016729346237831882	0	2	2	0.7869149166329873	1	0.75
FMNL1	0.023402854752602904	0.11575921456536675	4	0	-0.7809804190444439	1	1
EXPH5	0.0023499415086797684	5.83689965896569e-4	4	1	0.7768902039982386	1	0.75
ZNF608	0.008953343861626875	0.0030366532726112555	6	1	0.7753058338851327	1	1
CPT1A	0.015005252955736893	0.014909593548098213	5	1	-0.7746581805463044	1	0.75
EVI5L	0.007946804725795707	0.022827708255275175	3	1	0.7703944842767957	1	0.75
TNIK	0.0016989434676732064	0.016941668937328576	5	1	-0.7702013854822045	1	1
KMT2A	0.0482558047205413	0.015433076374467287	3	2	0.7660704578619912	1	1
STX10	0.018897064885163416	0.004732195736666874	4	1	0.7617516671108381	1	0.75
LOC113247381	0.005593989017402656	0.0020409386876767736	3	2	0.7597818019310072	1	0.75
ANKFY1	9.841435052536478e-4	2.1690348587385662e-4	4	2	-0.7547301812647008	1	1
LOC113264264	0.045890509878336774	0	2	2	0.7542777369192892	1	0.75
TFAP4	0.04309436548818136	0.06450567752579293	3	0	0.747668024876367	1	0.75
POLR1B	0.04804507620981233	0	2	2	0.7472607015849506	1	0.75
PLXNB2	2.0393157690431525e-6	5.8338302605962474e-5	6	1	0.7427391301257514	1	1
HMGN3	3.736223059264862e-5	2.34403763023751e-7	5	1	0.7400125298909418	1	1
L3MBTL3	0.0038209038383196048	0.48067633134748144	5	0	-0.7369713279520286	1	0.75
LOC113244925	0.008138777460434739	0.012934773826981725	5	1	-0.7331347233354905	1	0.75
PYGM	2.6930052489210063e-6	2.694060363860671e-4	5	1	-0.7285925286542806	1	1
KIF1B	1.5210891205089634e-21	1.5720679970262607e-15	4	3	-0.7269017991999402	1	1
POLR3GL	0.004816335673386204	0.004064277233993287	4	1	-0.7244903074327566	1	1
TXNL1	1.7022519811006593e-5	1.0280505698819454e-5	4	1	-0.7177181301144103	1	1
ABCB1	0.004268046304628735	1	4	0	-0.7167289893552424	1	0.75
MEF2D	0.01439073805174085	0.279411924579332	4	0	-0.7131987748196912	1	0.75
PURA	4.493846892413465e-10	3.871945416794612e-10	5	2	0.7117373302017919	1	1
CPEB3	2.219469745836413e-5	0.0022067802377664495	5	1	0.7058909993336144	1	1
PSAP	5.915277112136936e-11	2.2752658015459164e-12	3	2	-0.7053605578533404	1	1
IMPDH2	3.5642049625441396e-6	0	2	2	-0.7053019048779721	1	1
LZTS1	8.429735035763991e-4	1	4	0	-0.7031338480630814	1	0.75
CCDC50	1.5765038731241797e-6	0	2	2	0.7009832081460482	1	1
HIVEP3	0.0036272241668384017	1	4	0	0.7001059295745479	1	1
SLC4A7	0.008321934756825942	0.3376409081299679	4	0	0.6991184803740674	1	1
MPP6	0.005312338702887272	0.002247362859192402	5	1	0.6981883038334928	1	1
TRIM2	0.038593545944068865	1	3	0	-0.6972759321035463	1	1
SEMA4D	6.33510718312095e-5	1.0458094969435157e-5	3	2	0.6879439425426657	1	1
PRKG1	2.059115162622748e-4	0.5120965975474369	5	0	0.6851109166522718	1	1
BAIAP2	0.026152709333081826	1	4	0	-0.6849553553796953	1	0.75
TRIP10	0.008426971030340942	0.002088725855681667	3	2	0.6840170411327838	1	1
PTPRC	0.029837124095458214	1	3	0	0.6786046953119413	1	0.75
COBL	4.684725425840282e-5	3.399769294581937e-5	8	1	-0.6755680117226032	1	1
MME	1.5559858946877277e-6	1.5171488388636455e-8	7	1	-0.6745420792038648	1	1
TBC1D4	7.909598113778203e-15	0.006691046763493775	5	1	-0.6704903323068702	1	0.75
AKAP6	2.080624076849764e-4	9.646501746644464e-4	5	1	-0.6704071135827696	1	1
PCBP4	0.03773434716551332	0.016490926744990638	3	2	0.6687550107106103	1	0.75
ZNF484	0.003319018440708574	0.02470880314495204	5	1	-0.6684804952182274	1	1
LOC113246261	0.016729346237831882	0.03159577974704189	8	1	0.6664520219281199	1	0.75
CAMK2D	1.875722638099856e-4	0.3891139277782984	6	0	0.6657675802657104	1	1
CLASP1	0.009926671717883192	0.07972697687862872	10	0	-0.6622240344034264	1	0.75
FAM129A	0.005083469449048373	0	2	2	0.6604148290825298	1	1
QKI	4.577601383313244e-10	1.6829755243458363e-8	5	2	-0.6599542189808469	1	1
LOC113264906	0.023309337314011816	0.07854239752110463	5	0	-0.6580804974040082	1	0.75
DLG1	0.023309337314011816	0.648424918909857	6	0	0.6579593825259338	1	1
EML6	0.016729346237831882	0.08305003889545512	3	0	-0.657241899912697	1	1
KIAA1671	0.023309337314011816	0.0036527000177025808	3	2	0.6546647266375208	1	1
PPM1B	2.080624076849764e-4	7.542345806094147e-5	3	1	0.6539183114881858	1	1
NF2	0.0016989434676732064	0.21753566288468362	7	0	-0.6538913947181173	1	1
CACNA2D1	1.8713892387575275e-5	1	6	0	-0.6525890343129475	1	1
TCTN2	0.04251421022064543	1	5	0	0.6510977753239772	1	0.75
ZNF382	0.027499349616081255	1	6	0	0.6503305251877718	1	0.75
STX18	0.004268046304628735	0	2	2	0.6488807210365436	1	1
TBC1D19	0.023480261619867344	0.1059369371112066	6	0	0.6482878476838636	1	0.75
TNKS1BP1	5.158521988955512e-4	0.0026425924296374194	3	2	0.6436643879306567	1	1
TMEM245	0.012210478709482485	0	2	2	-0.6431369754116341	1	1
CPEB2	0.0375299319409336	0.1306546227923581	7	0	0.6420197682374296	1	0.75
LOC113246737	0.017841271963494686	1	6	0	0.6406870452334661	1	1
CBLB	0.0033122595317854357	0.052536256236358776	7	0	0.6377888796889315	1	0.75
CNTN4	0.03448543462261267	0.05630070695748571	3	0	0.6376597658344347	1	0.75
MAN1A1	0.006390478247820294	0.02232509315753341	4	1	-0.6356583517667775	1	1
HM13	0.044644643743543926	0.19441788624853962	5	0	-0.6342482054711637	1	0.75
KCNS3	0.0086975090344361735	0.2730529430912782	3	0	0.6271542086166377	1	1
CSNK1G1	1.642245701056766e-4	0.0014509554568982895	5	2	-0.6269887054060745	1	1
CCT8	1.4659073566648872e-11	6.243123057039668e-8	5	2	0.6244526358207552	1	1
KIF3A	2.969686080830917e-5	1	4	0	-0.6237158926492813	1	1
LOC113250611	0.017795022196216863	0.7069001576249748	4	0	-0.621757382317392	1	1
RHOT1	3.419501441970086e-7	0.007965062158922518	4	1	-0.6191386865066696	1	1
AP1S2	3.9492917798923276e-6	2.3090680428949988e-5	5	1	0.6150788128672489	1	1
DCAF7	0.0060148297756619845	0	2	2	0.6131841770358436	1	1
DIP2C	8.342251170935523e-4	0.08994209298430966	4	0	0.6125256608125079	1	0.75
USP28	0.004160733850607427	0.029592765878480688	8	1	-0.6111893072420107	1	1
SLC39A14	0.04709882072092005	1	8	0	0.610986058697248	1	1
MYOM3	0.0016194477353191404	0.0122784093615635	4	1	-0.6075384117011141	1	1
AQP7	9.768996262632535e-6	0.21632427236483437	8	0	0.607195203169155	1	1
NICN1_AMT	0.03403162393597635	1	7	0	0.6067689196789444	1	0.75
TPD52L2	0.001979170215464548	0.03834721714082112	8	1	-0.606338517078693	1	1
BPNT1	0.01851781001393689	0.011391394574636211	7	1	-0.60615033432199406	1	0.75
TSC22D3	0.0018470100813753618	0.010213555748143923	6	1	-0.6061459912177607	1	1
KIF13A	0.0018493110289437079	0.02902552430580681	6	1	0.6054390198680961	1	1
ALKBH3	0.0035644597092793434	0.01602592973967409	6	1	0.6050073146609158	1	1
KLC4	1.1317608867270728e-4	0.60788439081363	4	0	-0.6041186668241169	1	1
GSN	1.336008386352223e-13	2.5588110784338722e-11	5	3	-0.6013443920203881	1	1
TSC2	0.046352968360561915	1	6	0	0.6005811695721079	1	0.75
POLR2B	0.012372592044824503	0.09533614033802257	7	0	0.5998628997150526	1	1
FAF2	0.006561624147201383	0	2	2	0.5994021120236177	1	1
NDRG2	4.8568241410136876e-8	0.004964467034710729	8	2	-0.59903355646297	1	1
NEDD4	0.006977270759478045	0.013567921832183305	7	1	-0.5985674190015398	1	1
MAST4	2.4393919358536008e-5	0.1925410242739424	4	0	0.597813020469524	1	1
DDX50	0.0282011073854792	0.822920519203848	5	0	0.5964145001614575	1	1
LRRC2	0.014024864186067862	1	10	0	-0.5928662702874201	1	0.75
SLC25A1	0.017841271963494686	0	2	2	0.5925886046543873	1	1
IDH3B	1.0401267618036053e-6	5.078435354942748e-6	3	1	-0.5901497320467672	1	1
DERL1	5.415448778374396e-4	0.02479971258851875	7	1	-0.5900234003045279	1	1
GOLGA2	4.532556640548282e-7	0.5106516127399353	4	0	-0.5860723115983894	1	1
MTSS1	0.00794218471677438	0.011865325298081014	10	1	0.5846966116105974	1	1
BCL6	4.80986193439794e-8	3.0784578071208196e-4	5	1	0.5799009612098419	1	1
HIPK2	0.0018412557762639756	0.0013211744215506141	3	1	-0.5785634520025251	1	1
BMPR1B	0.021411426571015923	0.05533033976748119	4	0	0.5766934031426036	1	1
PRPF3	0.01849610977238729	1	9	0	0.5762273202670606	1	0.75
TBC1D15	0.006977270759478045	1	8	0	-0.5760941161908097	1	1
SAMD4A	0.02057103095278952	0	2	2	-0.5759071828121427	1	1
LDB3	0.003110827122576216	1	5	0	0.5749037613024071	1	0.75
ARHGEF10L	0.01851781001393689	1	6	0	-0.5747071100892361	1	1
PHC1	0.024128041500807197	0.3136730923048884	4	0	0.574066260119591	1	1
RNF114	0.006225939970392752	5.136309129972701e-4	3	1	0.5730945137505541	1	1
RCSD1	2.7995774215251532e-5	7.75134930126778e-5	5	1	0.5706763200898848	1	1
LPIN1	3.3669224580767265e-4	0.03328272810200634	7	1	0.5664616942187478	1	1
ABI1	0.00468959729426568	0.04133197290443644	9	1	0.5657610049091226	1	1
PDE8A	0.03448543462261267	0.023989792482813424	6	1	0.5643911577688986	1	1
EXTL3_LOC113269942	0.016729346237831882	0.528344049765301	6	0	-0.5635358630972546	1	1
ATP9B	0.007575805834141345	0.010633410998617419	3	1	0.5579439867223241	1	1
CLSTN1	0.028323297586109138	0.4656363371956622	7	0	0.5571587793566248	1	0.75
FITM2	2.5618737603309735e-4	3.7882564900909545e-5	4	1	-0.5565271537301636	1	1
ANK3	8.774268937980482e-10	2.8207959418090126e-8	4	2	0.5547572436139913	1	1
SSR1	0.04362513438005453	0.008413612025154726	3	1	0.5535966837008601	1	1
KLHL12	0.02449173550033806	0.08007163315178212	7	0	-0.553277285455515	1	1
LOC113246298	0.012788613414850715	1	8	0	0.5520886328753092	1	0.5
ACSS2	0.005302251353969945	0.02430634151624255	5	2	0.54865244270388	1	1
ENO1	0.005757852870885818	0.7869454679875589	4	0	0.5479026866002008	1	1
DVL1	0.012823656186789382	0.013930569497818944	4	1	0.5463237317241757	1	1
TMCC1	0.018304755743390737	0.16121195108386524	4	0	-0.5453614733439652	1	1
MMD	0.008953343861626875	1	9	0	-0.543657579412376	1	1
GAS8	0.021903117419288878	0.6384293614917159	7	0	-0.5435512651053783	1	0.75
FAM234B	0.021149713344318588	0.03777369475150368	4	2	-0.5424893965525911	1	1
USO1	2.6664211042082655e-11	0.0011528776217179214	7	2	-0.5421335278042758	1	1
LOC113244591	0.005102398763090174	1.828202765673577e-4	4	1	0.5416882041892543	1	1
LARGE1	6.872531385388784e-4	0.0020860873329239973	4	1	-0.5396974985553501	1	1
MAPK1IP1L	2.2080667142409085e-5	0.002564207684979265	5	1	-0.5395949286817825	1	1
APBB2	0.03567395200022155	1	8	0	0.5390371759929072	1	1
CUNH20orf194	0.0041825660249879505	0	2	2	-0.5373128922325756	1	1
OAZ1	1.8551713679476447e-11	1.2936757203817992e-13	3	2	0.5358853806930407	1	1
PDLIM7	0.005779931126089504	0.10074702936219639	9	0	0.5358694799755863	1	1
MTF2	0.026761203582682094	0.015611608410287697	3	1	-0.5330782362762083	1	1
MAP7D3	9.966572795028605e-4	0.09022361159120489	9	0	-0.5327091072947396	1	0.75
FGFR1OP	0.004410033490439711	0.7681098565267167	3	0	-0.531934096590615	1	1
APP	8.113935644778741e-19	3.584268096968455e-7	6	1	0.5282995200220885	1	1
RIDA	0.0023479695725866097	5.008003541272388e-4	3	1	0.5281961007319689	1	1
RFWD3	0.015331585022662002	0.01998257315253324	5	1	0.526405926159043	1	1
ZMIZ1	0.019959778971684085	1	5	0	-0.52633732170054	1	0.75
UBE4B	0.018897255782143626	0.16771194856516058	3	0	0.5260931733125092	1	1
ENPEP	0.007750628984649636	0.32179544500685925	6	0	-0.52515618943447	1	1
TECR	0.00740263745540159	0	2	2	-0.524835687176374	1	1
TTPAL	1.1556037938786562e-8	7.142865215310092e-6	9	1	0.5244225786007943	1	1
TSN	0.017802592474723277	0.003007403871158862	3	1	-0.5230710529999807	1	1
ABLIM1	6.195093476792582e-4	2.1163490766757225e-4	5	1	0.5215301024192783	1	1
ZNF283	0.01501477796290773	0.1462285363056004	6	0	-0.5162959642648828	1	0.75
UBE2E3	0.027499349616081255	0.03915383187804606	3	1	0.5160982130634445	1	1
LOC113258763	0.026152709333081826	0.5064000821066124	6	0	-0.5156366662332059	1	0.75
KSR1	8.571395018451308e-4	1	7	0	-0.5129604418875857	1	0.75
MAT2B	1.2029579532406599e-6	2.7883776505717796e-5	3	1	0.5123858863702784	1	1
ARFGAP2	1.37575581195266e-4	9.590491458967875e-4	8	1	0.5115148202239731	1	1
PPFIBP2	0.00347424724290459	1	10	0	0.5104404615939688	1	0.5
GOPC	0.038048429948173916	0	2	2	-0.5098489374518104	1	1
LOC113244552	0.003355844537758449	0.27366865712484056	6	0	-0.508728065657529	1	1
HPN	0.03547680159814901	1	6	0	-0.5081113379357357	1	1
SUPT5H	0.03252626547898794	0.031005050611633146	4	1	-0.5070199566273695	1	1
C1R	1.380993077298629e-6	0.051278960747094524	5	0	0.5069397320120571	1	1
USP40	0.0012790407061574935	0.04372085803110209	7	1	0.5067333727581955	1	0.75
EEF2K	0.023309337314011816	1	7	0	-0.506715841854285	1	1
FSD1L	2.0182294435230426e-6	4.989180390776336e-4	5	1	0.5066766664143337	1	1
ATG14	0.026464813725492413	0.0038735948176343155	4	1	-0.5059840221059477	1	1
ATAT1	0.005307463230996031	0.1901590429368473	7	0	0.5058205082407954	1	1
SLK	1.380993077298629e-6	0.013437759910354688	3	1	-0.5055769718165906	1	1
ASXL1	0.03448543462261267	1	6	0	0.5044838504668728	1	1
ITFG1	0.008070225195130598	0	2	2	0.5024763767757535	1	1
RNF168	0.02807456732327427	1	5	0	-0.5022838561036812	1	0.75
MED24	0.0398728019528912	0.9260015722365316	12	0	0.5022828588212862	1	1
CSTF1	0.001032328479711887	1	4	0	0.5020471242015073	1	1
TMOD1	0.033912422071792535	0.18780045333478576	3	0	-0.5011398403716955	1	1
SACM1L	0.046352968360561915	0.20203999752110438	5	0	-0.5010474631154352	1	1
ZKSCAN8	0.04351065166406603	1	6	0	-0.4991623980695664	1	0.75
SUMF1	0.0017464634424802688	0.060829774256586235	4	0	-0.49785910060119287	1	1
RNF115	0.01153283116385218	0.001875717495328051	4	2	0.4963525239335538	1	1
RAB29	0.04709882072092005	1	6	0	-0.4959659075713638	1	1
YIPF2	0.017239252364383572	1	7	0	-0.49497329731978557	1	1
AHCYL2	7.68013347497906e-5	0.04394798459437821	5	1	0.4934077243356165	1	1
FAT1	0.029746394800039405	0.0019507929808383012	6	1	-0.49317576934745283	1	1
VPS13C	0.001362200583064121	0.27542809537440277	5	0	-0.4920328934712302	1	1
ZHX1	8.377344493627202e-5	1.4964041428589522e-5	4	2	0.4876417469497558	1	1
AMOTL1	1.6538780236546548e-6	0.042701419762776964	8	1	-0.4875953156857121	1	1
LAS1L	0.0027955636923886634	1	13	0	-0.4863050189825923	1	0.75
BCAS3	0.005302251353969945	0.11081170161787963	11	0	-0.4847607873963063	1	0.75
EPB41	0.007946804725795707	0.0014137793768052925	7	1	-0.48419346628625787	1	1
EML1	0.03986834062524308	1	5	0	-0.48132604639334886	1	0.75
USP2	0.006469435746288855	0.041668004388809736	4	1	-0.48105382337724156	1	1
CASP6	0.03495739580305372	1	5	0	-0.48023030343136475	1	1
SEPT8	0.026370792219843252	0.7687854984358007	8	0	-0.4798361518610442	1	1
RAB11FIP3	2.668494946050969e-4	2.3136279532084226e-4	3	2	0.47743580698325416	1	1
MAP3K20	1.7765242405318036e-22	1.3163247236063056e-14	5	2	0.4766536059731806	1	1
FARP1	0.012202236485110483	1	6	0	0.4755222796652641	1	1
ADD1	3.499593474682436e-8	0.002462679849959406	7	1	-0.4752857458950821	1	1
VPS13B	0.013990292557250457	0.002905246994711923	5	1	0.4747923479893879	1	1
SVIL	2.8422147038826235e-7	0.686810176323813	13	0	-0.47460073028006605	1	1
SYTL2	9.717584434584611e-4	0.8831717222639693	6	0	0.47178098286793535	1	1
ANK2	4.532556640548282e-7	0.02195806281904904	8	1	-0.46998560812908385	1	1
SORBS1	9.726926241098281e-13	8.729455730787964e-4	15	1	-0.46972542582082355	1	1
RNF138	0.012823656186789382	0.9098685187868956	8	0	0.46949332575604497	1	0.75
NLN	0.02122450011660683	0.0026285216951132465	3	1	0.46604509011153006	1	1
CLIC5	3.592990468268293e-10	4.081509893269151e-7	3	2	0.4655071342447293	1	1
SORT1	0.03864585822143903	0.16179780638078692	3	0	0.4621140205757158	1	1
DYRK1B	0.049228022702801064	0.5481167151216999	6	0	-0.4620019494401983	1	0.75
SPAG9	1.4376264534334756e-6	0.0066670209951001985	5	1	0.45859196796613644	1	1
LAMA4	0.04475395089083051	1	7	0	0.45514674066312377	1	1
CAMK2G	0.023480261619867344	0.004350334676479711	4	1	0.45426113971527016	1	1
AKTIP	0.0065774821632177734	0.031641710161554384	5	1	-0.45359290240383876	1	1
KIAA0513	0.03172950720915135	0.111339668368283	4	0	0.45170626293110167	1	1
ANKRD6	0.015005252955736893	1	4	0	-0.45029216619039825	1	1
SGCG	0.01810508555904061	0.6713683067665953	6	0	-0.449984137333033	1	1
PRKAB2	0.0018440931436515403	0.1552093439497054	9	0	-0.44929453518601525	1	1
RAB6A	0.033950259584869476	0	2	2	0.4489592072326618	1	1
SLC2A9	2.3082820031220569e-4	1	11	0	0.4470234386083032	1	0.75
CD99	8.408544355825406e-10	1.9452441637252535e-5	4	3	0.4465867151469535	1	1
TRIT1	0.003485618777813829	0.19839110493604198	8	0	-0.44454185276579783	1	1
TMEM30A	0.002106649964590513	0.026749316615021276	6	1	0.4441388910441989	1	1
LAMB2	0.03261035452684167	0.03136633351130812	6	1	-0.443075458698947	1	1
CAMK2A	0.03495739580305372	0.47016763302011666	6	0	-0.4429470046840435	0.75	0.75
FXR1	4.243034348168273e-17	1.2015044247615952e-4	6	1	0.4425450526902483	1	1
CASP8AP2	0.017438138378986362	0.07774893358397805	7	0	0.43969680295590885	1	1
LOC113247645	7.503013297671456e-4	1.6830764428587834e-4	7	1	0.43908057982398474	1	1
AK2	0.027499349616081255	0.1193792319342272	4	0	-0.4387699745842645	1	1
PIGN	0.0058446034637645375	1	4	0	-0.43873215401522175	1	1
PHLDB1	0.0017117953839080153	0.4065051677825784	9	0	-0.43832046308649464	1	1
RNF216	0.0016989434676732064	0.5608771160288469	9	0	-0.4382811003372398	1	1
OSBPL8	1.0471395519854908e-6	0.8748745242594548	9	0	0.43436690033161507	1	1
ACSL4	0.013352763400389411	1	9	0	-0.4335021288877885	1	1
KLC1	8.537313835264268e-4	6.709840772598297e-4	11	1	0.43181254684207276	1	1
IFI44	4.642236618212702e-6	0.016700933695566043	8	1	0.4292957697524088	1	1
RTN4	4.545017184665032e-4	0.0016623040607065356	5	2	0.4292669654432145	1	1
FYCO1	0.026464813725492413	0.1948924348246719	4	0	0.42880508010821855	1	1
ACTN2	0.0351591383777904	0.27341661577803356	6	0	0.4285475757812481	1	0.75
LRRFIP2	2.230671808092175e-13	1.2845349169649748e-4	11	2	-0.42746322495948946	1	1
LOC113261568	0.04889006711733914	1	5	0	-0.42616167041209807	1	1
ESYT2	6.088789035905669e-7	0.013295096417517225	7	2	0.42613741490970236	1	1
LRP1	0.044644643743543926	0	2	2	-0.4253864759313534	1	1
OSBPL6	0.04291161918510815	1	7	0	-0.42439893923468536	1	1
RBBP5	0.0035619297347822252	1	8	0	-0.42438316362216205	1	1
ERBIN	0.01674422152253166	1	6	0	0.42152768385729894	1	1
XPO4	5.3538968860744055e-5	1	7	0	0.4205048222512218	1	1
PDHA1_LOC113242247	0.020883713228427192	0	2	2	0.420023950713408	1	1
RNGTT	0.03567395200022155	0.6646530643819816	5	0	-0.4193693153106386	1	1
DUSP26	2.2395165358582582e-5	0.1545185533538	5	0	0.4154413867374841	1	1
GPAM	2.607380477481296e-4	0.005096411773465899	14	1	-0.4137409707323256	1	1
NUMA1	0.04251421022064543	1	9	0	-0.4109322905080056	1	1
DOCK9	0.02807456732327427	1	6	0	-0.4106393852301395	1	1
RNF6	0.007575805834141345	0.03874094917830231	9	1	-0.4088201496440207	1	1
ABCD3	8.537313835264268e-4	0.0032108341364740344	6	1	-0.408738266309424	1	1
NEDD4L	8.215828421422708e-11	0.05565000367816948	8	0	-0.40818842713781106	1	1
BCAR3	0.03824205044275699	1	4	0	-0.4068011830398697	1	1
POLR3E	0.018880240378410625	1	7	0	0.4066058759670626	1	1
DNAJB6	7.464741212552803e-13	8.654589092072376e-6	9	1	-0.4063380906056268	1	1
SQSTM1	0.02776959071237615	0.19833978269273253	3	0	-0.4061407444560636	1	1
INSR	6.571795354282747e-7	1.0385481967473559e-5	5	2	-0.4059322283006118	1	1
AGL	6.677974934924508e-7	0.020415666481042736	9	2	-0.40464624756361167	1	1
VIPAS39	0.035406801013829335	1	9	0	0.4044632063519591	1	1
SIK3	0.0016989434676732064	0.062189665510725925	6	0	0.4029225688154155	1	1
MYO6	5.83506776230878e-10	1	10	0	0.40237832346198976	1	1
C2CD5	0.004110653559280183	1	12	0	0.4011887393121579	1	1
TCP11L2	0.040914577759432864	1	7	0	0.40030884271597905	1	1
WIPI1	0.04984114239445727	1	4	0	0.39993133087140775	1	0.75
CSDE1	2.567249237168212e-16	2.2338446701772325e-6	9	1	-0.3994136650156398	1	1
PLIN2	3.657843383116447e-5	0.006900540438528242	5	1	-0.39909940670805727	1	1
LOC113244018	0.008061211785945065	0.01337714419042404	3	1	-0.39896472152258355	1	1
LARP4B	0.011735961183447044	0.01147527143151684	3	2	-0.39876491586784335	1	1
PGBD1	0.026464813725492413	1	5	0	-0.39688183679215483	1	1
OSBPL9	0.012027177612934675	0.4248529693481596	6	0	0.39677808953182114	1	1
CREB3	0.012579312585176677	1	5	0	0.3954403167418516	1	1
PTK2	0.01526471161282481	0.9867517894968666	8	0	-0.3921247044328954	1	1
DGKZ	4.539425891840041e-5	0.6424184925755216	12	0	-0.3907075527530972	1	0.75
SYNPO2	1.2083902441917949e-10	0.18485008702767997	13	0	-0.39063080237382747	1	1
DCAF6	1.0401267618036053e-6	0.21649921178016257	11	0	0.3894942951635905	1	1
MLF1	0.0086975090344361735	1	6	0	0.3893269016874278	1	1
ABCD4	0.0017192381842324285	0.2084429037886571	7	0	0.38928177104195	1	1
HMBOX1	0.03560343132460704	1	6	0	-0.3888435847778434	1	1
USP47	2.230671808092175e-13	0.0028581870869398866	7	2	-0.3856757869575998	1	1
YARS	0.043036602710433504	0.6810286694585311	8	0	-0.3850086062261203	1	1
SUPT20H	0.0017780380941093952	1	15	0	0.38413819519896053	1	0.75
CHD2	0.04312372726095796	0.7514770486674995	10	0	0.382895746827115	1	1
RUFY3	0.016763002346923225	1	5	0	0.38233048661677665	1	1
PEX5	0.03795903936578242	1	10	0	-0.38198994213433674	1	1
OBSCN	0.004354545435455496	0.25752683566367385	8	0	0.3811481706099742	1	1
CAPN7	0.019203444848483426	0.48413890421572936	8	0	0.38060536583096544	1	1
LOC113246291	0.014376647644181397	0.5752854650099827	9	0	-0.37965934162723386	1	1
ZDHHC6	0.023309337314011816	1	4	0	-0.3793201724529117	1	1
PC	8.085061850814346e-4	0.620601227588881	13	0	-0.37643249525261774	1	1
PATZ1	0.03701479561454151	0.0037843454637506006	4	1	0.3759594326698341	1	1
PABPC4	4.174412734353058e-6	0.021396748996348136	6	1	0.37559933133851026	1	1
RETREG1	9.841435052536478e-4	0.005232622610818373	5	1	-0.3747123759199253	1	1
FDFT1	0.003916324686191643	2.7088437127271585e-4	3	1	0.3746806227399132	1	1
MEF2A	7.507345415364438e-17	1.6999008791583205e-4	11	2	-0.3717272945097707	1	1
ATP6V1H	0.03971770960153276	0.028657284673176617	3	1	0.37152791249411	1	1
INPP4A	0.0065774821632177734	1	5	0	0.3712127494600187	1	1
FAM13B	0.002029534850308901	1	7	0	0.3711872935989605	1	1
LOC113243115	0.014388107792034626	0.037287855431508574	9	1	0.36861051972905073	1	1
TRA2A	0.02099722396839541	1	10	0	-0.3682191418492664	1	1
ZNF606	0.0011850240313891858	0.1276480496704876	5	0	0.367621254184314	1	1
B3GALNT1	0.006351889805550847	0.5831467247889067	10	0	-0.3668508309880644	1	1
ZFP36L1	0.003376962150859328	0.014290521739958617	4	1	0.36580969790338846	1	1
SNX5	0.03394822928268475	0.51244430251271	5	0	0.3655349935540603	1	1
CBFB	0.046352968360561915	0.6954418609364813	3	0	0.36482178728550413	1	1
PEX11A	0.045664650395463066	1	6	0	0.3642396451163671	1	1
KIF1C	0.0400380817038984	0	2	2	0.36355268731548973	1	1
RAB3GAP1	0.0017316706290548434	0.04379902301195044	9	1	-0.3624321332952837	1	1
SNX14	4.827046954483863e-4	0.11951456654530589	9	0	-0.36201307987752973	1	1
CSNK1A1	4.425981528309833e-6	9.32738214331759e-4	6	2	-0.3602198614523447	1	1
RNF14	0.028705100524903476	0.08650041009261125	13	0	0.35989582154954586	1	1
YWHAE	6.848750258986254e-11	7.870854770991719e-9	5	3	0.35874998344028936	1	1
VNN1	0.02099722396839541	1	8	0	-0.3576216781893241	1	0.75
SELENOT	0.03227760110514948	0.00295161624725934	5	1	0.35754285591037954	1	1
ARHGEF28	0.0012576879648960918	0.01642417571998324	3	1	0.3570158675709809	1	1
MINDY2	0.03292491445138161	1	4	0	0.35692008731284985	1	1
PABPC1	0.03923018430673483	1	7	0	-0.35643167050009433	1	1
MTHFR	0.025648600929988188	0.19378759709851393	10	0	-0.354906549945851	1	1
PHKA1	0.003916324686191643	0.32534557758428956	9	0	0.3547842993666511	1	1
ZNF638	4.514957566725417e-6	0.033262432995786385	12	1	-0.3510908874797392	1	1
FBXL3	0.009910385611591787	8.317193910527466e-4	3	1	-0.35065879897073615	1	1
MRPS10	0.02564138586299772	0.2988309180438996	4	0	-0.3482839923002209	1	1
MAP4K4	4.137941509836815e-8	1	10	0	0.3470688636130634	1	1
RALGAPA1	0.020671890958437366	0.3016370714479836	9	0	-0.34624504568409376	1	1
SPPL2A	0.0052636812228763746	4.0213702851254985e-4	3	2	-0.3442408289701352	1	1
CLIP1	8.432761033033672e-16	0.015295106032207349	12	2	0.34336795928218605	1	1
APC	0.0022447074837907903	0.08425642384604329	7	0	-0.3432133807853563	1	1
DYRK1A	0.0020633401835190514	1	10	0	0.34291279830826227	1	1
N4BP2L2	0.039476817799630214	0.20356016968349236	7	0	0.33950905517928665	1	1
COL12A1	0.003485618777813829	1	7	0	0.33838846106070014	1	1
ENSA	7.430038309243723e-5	3.0451468036557995e-6	5	1	0.338047350373583	1	1
UCKL1	3.109183595419353e-4	1	16	0	-0.3375664333902782	1	0.75
SDCCAG8	0.017233414667739262	1	7	0	-0.33639364159481777	1	0.75
ADGRF5	2.0243039646281968e-4	0.011622306645832274	5	2	0.3361180695262526	1	1
USP25	1.3024396250559323e-4	0.03436005912159373	6	1	-0.336063129261157	1	1
EPS15	2.500989874752018e-4	1	10	0	0.3359337308854593	1	1
PPP3CB	0.006390478247820294	0.6481281362797314	6	0	0.3357433998838107	1	1
TMEM87A	0.017438138378986362	1	8	0	0.3351252162501922	1	1
RIF1	0.041958642999080024	0.16871390418809318	8	0	0.3342709965383907	1	1
SASH1	0.006534842823947593	0.016098788784505276	6	1	0.3340867000595611	1	1
LOC113244413	0.03804373097694691	1	11	0	-0.3328389577359505	1	1
KLHL7	0.002963318682489325	0.04877576278995195	10	1	-0.33207476647022477	1	1
CXCL12	0.017233414667739262	0.002008916123683826	3	2	-0.33194690411672056	1	1
CTNNB1	0.012027177612934675	0.501190761253832	6	0	0.3313231197141358	1	1
ZNF212	0.01856133189561027	1	5	0	-0.33032966165872024	1	1
ACAD11	0.026473165444046015	0.0018867623679299013	5	1	0.3293799980579377	1	1
TTN	3.88618589549e-7	1	16	0	0.329147069343763	1	1
SLC25A36	0.007340548776090029	0.3496259887783364	8	0	0.3276859845713411	1	1
SARAF	0.018360545396523605	0.016789702391207757	5	1	-0.32511872949747167	1	1
MYOM1	1.3244367755583378e-4	1	12	0	-0.3241099471184219	1	1
ALDOA	2.9986074281302617e-10	3.528609495541867e-4	5	2	-0.3239681941332434	1	1
PUM1	0.029562399681898537	0.6229507509102252	10	0	-0.32392888586402535	1	1
ENAH	0.004855339438517507	0.027029717855429725	5	1	0.32310830051146233	1	1
ACLY	0.003110827122576216	1	11	0	0.3203759574750785	1	1
R3HCC1L	0.03992429338045671	1	10	0	-0.31991788068898663	1	1
SEPT11	0.001283352161653724	1	7	0	0.31944123794771934	1	1
DDR1	0.011332118145953772	1	6	0	0.31898720219052523	1	1
MECOM	5.654677785524795e-5	0.31786584715241056	9	0	-0.3186694241991842	1	1
PRXL2A	0.006979440555393711	1	7	0	0.3180115606428996	1	1
RBM23	0.01851781001393689	0.03516120679086275	5	1	0.31731809698330204	1	1
PICALM	5.298606612949227e-7	8.143740088158034e-4	9	1	0.31421335721002724	1	1
EPB41L2	0.006558415530349821	0.2779668887339558	9	0	-0.31415262699652274	1	1
UBFD1	0.0321891389091804	0.16184619930481506	6	0	0.3138115048395293	1	1
UBR3	0.011189728231403573	1	3	0	-0.3124368323781228	1	1
NIPBL	0.029709624532647343	0.10084817304633004	6	0	0.3110616397804206	1	1
SMC1A	0.03586083647759202	1	6	0	-0.3106767355501271	1	1
RABGAP1L	0.02467779673177332	0.06958700028499692	3	0	0.30876939801802394	1	1
ARID1B	0.004299957963833817	0.12869860694290366	7	0	-0.30825475714746964	1	1
ABCC9	0.04709882072092005	0.3161926249520497	13	0	-0.30702025491550755	1	1
SGMS1	0.01142666366683721	0.0016766072110496368	8	1	-0.3068064573474695	1	1
NFIB	0.006558415530349821	0.022538826070304288	5	1	-0.3049802302971451	1	1
LOC113263700	0.017203773203711494	0.03804168570438205	4	1	0.3035024668815221	1	1
NCOR1	0.0016775627027989142	0.02491718674910581	9	1	0.30297603106832083	1	1
MAPK9	0.005307625207523682	1	7	0	0.30282551174925326	1	1
PCNP	0.01610681175161091	1	10	0	0.30271982712260237	1	1
RCL1	0.0016989434676732064	1	13	0	-0.3006713913207345	1	1
RPRD2	0.039812994782974696	0.39505988418167365	6	0	0.29949858600997564	1	1
PCYT1A	0.04510699026465727	0.9366381164510208	7	0	-0.2982311005590048	1	1
PPP2R5C	0.04934166387258016	1	11	0	0.2960625905531099	1	1
TBC1D1	8.571395018451308e-4	1	8	0	-0.2937082707657323	1	1
ARHGEF7	8.342251170935523e-4	0.43766575136281793	15	0	-0.2899216973202847	1	1
DOCK1	0.02669005006096477	1	8	0	-0.2858910770661095	1	1
PLEKHB2	4.801978057331667e-7	0.0020957157079523315	5	1	0.28585151313892815	1	1
REPS1	0.023309337314011816	0.3141859942414987	5	0	-0.2851858807131928	1	1
STAU2	0.0351591383777904	0.27405219254920565	8	0	-0.2851390556274549	1	1
MYBPC1	8.776844880146137e-5	0.6180054551878446	16	0	-0.2837419329499554	1	1
IPO11	0.004435785324765317	0.8981490450903138	11	0	0.2800012426245006	1	1
DST	1.9926933129216213e-11	1	20	0	0.2799521457579798	1	1
MATR3	0.02788581577164691	1	9	0	0.27893229967759026	1	1
GPRC5C	0.023480261619867344	1	10	0	0.2780857919270461	1	1
SMUG1	0.04698494946790713	1	9	0	-0.2772108755950775	1	1
BNIP2	0.03992429338045671	0.38000830806078967	7	0	0.2768510192125889	1	1
LAMB1	0.003376962150859328	0.492728798829748	11	0	0.2756799204905081	1	0.75
SRP9	0.006390478247820294	1	4	0	-0.2749140584788118	1	1
AP1G1	0.006469435746288855	1	4	0	-0.2743752317075576	1	1
LARP1B	0.045664650395463066	1	12	0	0.2681390149688775	1	1
PAFAH1B2	0.005545185783132767	0.007444835474792083	6	1	0.267472242980011	1	1
SCP2	0.016656078712640805	0.026367841055011252	4	1	0.2666447437049413	1	1
STAG1	0.023309337314011816	0.159989012523088	6	0	-0.2649816118184921	1	1
FBXO21	7.503013297671456e-4	0.005287295006922303	8	1	0.2642503287607734	1	1
ZFAND5	4.484459496339331e-4	6.758542473455181e-4	4	2	0.26422260767180095	1	1
DDX17	0.011703668175003115	0.034686560303632985	4	1	0.26408010046219765	1	1
RHOBTB1	5.461229969369783e-4	0.35498658491414736	12	0	0.26313346285376527	1	1
PTPN13	0.011414766925741305	0.7251048300822462	9	0	0.2618611254937171	1	1
RAB28	0.0017773592484400956	1	6	0	-0.26134679075092	1	1
LOC113250365	0.039476817799630214	1	15	0	0.2607603506819316	1	0.75
IVNS1ABP	0.048276548488195604	0.7831637054186658	8	0	0.2605122548707309	1	1
TACC2	4.942333705974478e-4	1	10	0	-0.257843554940294	1	0.75
PPIP5K1	0.00924440027717298	1	13	0	0.2572806667837234	1	0.75
LAMB3	0.0398728019528912	0.41823886073771194	10	0	-0.2567302560371963	1	1
CYLD	0.010854295403016632	0.4370707484907432	11	0	-0.2554758438286152	1	1
UBQLN1	0.03701479561454151	0.5981096602132477	4	0	0.2548739044822958	1	1
ATP2C1	1.642245701056766e-4	0.9278520434037292	9	0	-0.2512915692007077	1	1
HSDL2	5.2507432302976115e-8	2.3765408018873236e-8	5	1	0.24736439151739822	1	1
KIAA1191	3.143375145047844e-4	1	7	0	0.24305145867079608	1	1
BCLAF1	0.004179369702622447	1	10	0	0.2408212782542263	1	1
KIAA0232	0.0012610283784891853	0.014735788364289484	9	1	-0.24058994513240595	1	1
CUNH6orf106	0.005300898149354811	0.6886924481018261	4	0	0.23954224933878332	1	1
TMBIM1	0.04251421022064543	1	4	0	0.2388803670751755	1	1
TUT4	0.037721101687798166	0.043586661465924735	8	1	-0.2387547926318374	1	1
PLA2G16	0.011852133549180572	1	6	0	-0.23842557746590856	1	1
PRKAR1A	0.007588534339099373	0.018898147482559156	5	2	-0.2373116946577256	1	1
GOLGA4	0.006566305069239207	0.32269077964749804	8	0	-0.23545903329735712	1	1
NCOA4	1.1118933375536475e-11	1.9240378341644837e-5	7	2	-0.23537428875711636	1	1
SLC25A12	1.787047489546044e-5	1	14	0	0.23520601798502108	1	1
APPL1	0.04531625913978757	1	7	0	-0.2346800086502	1	1
NSD3	0.044644643743543926	0.1836664095046061	5	0	0.23412446061174075	1	1
AFDN	9.45401390502113e-7	1	11	0	-0.23397940714277438	1	1
SDHD	0.019267999895153834	0.011021308932544514	4	1	-0.23361529165567163	1	1
MYO9A	0.025259685528288806	1	5	0	-0.2333480898686614	1	1
PCBP2	1.1286377716455566e-6	0.3591592775335268	12	0	0.2332645688329078	1	1
RBM39	0.0023479695725866097	0.0035061418655771455	9	1	0.23150981566734233	1	1
CLASP2	0.003376962150859328	1	15	0	0.22341154570704644	1	1
HERC1	0.01469264184127824	1	9	0	-0.22245246739020946	1	1
ARNT	0.006558415530349821	1	10	0	0.22108243303520603	1	1
RAI14	0.012579312585176677	1	12	0	0.2207937368544753	1	1
ARHGAP24	0.01921711009272823	0.018474221073189245	6	1	-0.22061632677109477	1	1
PTEN	2.519531342258372e-4	0.8858331490590917	3	0	-0.2183687033356489	1	1
DARS	0.0351591383777904	1	7	0	-0.2168403980012965	1	1
NAP1L1	1.0401267618036053e-6	2.146482374324061e-5	7	1	0.2133346558971201	1	1
LOC113246349	0.008497465649194028	0.01589441417390543	6	1	0.21261317648988437	1	1
PPP4R3B	0.0013334428053087355	0.010137343742362121	5	1	-0.20717956744093205	1	1
LOC113258542	0.012202236485110483	1	14	0	-0.20609246952670474	1	1
ZFYVE16	0.04698494946790713	1	5	0	-0.20558506710301505	1	1
NGLY1	0.024420243035803278	1	4	0	0.20381694878097462	1	1
ACOX1	0.017524126614735184	0.45803895046191717	5	0	0.20174090997969685	1	1
TBC1D14	0.018045774788304162	1	12	0	0.2008947683919564	1	1
USP15	0.012846012292703447	1	14	0	0.20030301766401207	1	1
SLC20A2	0.042401391318963554	0.3123831067764957	4	0	-0.20007960838023853	1	1
GID8	0.017841271963494686	0.3825828249752676	7	0	0.19665830342749882	1	1
MIA3	7.871852172247183e-7	0.09977078675560301	11	0	-0.19663432702981842	1	1
MYLK	0.016693523284909764	1	7	0	0.19578548578721006	1	1
SMARCA2	0.0012119620869735863	0.13576268717792878	11	0	0.19126219358172938	1	1
RBFOX2	0.005140953916429958	0.32000400206948576	11	0	-0.18973011471876144	1	1
VPS37A	0.0333834434651206	0.30634648028162564	6	0	0.18906782469183905	1	1
CCDC93	0.001004820019441342	1	5	0	0.18832658012393894	1	1
LOC113253249	9.73297834266202e-12	0.002925560189535719	5	1	0.1880353857956345	1	1
YBX1	0.012823656186789382	0	2	2	-0.1853919088524314	1	1
UAP1	0.04450298789036681	1	13	0	0.18445653908043522	1	1
NCOA6	0.027499349616081255	1	8	0	0.18057904016324086	1	1
HNRNPDL	5.446968237574267e-4	0.009597093383652666	6	1	0.17977086604740802	1	1
CAVIN1	0.009772466602323325	1	5	0	0.1770048067675018	1	1
PPP2R1A	0.01955036208235675	1	4	0	0.17149519686487472	1	1
TRIP12	0.04160180536240645	1	10	0	-0.16905466439865058	1	1
STAT1	0.0026128472656063145	0.17244477475304767	7	0	-0.1649925521110976	1	1
UBE2D3	0.003224504517391352	1	11	0	0.16020027847754964	1	1
CHPT1	0.03567395200022155	1	3	0	0.15990215973406818	1	1
SPARCL1	0.023309337314011816	1	10	0	0.15930697900414117	1	1
CLIC4	0.011110002682315637	1	3	0	-0.15858854734897157	1	1
IFI44L	0.02157395851568834	1	10	0	-0.1573241790542418	1	1
ALDH9A1	0.0035619297347822252	1	5	0	-0.15581180171114012	1	1
LOC113249364	0.0052636812228763746	1	7	0	0.15236782276028915	1	1
SF1	0.01851781001393689	1	14	0	0.14969902778682515	1	1
CSNK2A1	0.006332498800012494	1	4	0	0.14846274343167856	1	1
LAMTOR3	0.008175223448501079	1	5	0	0.1421309855245312	1	1
EIF4A2	0.03530969069622909	1	3	0	-0.13963111648667204	1	1
EIF4G2	4.2710114806679476e-4	1	4	0	-0.1334118742779163	1	1
PTPN11	0.03760901228972396	1	3	0	-0.13290090151904976	1	1
PKIA	1.6083833302073448e-4	1	8	0	0.12774889062609684	1	1
HNRNPA1	0.02187383258554008	1	4	0	-0.125953593945891	1	1
RPS24	0.045735971611139827	1	3	0	-0.12145364026139993	1	1
HDLBP	0.0010672231044754346	1	9	0	-0.11866165743505383	1	1
PAM	0.04628214101736237	1	13	0	0.10303365287168334	1	1
