gene_ID	gene_qvalue	minimal_tx_qvalue	number_tx	number_significant_tx	max(Atrium-Stomach)	pct_gene_expr	max_pct_tx_expr
UNC45B	0.004784312531002161	0	2	2	-0.969023817824796	0.8333333333333334	0.8333333333333334
IGSF1	0.04690691136397042	0.37332915791613264	3	0	0.9380852960169804	1	0.6666666666666666
EPAS1	8.58642162049222e-9	0	2	2	-0.9293845719954217	1	1
ATP5F1C	1.5381155257978316e-105	3.343709093759425e-27	4	2	0.9229401820002019	1	1
USP28	2.7640948855177962e-24	1.473553832001637e-16	6	1	-0.9049654222115695	1	0.8333333333333334
TMEM200B	4.3050747283109004e-4	1.1393986693731989e-4	3	1	0.8854361845020556	1	0.8333333333333334
TUBA8	2.728639774867165e-10	0.007258737065773233	4	1	0.8509002577166196	1	1
SYNPO	4.145875799023287e-6	0.006382843229612973	6	1	0.8455406745692519	1	0.8333333333333334
LOC113246045_LOC113245998	0.0036426941137565716	0	2	2	0.8441469908296437	0.8333333333333334	0.8333333333333334
CPT1A	6.914477128647848e-6	5.631751342533095e-7	5	1	0.8405214210294465	1	1
NEBL	1.1107981159538418e-25	4.930719993171417e-26	4	2	0.8261595618022972	1	1
LAPTM5	0.020314293734315283	0.06920437710239297	4	0	-0.823353185136867	1	0.6666666666666666
TIPARP	0.00533019980968636	9.416825841493696e-4	3	2	0.8174145059650291	1	1
NBL1	0.03374158439408034	0	2	2	-0.815555178722581	1	1
EPHA5	0.04276631975137286	0.007739993423944988	4	1	-0.8013160694375018	1	0.8333333333333334
STARD8	0.0061360960633123065	0.0236476728634256	3	1	0.7952100700457377	1	0.6666666666666666
CUNH15orf41	7.42368304541647e-4	1	4	0	-0.7906658090469963	1	0.6666666666666666
ASB4	0.04438581072513758	0.015239738057597242	3	1	-0.7871352582992069	1	0.8333333333333334
DBNDD2	6.540072320832185e-33	3.873395970874942e-23	3	1	0.7860587799397923	1	1
MRVI1	0.015113411135731562	0	2	2	-0.7828882692945306	1	0.8333333333333334
SEMA4D	8.45262589949221e-4	1.0943263274342025e-4	3	2	0.7806939022051289	1	1
LRRC2	0.0040777003479285125	1	13	0	-0.7805050246723303	1	0.8333333333333334
TMEM136	0.004979198956235505	0.0073285696905187984	4	1	0.780056262289071	1	1
CUL9	2.7738932415211006e-4	8.967503522385698e-5	4	1	0.7791106849730357	1	0.8333333333333334
SNX11	0.0271490221738595	0	2	2	-0.7775247693276713	1	0.8333333333333334
ANKRD44	0.015190404029512461	0.024055950855120425	4	1	0.7725323652965106	1	1
SEC61A2	0.003670509086798006	0.002281923226868755	3	1	0.7684326776363227	1	0.8333333333333334
RRP8	0.031320694996509905	0	2	2	0.7667722379809603	1	0.8333333333333334
FRS3	0.018016374621671417	0.5072977034792167	4	0	0.7663142709450458	1	0.6666666666666666
FGFR1OP	0.02431919766993591	0.02797367017780401	3	1	0.7649095330035869	1	0.8333333333333334
SAMD4B	0.0016184536728621095	0	2	2	-0.7636714321201795	1	1
SYT7	0.0012090825878453223	0	2	2	-0.760890844074725	1	1
LOC113256005	0.006632472839476988	0.002280898982150347	3	1	-0.7558582911085702	1	1
FAM117B	0.04533178186215772	0.14050799647380202	3	0	0.7555734409107447	1	0.8333333333333334
LRRC20	0.010930055665470208	1	10	0	0.753748484707082	1	0.6666666666666666
TSPYL5	0.04154148480530943	0.997284809804761	3	0	0.7480490139916167	1	0.6666666666666666
LOC113260144	0.04762513293373926	1	4	0	0.7450007798910955	1	0.6666666666666666
LOC113249819	1.553337331030528e-9	0	2	2	-0.7449090645708806	1	1
PDLIM5	5.798600068183156e-13	1	11	0	0.742679351571068	1	1
MFNG	0.00979633367681734	0.018177646738667213	5	1	0.7414276403481315	1	1
LOC113270472	0.0079661851119239	0.002340582196120097	3	1	0.7375142641741179	1	0.8333333333333334
CNNM4	0.006956608756132744	8.736141612478402e-4	4	2	0.7333727852576725	1	1
ADGRG2	0.041060561022057816	0.0035746121731018454	3	1	-0.7325420433444827	1	0.8333333333333334
FLNC	2.2756442222375113e-25	4.739354413764188e-21	8	2	-0.7314303608649854	1	1
USP10	0.01554285940241534	1	11	0	0.7309445776298867	1	0.8333333333333334
LOC113247381	3.2872673611113745e-14	3.289618782948034e-16	3	2	-0.7306886275659366	1	1
ART3	0.0018930959103756284	0.003451708876578495	4	1	0.7205290637614652	1	1
COG4	0.042138629608935	1	7	0	0.7185847471961055	1	1
PPP1R3A	5.567270105521356e-10	2.2654964477767414e-8	5	1	-0.7147658942291891	1	1
LOC113266115_EGLN3	0.02766224128434074	0.07773709711937636	3	0	-0.713244202052964	1	1
IFT20	2.882352614396829e-4	1.7211420316243885e-5	5	2	0.7130864421612144	1	1
DHX34	0.040201962137885766	0	2	2	0.7069806131334894	1	0.8333333333333334
ARMC3	0.02640864270878181	0.05015309059207192	7	0	-0.7050587121971644	1	0.6666666666666666
MBP	0.04831460833152346	1	7	0	0.7040425000645978	1	0.5
RHBDL3	0.012383888786579825	0.05935350569953971	3	0	0.701003604046527	1	1
ANKRD39	4.5037659415052346e-42	3.535897214759879e-21	7	3	-0.6985187553172096	1	1
VPS52	0.0273742734900862	0.0921762178209675	7	0	0.6984876323536248	1	0.8333333333333334
FAXC	0.026450903466195223	0.005579877985325191	3	1	-0.6954313164011658	1	1
CNTFR	3.7478848615661825e-4	0.006926257876695941	5	2	0.6951143386892793	1	1
LOXL2	0.0038607516311861974	0.2535973147238561	8	0	0.6880427255299749	1	0.8333333333333334
HMGN3	6.237977479658698e-4	8.65267818523026e-5	5	2	0.6864810407772205	1	1
BIN2	0.018444534001439576	0.19223584068873692	5	0	0.684533478878239	1	0.6666666666666666
SFMBT2	0.04690691136397042	0.02863868448186933	5	1	-0.6765582896013376	1	0.8333333333333334
SUSD6	2.5600732997620566e-7	8.104702689326641e-8	6	1	0.6753850209297788	1	1
LOC113254606	0.03855360321310818	0.008645270519126348	3	1	0.6723739427492132	1	0.8333333333333334
ACTR6	0.015190404029512461	0.026528475955195575	6	1	0.6718619581481466	1	1
MRPS23	0.0048652224101236085	0.007589975939428014	3	2	0.6688955578920761	1	1
TMEM245	8.469682085035733e-5	1.6619440792033824e-6	3	2	0.6687557007290275	1	1
PLIN5	3.1084536617620803e-4	0.12250826333188114	7	0	0.6661554796090995	1	1
ALKBH3	6.569089949424185e-4	3.043106704216234e-4	6	1	0.6627270709960211	1	1
PDHX	3.787783004626893e-5	1.8714643048425043e-5	11	1	0.659519528451608	1	1
SRL	3.307778618286227e-7	1.2739566069949502e-7	5	2	-0.6584563980203832	1	1
R3HCC1	0.006718684199633016	0.006499208851586703	8	1	0.657927389288556	1	0.8333333333333334
SYNC	3.126134096486251e-5	2.4959739869702234e-4	5	1	-0.6546450354111029	1	0.8333333333333334
GFPT1	1.024249606041794e-6	1.0044080293948015e-6	3	2	0.6534156943183472	1	1
CEP162	0.041409120979169836	0.03615154187304905	4	1	0.6526673934879973	1	1
ADPRHL1	8.232889014283926e-9	8.425238138161358e-8	5	2	0.6511059915085433	1	1
MIER2	0.020283659309190363	1	7	0	0.6478103019969953	1	0.8333333333333334
ABHD14B	0.020586825818696634	0.6845956075794014	8	0	0.6461549873449508	1	0.8333333333333334
TMEM71	0.02923123479948033	0.3600646056128045	4	0	0.6450317982615567	1	0.8333333333333334
TRDMT1	0.0020185142621290423	0.01972943829040532	5	1	0.6443442729512425	1	1
MED22	0.005461984357702391	0.009609310246182943	4	1	0.6416828401003342	1	1
SMTN	0.0019797852673919007	2.638212806157934e-4	8	1	0.6410940632081841	1	1
L2HGDH	9.093213944293462e-5	0.0022573872271944824	6	1	0.6386051606612628	1	1
MYOM3	0.01803897473823031	0.004003342276767893	5	1	-0.6375813514720242	1	0.8333333333333334
FAM107B	0.0010105194393575637	8.132058514949522e-5	3	2	0.6375291568573147	1	1
MAP2K5	0.03569184437528784	0.39792130186217023	6	0	0.6331589664003483	1	1
SGCD	0.0019797852673919007	0.011598374087900447	5	1	0.6279262346402391	1	1
MYLK3	7.041996634544361e-6	5.590133669776217e-8	3	2	0.6177935600373907	1	1
SH3KBP1	9.296682281533476e-11	1.0270770841324154e-7	3	2	-0.6156518367690024	1	1
ARAP3	9.601390200975591e-5	0.009486205130277304	8	1	-0.6139960927054657	1	0.8333333333333334
ZFYVE1	0.001187602085250563	0.014103417492015434	6	1	0.6136511003969385	1	1
DVL1	0.04525349792801118	0.09153845155624492	5	0	0.6090510813864328	1	1
ARF3	0.023557161402122155	0	2	2	-0.6088778137803528	1	1
TBC1D4	0.0044115235734036905	0.0073280327554750245	6	1	0.6082774001615489	1	1
ZFYVE27	0.001465585962422396	0.09656605976057088	8	0	0.6044657842786191	1	1
PRKDC	2.2450810532716575e-6	3.422491996536934e-6	5	2	-0.6043140955893846	1	1
PHKB	1.1850955401985644e-4	0.014474320712075857	9	1	0.6042932493366211	1	1
FAN1	0.015246374749033368	0.012213259669386219	6	1	0.603564637055508	1	1
MED24	0.008282666985596928	0.10093937566239455	16	0	0.6024262983057398	1	0.8333333333333334
FBXO42	0.02450491996809641	0.2505363414454987	4	0	0.600081888579099	1	1
EML1	2.8202629727032935e-5	0.12952837430929406	5	0	-0.5958980353060093	1	0.8333333333333334
RFX7	0.02171054048096103	0	2	2	0.5935322249297394	1	1
LOC113264440	4.657543433109791e-4	0.0017153263629482798	6	1	0.5932630705881882	1	0.8333333333333334
TUBGCP4	1.1850955401985644e-4	0.0017244825539474754	11	1	0.5856484354251014	1	1
MOGAT1	0.04564552070641087	0.017061816418618925	3	1	0.5855759299595582	1	1
LOC113249271	6.237977479658698e-4	1	5	0	0.5847140791201624	1	1
RAB9B	0.02131123205831309	0	2	2	-0.5828314553424088	1	1
MTFP1	0.037538343494295766	0.07071111680290908	4	0	0.5822318283634926	1	1
VPS8	0.0166440573211931	0.5030272269514203	11	0	0.5801174889706031	1	1
PIP5K1A	0.027540338454032476	0.6769726865407887	11	0	0.5788041007884632	1	0.8333333333333334
CDH19	0.0011729178113512085	0.010503262681321245	3	1	-0.5761849506939193	1	1
SLC27A1	0.0019797852673919007	0.49186539112678684	9	0	0.5748027556267769	1	1
EHMT2	0.00552882711780695	0.7460285861599986	8	0	0.5744558890082457	1	1
ZMYND8	0.007505167971186818	1	13	0	0.5741794621351625	1	1
L3MBTL3	0.027156791169583114	0.027985503969651108	5	1	-0.5739599429791359	1	0.8333333333333334
LIPA	0.031320694996509905	0.1412768705807027	8	0	0.5739461153703329	1	1
FDXR	0.04959912506749239	1	4	0	0.5725121726170217	1	1
QKI	9.868042111116957e-17	3.551040276133554e-12	6	2	-0.5708740973609174	1	1
MCM8	0.01993036126912801	0.007686522703005721	7	1	0.5696819497294023	1	1
TDP2	0.00979633367681734	0.7032755742208328	4	0	-0.5659080136291208	1	1
CCDC136	4.2203379945404836e-4	2.5022017732204653e-4	3	2	-0.5613127049735605	1	1
POLH	0.024362752912324998	0.35002500198320596	6	0	0.5592531495777362	1	1
CSDC2	0.008181153432433743	0	2	2	0.5557558084003884	1	1
ERAP2	0.033585720577192786	0.32100014034120006	4	0	-0.5522844085490128	1	1
SLC7A2	0.019160350401453745	0.0019522934175959204	7	1	0.5496352926795934	1	1
HMBS	4.031800153980149e-7	9.919574274470943e-4	7	2	-0.5482905485884745	1	1
ASPH	3.011054736896566e-24	1.4102225528455363e-13	11	1	-0.547856415358967	1	1
LOC113245930	0.024329145782410817	0.04915512601539501	7	1	0.5472006564171037	1	1
CERS5	6.989155933850383e-4	0.09846106131279016	11	0	0.5462876167433929	1	0.6666666666666666
LRRC39	0.011890842872237605	0.06835515689792719	7	0	-0.5455605843110415	1	0.6666666666666666
EVI5L	0.024247707527571303	0.0752151988685265	3	0	0.5452363335041164	1	1
LOC113246267	0.0017483710556744077	1	7	0	0.5449964399782457	1	0.8333333333333334
RMC1	0.023557161402122155	0.17518739645560136	7	0	0.5437863452242916	1	1
CUNH19orf12	0.009287966121790212	0.19455757458165743	4	0	0.5395878293688161	1	1
IMPA1	0.049314875082558475	0.0649766242231075	5	0	0.5388172416021221	1	1
TXNL1	1.2540043813468475e-8	4.077592780627305e-7	7	1	-0.5377180438905246	1	1
MTSS1	6.895645308837549e-5	0.009828041602119189	12	1	0.5340115723140032	1	1
LOC113246148	0.04252890293483205	0	2	2	0.5335595862958427	1	1
PTS	5.355129806535203e-4	1	7	0	0.5328070263582548	1	0.8333333333333334
EEF1A2	2.4536336069323866e-6	1.0641045355678125e-6	3	1	-0.5326155042701534	1	1
GGT7	0.00744268354589575	1	4	0	0.5324322025764179	1	1
WBP1L	0.012908681326523985	0	2	2	-0.531336718051536	1	1
ADAMTS19	0.03769244455237503	1	4	0	0.5311898879846493	1	1
ACAD9	0.008515952272650963	0.08388438817089966	7	0	0.5267774719949662	1	1
PPP3CB	0.018259939534106304	0.04870764398626359	6	1	0.5262213878867467	1	1
ATF3	0.02764185274828771	0	2	2	0.5261701490501948	1	1
PCDH17	0.041060561022057816	0.141683392271028	3	0	0.523399619069607	1	0.8333333333333334
LOC113252908_LOC113252909	0.004938646783591631	0.004111178382068968	4	1	-0.5201764719088585	1	1
ANXA7	3.5973784459014934e-5	3.8111011008712484e-4	7	1	0.5197970065871491	1	1
NDUFV3	0.02640864270878181	0.004537722132126481	3	2	0.517045423421468	1	1
LOC113244747	0.029529517769034744	0.01970521690551152	8	1	0.5163464030672946	1	1
NRAP	1.0234201084329388e-9	1.9751482856713307e-5	13	1	0.514054689203677	1	0.8333333333333334
KIF1A	0.015009092220374	1	5	0	-0.5135490389871268	1	0.8333333333333334
EMID1	9.912907277423765e-5	0.11773085752148071	6	0	-0.5133860520018076	1	0.8333333333333334
TMEM218	0.0011468564205203112	0.11749956231014302	6	0	0.5129811267505945	1	1
ACTN2	1.4014627313863005e-13	1.3504692542882618e-4	7	2	0.511852334585547	1	0.8333333333333334
SH3RF2	1.7323078504383444e-25	1.6859368100852313e-8	6	2	0.5101137083183228	1	0.8333333333333334
MMGT1	1.3579196073889975e-5	3.7623196476996126e-5	3	2	0.5078943361727415	1	1
MAPK14	0.02131123205831309	0.3213685508288671	12	0	0.5074745432949594	1	1
LOC113245455	6.609851249374234e-7	0.05362718635106285	7	0	-0.5073142772588729	1	0.8333333333333334
DCAF8	0.004160913289993033	0.0012979329681680138	9	1	0.5064468841132922	1	1
SMG6	0.010061257727661851	0.016309032306598893	6	1	0.5055180139379596	1	1
TPM4	3.2872673611113745e-14	9.596542466051332e-11	5	3	0.5053444374658025	1	1
RNFT1	0.0032674164773115826	0.028156213399851932	8	1	0.504644997506639	1	1
GLB1	0.001647797459889743	1	11	0	0.5033000034042523	1	0.8333333333333334
TBC1D23	0.0028898523195397432	0.02917447570917816	8	1	0.5010670688300228	1	1
FILIP1L	0.004259972274153761	0.0015125836537103353	4	1	0.5004754444771963	1	1
LARGE1	0.004989163795330519	1	5	0	0.4999926783742117	1	1
ITGB1BP2	4.2011349097401216e-5	0.48203590141584185	4	0	0.4996440697316756	1	1
ATP8B2	0.009615724022162157	0.10246662321437026	4	0	-0.496403055846339	1	1
HRC	1.5030210472321287e-43	9.07959945168214e-12	9	2	-0.4945113541230386	1	1
RNF115	6.295767904169364e-7	4.807566184036648e-6	5	3	-0.49352299788291965	1	1
FBP2	0.04438581072513758	0.17226173358611493	3	0	0.49287263504845524	1	0.8333333333333334
USPL1	0.0192684908973291	0.8559544002219885	7	0	0.49266652006989997	1	1
KAZN	0.029975712061889877	0.009285514329156096	3	1	0.4925131876723034	1	1
LOC113244953	0.02805085010152869	0.013206105969511668	3	1	0.4877939215787115	1	1
MGST1	0.02082888833289529	1	4	0	-0.4871665511972804	1	1
ILF2	0.015335256258757103	0.668194071206615	6	0	0.4869229538815561	1	1
TPD52L1	0.0376551530366692	1	5	0	0.48644633551409233	1	0.8333333333333334
KIAA0232	6.941473707930128e-4	0.003165249750429648	12	1	0.48628525053221394	1	1
STX6	0.002143129872268022	0.010674579779009387	7	1	-0.4847736271886287	1	1
CHST3	0.02131123205831309	1	6	0	0.4826736117307982	1	1
LOC113249727	0.04173676979351121	0.1075773004472387	9	0	0.4826512258485557	1	1
ELP2	0.0177982858780702	0.1111252468395891	6	0	0.48197428714661955	1	1
CCT8	3.002099451099147e-5	0.015091771721362312	7	2	0.48158665896373654	1	1
NFIB	0.0015291174168731996	8.438006139281645e-4	6	1	0.48122854976663976	1	1
TFRC	4.0917574414545864e-4	0.04184345817964302	7	1	0.477973524358721	1	1
SRGAP2	0.011495126949588126	0.06268652498473729	9	0	-0.47779769502860997	1	0.8333333333333334
COBL	6.905935881434075e-4	0.004472050459350275	9	1	0.4776301388079901	1	1
DNAJB5	0.009225611479847308	1	3	0	0.4772858136476332	1	0.8333333333333334
CLTC	0.0047140211087434705	0.003634664968305481	8	1	0.4771888121878146	1	1
TSPAN9	8.919733213152665e-5	1	10	0	0.47677172748566343	1	1
LOC113254331	0.032086403468217506	0.07844385941866301	6	0	0.4767151503750804	1	0.8333333333333334
RNF157	0.02131123205831309	1	4	0	-0.4763533234045824	1	1
LMO7	1.8645899959336066e-6	0.3935215868366106	10	0	-0.4756252313088327	1	1
NCAM1	8.9263945828605e-6	0.03239823949079327	7	2	0.4743764755184493	1	1
KCNIP2	4.0917574414545864e-4	0.12753758218010883	8	0	0.47417400205129095	1	0.8333333333333334
LOC113249140	9.31689094005112e-4	1.6190177528273534e-5	5	1	0.47030397596211204	1	1
EXOSC10	3.9761234943423915e-5	0.008675992792991548	13	1	0.46976593419631607	1	0.8333333333333334
TTC33	0.033073101486650096	0.047260986987083545	10	1	0.469450081626865	1	1
RHOBTB1	0.02996054261300464	1	13	0	0.46778758129471054	1	1
RALBP1	0.0021527710057284884	0.0032097329588951034	3	2	0.4677638421135686	1	1
ZCCHC9	0.02131123205831309	0.0030475428502482103	3	1	-0.46364466196014636	1	1
NFAT5	0.0044115235734036905	0.04734997455594513	7	1	0.46121184084853306	1	1
LOC113253631	0.0011729178113512085	0.008075971831937114	5	1	0.4603884412101942	1	1
FKBP5	0.028795258889719875	0.045577455680843315	9	1	0.45802052639338364	1	0.8333333333333334
GANAB	0.033833016517693056	0.028613816779522037	7	1	0.45747866285034017	1	1
KIF1B	3.325961718240026e-4	2.9138630505000666e-4	4	2	-0.457238503056975	1	1
GAPVD1	0.027200591149844616	0.09598136516338907	6	0	0.45669773688110255	1	1
SEC22A	0.015580774173527998	0.705790492403154	6	0	0.45509606573803196	1	0.8333333333333334
SETD4	0.021196156838257693	0.15896713505325943	12	0	0.4549441909356802	1	0.8333333333333334
SLMAP	1.7944677984342837e-12	0.3469319748233377	10	0	0.4542162050286762	1	1
FERMT2	1.9347606483376686e-20	0.004530373976927741	11	1	0.45297606847832933	1	1
FZR1	0.04907126751997502	0.1698140693140975	5	0	0.45190461336186527	1	1
MAP3K20	3.0610643889494444e-5	2.5848658884836408e-5	4	2	-0.4517085378364917	1	1
TTC17	0.016509860191172045	1	4	0	0.4516276255956311	1	1
PATJ	4.044288566645705e-5	0.01531137463720339	7	2	0.4516116179287153	1	1
KRIT1	0.04464001331129689	0.015201200948302759	9	1	0.4482279667087597	1	1
PPP1R13B	0.04025619652375439	1	5	0	0.44274764086471063	1	1
LRRFIP1	0.0037489399321647254	0.06658246068216436	11	0	0.44220455164490485	1	1
LEPROTL1	0.002940938442807484	0.037943106340095005	5	1	-0.4377554365551717	1	1
DRG1	0.00800940371434214	0.006019496835981559	6	1	0.43549230741078365	1	1
SP3	0.004557582721956142	0.002750726331454462	5	1	0.43403535515902675	1	1
SEH1L	3.234221783578756e-7	8.64603593243786e-4	5	1	0.4319510887939122	1	1
PDE4D	5.69335052223034e-6	0.5895935141493294	7	0	0.4315566943164118	1	1
LOC113245998	4.975806965474441e-4	0.0060033938910999595	9	1	-0.4310279051150224	1	0.8333333333333334
AK2	0.0020588959514648104	0.02590932982314213	4	1	-0.4309140769910218	1	1
SGCG	0.009079124564953994	0.1021394320314604	6	0	0.42966280853357	1	1
GPD2	0.00759487061622855	0.0040917625465648425	5	1	0.42810211335587517	1	1
PHLDB2	4.682938775012569e-4	0.19570574060868096	13	0	0.4271531101857688	1	1
ZFAND5	0.020503702106911152	0.013992290623938511	5	1	0.42663409494863014	1	1
NT5C3A	0.008444583962640988	0.48570995895611346	6	0	0.4266204392133195	1	1
ABLIM1	6.413651411588835e-29	2.569790782712478e-16	7	2	0.42647300510260133	1	1
DYNLL2	4.065950117621836e-6	0	2	2	-0.4252405806566788	1	1
VMP1	3.4817331406947075e-4	0.04079232495460504	5	1	-0.42451421710915416	1	1
LIG3	0.02131123205831309	0.10497239657026146	5	0	0.4238849629387911	1	1
DHRS7B	0.03520506527690969	0.651799634042872	13	0	0.42287005166089975	1	1
USP3	0.010844854517368134	0.8099912737624374	12	0	0.4219572119188144	1	1
DHRS11	0.00721903935269142	0.11328917477699589	5	0	0.4216552234042645	1	1
DYRK1A	0.01803897473823031	0.11386047012566712	11	0	0.4193986009279461	1	1
RTN4	3.307778618286227e-7	3.0422547857561517e-5	10	1	0.4188402257338901	1	1
S1PR1	0.029377691257678883	0.004032835909542819	4	1	0.41772937502041013	1	1
LOC113258537	0.04435770876961498	0.05112541635520341	8	0	0.417158033274073	1	1
RBM5	0.02430395615228028	0.14088394827309228	14	0	0.41642614110359294	1	1
CPEB4	0.006285776099128708	0.00566619697044039	3	2	0.41320723485701477	1	1
PRKACB	0.023219619387090724	0.0027289340792104326	4	1	0.4102443458038789	1	1
CFL2	0.034745700915418405	0.019105601818489082	7	1	0.4094209973477168	1	1
LOC113248582	0.00825056394138254	0.031796026605064906	4	1	0.40807822608269073	1	1
SH3D19	0.03323419964617789	0.14185716755421346	7	0	0.40794116176531936	1	1
MLF1	0.009079124564953994	0.003751279766479646	6	1	0.40788410650418727	1	1
NDUFAF4	0.007558597716638324	0.028014029502752478	3	1	0.40716725824147054	1	1
CRYAB	3.234221783578756e-7	4.483367823089259e-9	3	2	0.40635261271610523	1	1
METTL15	0.023457383285771988	1	3	0	0.4062118963692035	1	1
RBPJ	0.028404846738508526	0.638399236455788	7	0	0.4028684313002746	1	1
SOBP	0.01718735736743141	0	2	2	-0.4018532093346957	1	1
CDAN1	0.03456935072247012	1	8	0	0.3999797742978548	1	0.8333333333333334
CUNH18orf32	0.03992310084403863	0.43793414486585763	4	0	0.39966361296515324	1	1
TOM1L2	0.0017483710556744077	0.013054235950227427	4	2	0.39862187767873297	1	1
RNF31	0.019258495763284304	0.7771375401894678	8	0	-0.39767291742023886	1	1
IQSEC2	0.01627782512990729	0.012893407183721142	3	2	0.39673088418958535	1	1
CD47	0.029377691257678883	1.7570251351401743e-4	9	1	0.3959025681397125	1	1
ARHGAP25	0.0030994581423448796	0.20839767037821083	6	0	0.3957355649299974	1	1
TPMT	0.0011479213185619755	4.1938446456472856e-5	7	1	0.3950916778385517	1	1
TMEM131L	0.03456636134709484	1	10	0	0.39289096665960455	1	1
EMC1	0.039267275259690884	0.7811627287095606	9	0	0.3917475313235901	1	1
USP47	4.065950117621836e-6	0.010744219121539998	10	1	0.3898478972476494	1	1
PTPRA	0.006632472839476988	0.5108100348460292	6	0	0.3889121195457155	1	1
ZFP90	0.04152188739340707	0.3501111992188657	6	0	0.3833277240297255	1	1
PTK2	0.0025150092789244455	0.5452377107702067	9	0	-0.382072755942783	1	1
SLC25A36	0.03754470229764957	0.18675104095388723	8	0	0.3818892935173493	1	1
ARL15	0.007558597716638324	0.01894103441296017	7	1	0.3813350035610329	1	1
LRRFIP2	0.001187602085250563	1	15	0	0.3806077474631491	1	1
F8	0.024673343340395365	1	8	0	0.3795887444313709	1	1
TRAK1	7.42368304541647e-4	0.07129684709568884	10	0	0.37912205430925117	1	1
LOC113264906	0.04154148480530943	1	7	0	-0.3788836824142391	1	1
ITGB1	0.001725975496754869	5.8488862123700215e-5	4	1	0.37818177045770873	1	1
LOC113258426	0.012244060847269679	1	5	0	0.3774869371019011	1	1
BECN1	0.046350838989094416	0.1455281065197103	9	0	0.3774300832402594	1	1
RHOF	0.005567275008595384	1	12	0	0.37667047106801843	1	0.8333333333333334
IDH3B	6.392687420687288e-4	0.05197778551529118	5	0	0.3762306377028506	1	1
PACS2	8.736459498415175e-5	0.007461027942949781	8	1	0.3756003817126828	1	1
DTNA	1.6855825721149823e-6	0.018462776256614577	12	1	-0.3750883190357755	1	1
TBC1D8	0.0029617724385338005	0.014326788546204384	5	1	-0.37466312301728677	1	1
CSDE1	1.7507344339418052e-9	3.506850806691535e-9	10	1	0.37432494010293466	1	1
USP40	0.018183077372579223	0.5870006576935397	9	0	0.3730629735279027	1	0.8333333333333334
PCGF5	0.021151032294476235	0.03916766458395496	5	1	-0.372889980865053	1	1
FAM214A	0.029036475337073372	0.3413753016192755	11	0	0.3709845142441379	1	0.8333333333333334
CUNH6orf106	6.864777940680534e-4	0.07654788396302743	4	0	-0.37090796724744596	1	1
SLC36A1	0.02367668610190294	0.3194314192995254	6	0	-0.37044330400807	1	1
QRSL1	0.03390402897503598	0.23913024253092996	4	0	-0.3693528208116985	1	1
CUNH19orf47	3.1600045313598103e-4	1	12	0	0.36835251221206095	1	1
PLD1	0.04937108151438281	0.09048544167807693	6	0	0.3675138503065182	1	1
FBLN5	0.023253867852128733	1	3	0	0.36606862788134475	1	1
SEC31A	0.02131123205831309	0.33919340416666083	20	0	0.36548567967355994	1	1
PPHLN1	0.003175352460600182	0.16686372407723649	9	0	0.3644769247740721	1	1
TBL1XR1	0.009845269523906495	0.22658615015944064	9	0	0.36375272551816623	1	0.8333333333333334
DNAJB6	0.02082888833289529	0.12375873068547157	12	0	0.3613184310278553	1	0.8333333333333334
ZNF106	2.6771378400424717e-6	0.0051363769219120985	8	1	-0.36025838436860336	1	1
DYSF	6.575429893122195e-4	0.12732756946646795	14	0	0.3601684162715645	1	1
UBAP2L	0.010695918418431108	0.023157466450511238	15	1	0.36004514387400577	1	1
PEX26	0.04470516835511907	1	9	0	0.3585975916400145	1	1
ZNF582	1.3041067044441496e-4	0.06290261898511812	6	0	-0.35844365546350543	1	1
CEPT1	0.030537924320708877	1	10	0	0.35823743619449067	1	1
SMCHD1	0.02640864270878181	0.8066323170354105	4	0	0.35639019153012896	1	0.8333333333333334
ECHDC1	0.008679201531333272	0.6068198588445479	6	0	0.3550249322942683	1	1
PCDH7	0.013491237261391287	0.004531985586799305	3	1	0.3545513273295611	1	1
KLHL32	0.0032045442433053664	0.03826009859276739	8	1	-0.35387993100602805	1	1
PHKA1	0.025089518719860666	1	10	0	0.35364899946375683	1	1
DCTN1	0.0032354730808781505	0.0043240180928334464	14	1	0.3532109560271919	1	1
VAT1	5.906833946656557e-4	0	2	2	-0.35274126381986093	1	1
NDRG4	0.02131123205831309	0.003120679591455906	3	2	0.35194652620573746	1	1
TNNT2	1.3553925999883011e-4	5.644725584202719e-5	3	1	0.35164264504495274	1	1
SELENOT	0.027540338454032476	0.0015625854038919887	5	1	0.3514172672387398	1	1
ZNF527	0.008928736183506328	1	6	0	0.348983797654963	1	0.8333333333333334
EIF4E2	0.025152854135090365	0.09301534031745558	5	0	0.34779040261265093	1	1
MBTPS1	0.02599899119932882	1	7	0	0.34766525483003	1	1
KANSL3	1.2502047607772514e-7	1	18	0	0.3462750593732234	1	1
LTBP1	2.0892914189161174e-6	0.009288203052988445	7	2	-0.34627046519121035	1	1
KLHL21	0.023253867852128733	0.004525151522990398	3	1	0.34562661161932456	1	1
MECP2	0.010978603471369294	0.019952367910130428	3	1	-0.34562343110865384	1	1
BMP2K	0.03310115465622465	0	2	2	-0.3454313651361669	1	1
HIBCH	0.007911995564883069	1	7	0	0.3450652890363364	1	1
MYL6	2.515188833913037e-4	1.3640293649664275e-4	3	2	-0.34373924149554597	1	1
DOCK9	9.180330778377488e-4	0.007155990165867774	11	1	0.3418917024634213	1	1
ANK2	5.1836403831860044e-12	2.894401007417232e-5	10	2	0.34070169254349325	1	1
CLASP1	3.234221783578756e-7	0.008385138636705534	10	1	0.3404616129171074	1	1
RIOK3	0.005461984357702391	0.030921927630372947	11	1	0.33951113618592543	1	1
LAMB3	0.0024657359655406498	1	9	0	0.33801880029666886	1	1
OSBPL9	0.005065162727017984	1	12	0	0.3361794996790212	1	1
SPG7	0.007190255351432411	0.03592839257618868	5	1	0.33538636224348406	1	1
GGA1	0.029036475337073372	0.06527779489609441	5	0	0.33498538069597816	1	1
CAMK2D	3.0610643889494444e-5	4.93547234522376e-7	9	1	0.3338824907871156	1	1
SLC8A1	0.03600310292936189	0.010398529091781667	5	1	0.33305727414985753	1	1
PRUNE2	0.029529517769034744	0	2	2	-0.33243278018769495	1	1
TPM2	1.6180050102016246e-23	6.989817642231456e-9	6	2	-0.33228841974103135	1	1
SHC1	0.02100991801979267	0.17160783914280311	11	0	0.33218835684856257	1	0.8333333333333334
RASGEF1B	0.009408226573763393	0.13419027846140022	5	0	0.3318556140901276	1	1
KLC1	0.033815890233083304	1	11	0	0.3309256689449984	1	1
HIBADH	0.0275101305769437	1	6	0	-0.3286806502976869	1	1
RPS6KC1	0.005491771248724538	0.016282271021011516	14	1	0.3280583565796082	1	1
DCP1A	0.04831460833152346	1	7	0	0.3270321162710156	1	1
ABI1	0.0012660561838277145	1	14	0	0.32699203200493204	1	1
ATP9B	9.185373618845483e-4	0.6830557600932033	8	0	0.3257564957640195	1	1
PTPRG	0.04077991469977418	1	6	0	-0.32544407545592313	1	1
TTPAL	0.008571014220982562	0.09041945742203926	6	0	-0.3252751385839099	1	1
KANK1	1.309319165743963e-4	1	15	0	0.32511048310713914	1	1
MATN2	0.04318675477228694	0.833323390285419	7	0	-0.3243160149364116	1	1
PPIP5K2	3.486700509508563e-11	1	15	0	0.32282050500964876	1	1
PPP1R10	0.02082888833289529	0.11195701109241549	7	0	-0.320840314193952	1	1
EXOG	0.020503702106911152	1	5	0	-0.3198550939600927	1	1
HSD17B11	0.002940938442807484	0.001205643684806938	4	1	0.31886915339153965	1	1
ENSA	0.00552882711780695	2.4009981157177874e-4	6	1	0.31816613746001465	1	1
DCAF6	7.869082305443602e-4	0.12795331782745747	10	0	0.3179728528983444	1	1
MIDN	0.029377691257678883	0.10994817476758713	4	0	-0.317393439948891	1	1
ERCC6	0.04438581072513758	0.9171194201799991	7	0	0.315072405257186	1	1
MRPS5	0.00652214180268691	1	5	0	0.314043887211877	1	1
ENAH	0.04901686730890324	0.20699926491997178	6	0	0.31349569790909315	1	1
LOC113248431	0.03351471060690311	0.017432402071065962	14	1	0.3133929959186153	1	1
FAR1	0.011422788203874257	0.022191771494580764	7	1	-0.31227796112110773	1	1
CAT	0.00721903935269142	0.036196065757675644	11	1	-0.3105417247391371	1	1
RHOA	0.04295368640256682	0.036878689107801434	3	1	0.3103110217232977	1	1
TOB1	0.048594339562128705	0	2	2	0.3101072578990668	1	1
PPIG	0.007190255351432411	0.11720059507803908	7	0	0.3094260061366422	1	1
TEN1	0.02430395615228028	1	4	0	0.3092489791416413	1	1
PLS1	0.00209803758927213	0.9164769709215956	11	0	0.30871250012112494	1	1
DUSP26	0.009116131887564561	0.06305865710447943	5	0	0.3081663669213968	1	1
EPS15	1.0165599328002141e-6	0.00536657567070622	11	1	0.30771486544211457	1	1
GLUL	0.009408226573763393	0.03728971235442981	6	1	0.30658026121600357	1	1
ETV1	0.019656843078539977	1	6	0	0.30563385731331805	1	1
LOC113245319	0.009287966121790212	0.0645515826838336	6	0	0.3046111119684526	1	1
CDKN2AIP	0.027540338454032476	1	4	0	0.30355748608854904	1	1
CTNND1	0.019541219403911746	0.1609015343758991	13	0	0.3035369979970991	1	1
COL6A3	0.004064784157127031	0.04636183643773521	6	1	0.3033137269611911	1	1
IMPDH2	0.010886525898224277	0	2	2	-0.3032354810150404	1	1
HNRNPA2B1	0.0021917945710705116	0.042143504618080196	10	1	0.30223781371247027	1	1
IDE	0.001785839739454926	0.0032152036643701316	4	1	-0.3004446953100579	1	1
GSTK1	0.021151032294476235	0.0157431326747324	5	1	0.2990744439095907	1	1
NCOA6	0.04254082751175556	1	5	0	0.29781067717950616	1	1
NXPE3	0.049314875082558475	1	5	0	-0.29669429726690144	1	1
CCPG1	4.0917574414545864e-4	0.2971346351971245	9	0	-0.2963331169227431	1	1
AKTIP	0.013274906487036149	1	8	0	0.29624173148841626	1	1
MYO9A	0.010703504061588306	0.04431664466163446	6	1	0.2958882968163451	1	1
LOC113246261	3.1600045313598103e-4	0.16740861937375393	11	0	0.2956180316228167	1	1
CD44	0.04775021623217764	1	6	0	0.2938296528049982	1	1
FUOM	0.004084366556260127	0.03750427673539904	8	1	0.29343143408896727	1	1
PDZD2	2.8202629727032935e-5	3.788068163340796e-5	7	2	-0.2929421550091432	1	1
CUNH9orf3	0.04956101262075348	0.06244644303933478	6	0	0.29251102604143153	1	1
CALM3	0.009864233373579534	0	2	2	-0.2924742408980763	1	1
WDR43	0.01678391870928458	0.6789492489652881	7	0	0.29141147245980326	1	1
TWF2	0.0011389861879030575	0.0162997713751807	5	1	0.290192645749498	1	1
AAK1	0.0012696276198881466	0.6406422805197326	13	0	0.2888846912895219	1	1
CLIP1	3.9110499794449746e-11	0.007606955707809339	15	2	0.2886882212809472	1	1
MYO18A	0.011664863580948067	0.9931393586734066	9	0	-0.28735622868373417	1	1
SORBS2	4.3177860111745265e-4	0.045809074129504725	10	1	-0.28732920181526	1	1
SLIT2	0.0058504132941968965	1	9	0	0.28672145485098904	1	1
PDE1C	6.0298689665092624e-5	0.0029034356947368833	4	1	-0.2842847931028474	1	1
NQO2	0.042616400660420155	1	6	0	0.2838310563118051	1	1
S100PBP	0.011441244278611427	1	12	0	0.28333748484503307	1	0.8333333333333334
PLIN3	0.04077991469977418	1	8	0	0.2826449795415803	1	1
CBFA2T2	0.03769244455237503	0.3801631286175535	7	0	0.2824691799017323	1	1
ESYT2	0.00721903935269142	0.14748611674721715	9	0	-0.28215592335665857	1	1
RBBP6	0.003935075475576853	1.8844625320097372e-4	3	1	-0.2814504339634703	1	1
TBC1D1	0.015218388517544904	1	11	0	0.28048101264908853	1	1
DDR2	0.04690691136397042	0.08244657569858213	4	0	-0.27955762748040797	1	1
VNN1	0.04668173358839933	1	8	0	-0.2775411026025815	1	1
CLIC4	0.02430395615228028	0.02890825754696348	3	1	0.2774475879265851	1	1
NFE2L2	0.028242569505777946	1	8	0	0.2764163483290285	1	1
SNRK	2.3859246975078122e-4	0.018016452460219257	5	1	0.2760944378091399	1	1
VEZT	0.02131123205831309	1	12	0	0.27560657834859675	1	1
LARP4B	0.03754470229764957	0	2	2	-0.27463893479586465	1	1
GPX3	0.04248316392857563	1	4	0	0.27431988624119263	1	1
CDC37L1	0.013149657872907667	1	4	0	0.27381717207818934	1	1
CTNNBL1	0.03812849135650899	1	5	0	0.27376436065852777	1	1
ACSL4	0.023438596588162997	0.808870938724866	8	0	0.27319490394307255	1	1
CIAO1	0.015913784131394458	1	11	0	0.272730270839333	1	1
PPP2R5C	0.0063566740030594655	1	14	0	0.2722366021769234	1	1
ASPSCR1	8.469682085035733e-5	0.21973461649973633	16	0	-0.2715997179156323	1	1
PHF14	4.2203379945404836e-4	0.0016532221206592655	10	1	0.2712174720068077	1	1
LOC113244625	0.034745700915418405	0.755601671336898	4	0	0.27115912735046244	1	1
EHBP1	5.965239126525081e-4	0.2756829112290454	14	0	0.27113057757585546	1	1
NADSYN1	0.04257791790750814	1	11	0	0.2706602740255443	1	1
PCBP2	0.00584772866778386	1	12	0	-0.26885275086449556	1	1
NEXN	3.1164855992822004e-4	1	11	0	0.2684291164082666	1	1
SLC25A12	5.682448397179995e-4	0.5845964880449994	15	0	0.2681869150454543	1	1
EPHA4	0.038435816564779214	0.02541980266614242	4	1	-0.266569175054133	1	1
FHL1	0.007516372372824538	1	9	0	0.26654375941982544	1	1
YTHDC1	0.046943660311820574	0.23849372869056465	8	0	0.26573014873566364	1	1
TRIP4	0.04438581072513758	1	8	0	0.26508153707712506	1	1
RBFOX2	0.04295368640256682	1	11	0	0.2639085177004004	1	1
MLIP	0.0032045442433053664	1	11	0	0.26278493755745436	1	0.8333333333333334
AMPD2	0.02240815655701965	0.966895694795158	12	0	-0.2621940625724338	1	0.8333333333333334
IDS	0.0025106688458075826	0.07683422180729826	4	0	-0.26196228757754547	1	1
PDPR	0.007755043771032079	0.3043298383803729	5	0	0.26128087424421753	1	1
NFE2L1	2.599975576714715e-4	9.94617267106318e-4	6	1	-0.26125424839585376	1	1
LUC7L3	9.180330778377488e-4	0.0031679968532762753	13	1	0.260823389294464	1	1
PKIA	0.013165292247345054	0.1150263826021634	4	0	0.2601983533916506	1	1
FAM192A	0.039143315366562285	1	9	0	0.25936175648839377	1	0.8333333333333334
FXR1	1.1107981159538418e-25	4.9244512339553976e-9	10	2	0.2591903240007568	1	1
N4BP2L2	2.225382452956963e-10	1.5608945560662138e-4	7	1	0.25826894289215996	1	1
SNX7	0.03242111978640893	0.3619481875218619	4	0	0.2582588677118671	1	1
KIF21A	2.6020513013065265e-7	1	13	0	-0.25799431525108135	1	1
GOLGA4	4.789649372204091e-6	1	10	0	0.2560292556015336	1	1
SOX5	0.028404846738508526	1	9	0	-0.25516827142805565	1	0.6666666666666666
SPICE1	0.01948257728683784	0.559093330334091	6	0	0.2541279478226338	1	1
DIABLO	0.034745700915418405	1	6	0	0.25409693772952985	1	1
RUFY3	4.921150666563635e-4	0.007848619701254732	9	1	0.2536104567902879	1	1
AP2B1	0.005188126849271517	1	7	0	0.252645792726935	1	1
TARDBP	0.012908681326523985	1	6	0	0.2512252295483281	1	1
NSMAF	0.046350838989094416	1	13	0	0.25045328076295453	1	1
ATP2B4	0.004064784157127031	0.24175653338573674	11	0	0.24974088200253597	1	1
DUSP3	0.04932620498909904	1	6	0	0.24943335512394388	1	1
TLN2	0.003726960707132824	0.06007854025862248	11	0	0.24933355029334026	1	1
LOC113240981	0.010157264942375382	0.0011880260322338764	3	1	0.248800259494113	1	1
PACSIN2	0.010915325304673058	1	14	0	-0.24858819047241415	1	1
MORC2	0.04746502547692463	1	9	0	0.24744409378136303	1	1
IKBKG	0.004795346929183176	1	11	0	0.2471011069685466	1	0.8333333333333334
ERI2	0.049443012946812075	0.6375803727713836	9	0	0.24658330746489765	1	1
SUPT20H	0.011064506281663082	1	18	0	0.24619162703967454	1	1
LTN1	0.028242569505777946	1	8	0	-0.24562384542244783	1	1
WWP1	0.009233130115358867	1	14	0	0.2454731567336925	1	1
LDB3	8.292898699185695e-9	5.209326002818057e-4	10	2	0.24470059764155958	1	1
CSNK1A1	6.12198663111319e-5	0.013714317793896478	9	1	0.24385421646982164	1	1
LOC113252436	0.0376551530366692	1	8	0	0.24349566804397926	1	1
ZADH2	0.03044060089662618	0.004242279973079794	3	1	-0.24341245767204564	1	1
MTG2	0.0417531479299911	1	14	0	-0.24316528337921062	1	0.6666666666666666
WNK1	0.0011880644418576555	0.004339629875495998	11	1	0.24289192203777624	1	1
BTBD1	0.016829958062018043	0.018721660415466416	4	1	0.24259541276105268	1	1
CHD9	0.0064244200778962165	0.028107079803154116	8	1	-0.24145809988703978	1	1
HTATSF1	1.0393811829634987e-4	1	6	0	-0.238302116529156	1	1
ANKRD28	0.027540338454032476	1	11	0	-0.23687747439443282	1	1
PUM3	0.03830968499615826	1	12	0	0.23468785594618125	1	1
OSBPL8	2.549554213818725e-7	0.03541905554708405	13	1	0.23459371168468476	1	1
MAP4	0.009606584540469114	1	15	0	-0.23452202553125648	1	1
TMCO3	0.027525921240894913	1	14	0	0.2344719626302587	1	1
ADGRL2	5.41971970134274e-4	1	11	0	0.23405546062863244	1	1
ZNF280D	0.0020185142621290423	0.6374091076006009	10	0	0.23044730061465743	1	1
CDK10	0.01030684335222439	0.8600971111783421	9	0	0.23017930141701573	1	1
UROS	0.015009092220374	0.6497544785070045	13	0	0.22932948578846402	1	1
AKAP9	1.0962943576389111e-5	0.4263592627239604	10	0	-0.22899382674777113	1	1
MKLN1	0.002955745438742336	0.02669612310150755	10	1	-0.22855022598094055	1	1
DOCK7	0.049443012946812075	1	7	0	0.2278884154115464	1	1
ALDH1L1	0.011890842872237605	0.6922318973667667	13	0	0.22542286654835642	1	0.8333333333333334
MLH1	0.0346932913363396	1	10	0	0.22361378256998504	1	1
LDHD	0.0063566740030594655	1	11	0	-0.22327942661442607	1	1
NRDC	0.02362851572915028	1	10	0	0.22325890996694459	1	1
YTHDF3	4.7055808090691153e-4	0.7384903963114978	10	0	0.2230060308579471	1	1
DNAJA4	0.028740239015325048	0.2889405043678421	4	0	-0.22281021297137454	1	1
HPS5	0.021215485105113344	1	15	0	-0.22279772423225075	1	0.8333333333333334
GHITM	9.180330778377488e-4	0.16677226060811906	6	0	0.22235590622490914	1	1
B3GALNT1	9.912907277423765e-5	1	13	0	0.222312615366421	1	1
DCUN1D2	0.0030994581423448796	1	26	0	0.222112063085368	1	1
RAB28	3.0610643889494444e-5	0.6960598366816518	6	0	0.2215595453151544	1	1
MYOM1	8.369329327429237e-4	0.7717476353750489	12	0	-0.21922323612735972	1	1
GNA13	0.049443012946812075	1	3	0	0.21920634341601358	1	1
SPTAN1	6.237977479658698e-4	0.039482487067095055	12	1	0.21912519203676817	1	1
TSR1	0.0063566740030594655	0.05930058314852977	8	0	0.21715512711948848	1	1
NCOA2	0.005065162727017984	1	9	0	0.21695926634134766	1	1
USP53	0.027540338454032476	0.10343407590254934	6	0	0.21617491764911992	1	1
KLHL7	0.021961238247548982	1	13	0	0.21496146450274453	1	1
EXOC3	0.01751923810068893	1	7	0	0.21401061132576887	1	1
COL15A1	0.00721903935269142	1	10	0	0.21389536313173058	1	1
APPL2	0.004745957527713838	1	13	0	0.21383466403496687	1	1
HNRNPM	3.9761234943423915e-5	6.166438676992019e-5	11	1	0.21359508721960585	1	1
CEP85	0.03569184437528784	0.8538350598251774	16	0	0.21340928636237147	1	1
TSPAN12	6.295767904169364e-7	2.9054639239868443e-4	15	1	0.21332497241009726	1	1
RCL1	0.02430395615228028	1	17	0	-0.21226176148418008	1	1
HIF1A	0.006790851016565056	1	10	0	0.21124846646838535	1	1
EZH1	0.01353857402812889	1	8	0	0.21073497101463584	1	1
EXOC2	0.012050374981195093	1	12	0	0.21032675071879656	1	1
YARS	0.02923123479948033	1	9	0	-0.21003738968691887	1	1
LIMCH1	3.1600045313598103e-4	1	10	0	0.208761711212398	1	1
ACAA2	0.0031747301037659027	0.0012865560085567518	4	1	-0.20860464070411405	1	1
NASP	0.04831460833152346	0.017309077912416163	6	1	0.20823294597595618	1	1
DST	5.258454538892637e-11	0.01294691947537076	18	1	0.20771911637177415	1	1
NNT	6.237977479658698e-4	0.006014499333908352	8	1	0.20735305521418035	1	1
NDRG2	8.469682085035733e-5	0.003915692490057507	7	1	0.2072620393874886	1	1
POLR2E	0.027540338454032476	1	5	0	0.20710320532359178	1	1
NF2	0.006632472839476988	1	7	0	0.2071008366061714	1	1
RILPL1	0.0028336460569540712	0.6670034623663231	5	0	0.2061354854803159	1	1
C2CD5	0.033073101486650096	1	14	0	0.20603292230793058	1	0.8333333333333334
AMBRA1	0.03961136924220664	1	10	0	-0.20471039008191086	1	1
CYTB	0.018016374621671417	0.0017569264402092586	3	1	-0.20405654796662182	1	1
IWS1	0.007707047593016174	0.19213251652920996	12	0	0.20346453102351167	1	1
FILIP1	0.04525349792801118	1	4	0	0.2018636651568065	1	1
VAPA	0.009864233373579534	0.2838343191823483	4	0	0.20028468547516476	1	1
ABCC9	0.026879432523967465	0.9930661360599711	15	0	-0.19985413830621604	1	1
SORBS1	1.097864455790495e-11	0.04066948121494305	15	1	0.19835427202085254	1	1
PSMA4	0.010703504061588306	0.6079660309411027	3	0	-0.19809872529089234	1	1
EIF2B4	0.03754470229764957	1	10	0	0.19788874278859517	1	1
IFI44L	0.002955745438742336	1	16	0	0.1973386983436949	1	1
DNM2	3.2485981251312034e-5	0.26345244330827333	9	0	-0.19660305897115748	1	1
PPP6R2	3.1600045313598103e-4	1	7	0	-0.19564692343534718	1	1
AP3M1	0.04725381693943293	0.3235024997281816	8	0	-0.19511130767586682	1	1
FBXO21	4.0917574414545864e-4	0.09853786491772948	9	0	0.1949148751818729	1	1
TTLL3	0.03195718114270621	0.43433319113017427	10	0	0.19320450016952614	1	1
SND1	0.010919272864532223	1	9	0	0.1931206637601227	1	1
FUS	0.020586825818696634	1	11	0	0.19295628534591697	1	1
MBNL2	0.04236184102586385	1	8	0	0.19093590314800263	1	1
CLOCK	0.04668173358839933	1	10	0	0.1904350688101426	1	1
SH3GLB1	0.0013139358142249963	1	8	0	0.1880230769463605	1	1
KIDINS220	0.00218589799813023	1	11	0	0.18718956390587208	1	1
ZKSCAN5	0.04746502547692463	1	13	0	-0.1869291559460522	1	1
CMC2	0.009804231120317712	1	12	0	0.18542663655546837	1	1
SYNE1	4.2011349097401216e-5	0.036096914019439985	13	1	0.18414243232901187	1	1
HIPK3	0.02131123205831309	0.9145285295136603	6	0	0.1825381399506305	1	1
PAM	1.6613293748462168e-5	0.03164846525064039	14	1	0.18198741266720816	1	1
VPS13B	0.0417531479299911	1	8	0	0.1817772777625815	1	1
DCAF11	0.011939776451552248	1	16	0	-0.18177710991865548	1	1
APPL1	7.919053027118354e-8	0.0919265442741084	10	0	-0.18049563016457834	1	1
ARHGEF6	0.03242111978640893	1	6	0	0.1802499902051519	1	1
DARS	0.0014426975459946544	1	7	0	0.1799838117788226	1	1
UGP2	0.02131123205831309	1	8	0	-0.1786261975607326	1	1
PECAM1	0.04997178925597063	1	7	0	0.17762163797144984	1	1
USP15	0.002105251194243903	0.7350356049503565	15	0	-0.17738898902858183	1	1
ARNT	0.02378193102279777	1	12	0	0.17721899737694516	1	1
DPM1	0.024247707527571303	1	3	0	-0.17653213102747312	1	1
LOC113271230	0.011465423664135133	1	6	0	-0.17636028989843133	1	1
FUBP1	0.02567555177634656	1	18	0	0.17424121574178858	1	1
LOC113265233	0.020566259414630698	1	15	0	0.17420058692562307	1	1
PDHA1_LOC113242247	0.04295368640256682	0	2	2	0.1732245388396758	1	1
EEA1	0.021687691489879802	1	7	0	-0.17305963614923203	1	1
PFKM	2.5679607782189996e-5	1	7	0	-0.1726517725403063	1	1
ATP11B	2.4720323772944934e-5	0.002328642952673841	6	1	0.17258692311972754	1	1
SNURF	0.039143315366562285	1	4	0	0.17218359303828912	1	1
MIA3	7.649444572461961e-4	1	11	0	0.17184605317673649	1	1
DLAT	0.046018870463760096	0.7618025250431183	4	0	0.17181469925641235	1	1
ZNF322	0.025152854135090365	1	8	0	-0.17029627246753815	1	1
MEF2A	1.9519735743044107e-9	0.08429164324007112	14	0	0.16983369080893648	1	1
SLC25A3	3.925153311011539e-7	0	2	2	0.16858819268260586	1	1
YBX1	0.045124977822312166	0	2	2	-0.16678997735382728	1	1
ATP2C1	0.007670833812280036	1	13	0	-0.16440213931501155	1	1
CUL4A	0.025595794336739624	1	7	0	0.1626005387174866	1	1
GOLGA1	0.02362851572915028	1	6	0	-0.16257316119937928	1	1
SUPT16H	0.022025697460577427	1	3	0	-0.16062904911935938	1	1
ARHGAP12	0.011579956259304226	1	9	0	0.1606271495051496	1	1
CHD2	0.04831460833152346	0.4435927273619794	12	0	0.1590665790688398	1	1
CALD1	0.014335531633046513	1	13	0	-0.15867125422844144	1	1
TXNIP	0.032192096592102294	1	8	0	0.15833880779546727	1	1
VWF	0.041409120979169836	1	11	0	0.15729894395451383	1	1
ETFB	0.039267275259690884	1	5	0	0.1565171549643395	1	1
ARHGAP35	0.007811494303222121	0	2	2	-0.15400817877680795	1	1
IFI44	0.007190255351432411	1	8	0	-0.1519210939327323	1	1
SF1	0.02131123205831309	1	13	0	0.15146342894952966	1	1
DLST	0.029036475337073372	1	6	0	0.15138871327793335	1	1
LOC113244307	0.04295368640256682	1	14	0	0.1466342693758445	1	1
UBR1	0.03159010281188264	1	3	0	-0.14594185158746395	1	1
MATR3	1.872566122770436e-4	1	7	0	0.13898910745336568	1	1
GPAT4	0.019719988187091298	1	10	0	-0.13803098778757578	1	1
MBD1	0.046350838989094416	1	26	0	0.13735995292795644	1	0.6666666666666666
SMG5	0.006718684199633016	1	4	0	0.13424865567373773	1	1
ETFDH	0.02520826963127689	1	11	0	-0.13334944368539825	1	1
THNSL1	0.03754470229764957	1	5	0	0.1331200315994361	1	1
UBE2D3	4.22019066336417e-8	1	12	0	0.13274728179912956	1	1
TIMM21	0.015218388517544904	1	4	0	-0.13241284325633448	1	1
LOC113253526	5.179544975814375e-4	1	4	0	0.1311641091074941	1	1
ACTG1	0.0019732387997767943	0	2	2	-0.12947667607925484	1	1
SEPT10	0.020503702106911152	1	8	0	0.1293694872708349	1	1
UBA1	0.01353857402812889	1	7	0	0.12879781267006998	1	1
CALU	0.031320694996509905	1	7	0	0.12281731047639273	1	1
LRPPRC	0.010703504061588306	1	6	0	0.11919565321796029	1	1
NAP1L1	2.912601509640914e-5	1	7	0	0.11564335258794055	1	1
PNISR	0.011465423664135133	1	14	0	-0.1146937867102702	1	1
TACC2	0.0025150092789244455	1	16	0	-0.11283467012493345	1	1
AP1S2	0.021151032294476235	1	5	0	-0.11109343357541596	1	1
YWHAE	8.566473398406341e-8	1	6	0	-0.10875081084017518	1	1
SUCLG1	0.0019455954584931354	1	5	0	0.10807097399290978	1	1
RTCA	0.007633374065530915	1	6	0	0.10286662444555467	1	1
COQ9	0.018084523224588308	1	7	0	0.10257222323038129	1	1
SDHA	4.973957531091685e-4	1	7	0	-0.09845301824132123	1	1
ND4	0.02396975370958685	1	3	0	0.09758779437554921	1	1
LOC113267549	0.009480308740031642	1	6	0	0.0974355191835117	1	1
IDH2	0.009287966121790212	1	4	0	0.09588716038333028	1	1
SNX2	0.03686135427825553	1	6	0	-0.09210266056324645	1	1
CCNG1	0.04318675477228694	1	7	0	-0.09108919836436277	1	1
TRIP12	0.02640864270878181	1	16	0	0.08844890614591824	1	1
LOC113253249	0.04901686730890324	1	5	0	0.08548160005932393	1	1
