gene_ID	gene_qvalue	minimal_tx_qvalue	number_tx	number_significant_tx	max(Kidney_medulla-Atrium)	pct_gene_expr	max_pct_tx_expr
UNC45B	0.030557686168840414	0	2	2	-0.9685676234623523	0.8333333333333334	0.8333333333333334
EVI5L	7.554699672969037e-5	3.539429825584355e-5	4	1	-0.9434703535539277	1	0.8333333333333334
ATP5F1C	4.0822296509950984e-176	1.0457133474218812e-56	3	2	-0.9309408684878231	1	1
ADAMTS19	3.5323102025711885e-7	6.467486773647711e-6	3	1	0.9178668831215093	1	0.8333333333333334
MGST1	1.958392685292002e-14	1.239321769887531e-5	3	2	0.9126862334675755	1	1
TPM4	6.423188480405972e-50	1.073164091863376e-43	4	2	0.9095053190441997	1	1
LOC113247381	1.5806565213923382e-21	2.486240258433736e-19	3	1	0.8954995851607196	1	0.8333333333333334
ELMO3	0.02415249447396796	1	6	0	-0.8693671994784131	0.8333333333333334	0.6666666666666666
SFMBT2	0.014081082586943235	0.00155212825063784	4	1	0.8687675960809598	1	0.8333333333333334
LOC113254085	0.04320782262049884	1	3	0	-0.8654312947738899	1	0.8333333333333334
CPT1A	4.414549980195175e-6	2.110112072216333e-7	5	1	-0.8589088763145832	1	1
TTC7B	1.2531408826884644e-7	2.2381068405595098e-6	3	1	-0.8560037787251136	1	0.8333333333333334
MYO5C	1.5797616553523834e-5	4.701386067724261e-5	4	1	-0.8522820535422603	1	0.8333333333333334
LAPTM5	0.015895826684678288	1	4	0	0.8435170094004945	1	0.5
HHATL	0.011471458829704418	0.060371836401818715	6	0	-0.8429812297733846	1	0.6666666666666666
ANKRD1	2.7364422062661958e-5	1.1878134851925403e-6	3	2	-0.8377675877670595	1	1
LOC113264036_RNF145	0.008859335482748225	0.009209044061137933	4	1	-0.8312949269927776	1	1
HECW2	2.8049021371676845e-4	4.8271249082301015e-5	3	2	0.8273161550505866	1	1
DPF2	2.566720212887445e-5	3.530024747004178e-4	4	1	0.8257427349159077	1	0.6666666666666666
OLFML2A	0.00423530097073634	0	2	2	-0.8232245190799659	1	0.8333333333333334
CEP85L	6.426483757692782e-4	0	2	2	0.8193228154350157	1	0.8333333333333334
MB	0.004051041315002118	0.022301068143690022	5	1	-0.8181724796944464	1	1
CNTFR	0.0038761294398006164	6.415367573396336e-4	5	1	0.8163014838976281	1	1
ATF3	0.005116049992919324	0	2	2	-0.8073285442228291	1	1
ABHD14B	3.718023708942779e-7	0.17021394829071385	5	0	-0.8068427804975915	1	0.6666666666666666
HRC	1.337923404059197e-28	1.9026324341679903e-20	8	1	0.8027514590893561	1	1
ANKRD39	2.2001309173302606e-48	9.864359244058958e-29	8	1	0.802177236963843	1	1
CACNA2D3	4.578385821554967e-9	1.3077746962232598e-9	4	2	-0.7904726683049194	1	0.8333333333333334
LRRC2	0.02921397315790153	1	13	0	0.7894299060139701	1	0.8333333333333334
FLNC	3.9634954615014367e-28	3.570478948197194e-18	7	1	0.7867798300913629	1	1
HMGN3	1.4833452484978862e-7	1.2382991793280237e-9	6	1	-0.7861947086699193	1	1
LOC113246872	4.2205686062735624e-4	2.7958395400554554e-4	8	1	-0.7819427870911168	1	0.8333333333333334
PRLR	0.029496747139075227	0.04666421728307851	3	1	0.7805309093976086	1	0.6666666666666666
ASDURF	0.02921397315790153	0.006164559059299588	5	1	-0.7750013696033061	1	1
SYT7	0.015895826684678288	0	2	2	-0.7709171335030975	1	0.8333333333333334
OCLN	0.004127044692597693	0.4454352172046472	3	0	-0.7706474501954855	1	1
CCDC50	4.177763011333424e-9	0	2	2	-0.766303285240863	1	1
LOC113248649	0.028061321771911934	0.005028818869471142	3	2	-0.7650038434822748	1	0.8333333333333334
RHOBTB1	6.302003673037652e-16	1	12	0	-0.7584182745292761	1	1
TBC1D4	8.763373193073124e-10	0.008048440793880708	5	1	-0.7571596201420135	1	1
FHL2	1.8879495925040647e-12	8.051007622228606e-12	3	1	-0.7535770006580254	1	1
UBN1	0.02198355442938799	0.004743491096849014	3	1	-0.7531588935913427	1	0.8333333333333334
COBL	6.779869874491238e-12	3.309502251946513e-9	6	2	0.7481432212312323	1	1
VEPH1	3.818003167957246e-6	8.089475408877241e-4	5	1	-0.745432584369973	1	0.8333333333333334
RFX3	3.0703489834362814e-4	1.9755546407413645e-5	8	1	-0.7450665360176112	1	1
FBN2	0.0416405788555031	0.012177891429730307	3	1	0.7435557234481134	1	1
FAM107B	1.5617472081466308e-7	4.706581033283033e-9	3	2	-0.7413282571983435	1	1
CLASP1	1.1693935997394748e-12	1.0711007268018933e-5	9	1	0.7325927642938986	1	0.8333333333333334
TMEM136	0.02951628466452729	0.0732124509006031	5	0	-0.732467650808269	1	1
COL6A6	0.04251518184877977	0.012537562194735731	3	1	0.7313409666313235	1	1
SRL	4.251253942883669e-9	2.765321935514654e-8	3	2	0.7281381112616802	1	1
SGF29	1.6552773813186824e-4	0.004600117098646498	5	1	0.7257932858667665	1	1
SOCS7	0.043274087108772695	0.022687469667296806	3	1	-0.7215656000675023	1	0.8333333333333334
KIAA1614	3.1088779601210504e-6	1.0430277556955888e-4	6	2	-0.719248221538028	1	1
CMYA5	1.518917761529121e-18	5.901211068142102e-17	6	3	-0.711327409647175	1	1
TMOD1	4.9742895190226694e-5	1.030263769007778e-5	3	2	-0.7010107674239695	1	1
GK	4.979372082921637e-9	0.5898022414561745	6	0	-0.69757588677800475	1	0.8333333333333334
DGAT2	0.036470108125271065	0.022836305784266524	3	1	-0.6942372832348765	1	0.8333333333333334
USP28	5.4803279445101756e-8	0.09757316454834611	7	0	0.6937345474512974	1	0.8333333333333334
TBC1D24	0.0059262175756192225	0.8681158441458874	3	0	-0.6919906083775963	1	0.6666666666666666
LOC113270472	8.219166545383481e-4	1.954885318971911e-4	3	1	-0.6881848036615122	1	1
TDP2	7.116637413813203e-4	7.871944597604935e-4	3	1	0.6798928192821725	1	1
NEBL	2.846396927611013e-5	2.094365562628642e-6	4	2	-0.6788995664145493	1	1
LOC113264440	2.8354133271168968e-11	9.644243504971835e-10	5	2	-0.6776757259594702	1	1
LRRFIP1	1.329342376054967e-13	5.214025050739256e-13	7	2	-0.6755862017144066	1	1
ADPRHL1	4.977320648873632e-8	1.4105983549052121e-4	5	1	-0.671561916010188	1	1
PRKACB	1.3144267837047188e-14	4.141660618306046e-17	3	2	0.6711602584747696	1	1
HACD1	0.022185343538570327	0.009627167943906943	3	1	-0.6658319293173758	1	1
MXRA5	0.04492877148710025	1	3	0	-0.6593885583504836	1	1
PRKRA	0.023623307835901993	0.07586913025951164	9	0	-0.6581137906465288	1	1
MRTFB	7.128703524807298e-5	4.926790518704827e-5	5	2	0.6577270246987181	1	1
ARHGEF28	6.816859454079811e-12	2.641297670347174e-10	3	2	-0.6539650327962652	1	1
SEMA4D	7.564935781510177e-4	1.0685743861515717e-4	3	2	-0.6507511593901505	1	1
MED22	0.0022151599795522834	0.00556117068491688	4	1	-0.6500507693050668	1	1
PSAP	1.5300016776807198e-10	7.878415087299677e-13	3	2	0.6487559044525547	1	1
STRADA	0.03451358090773041	1	7	0	-0.646293842834143	1	0.8333333333333334
COL4A3BP	0.001719685545494272	0	2	2	0.6455821170847338	1	1
ULK3	0.017991733127024487	1	4	0	-0.6396627820006089	1	0.6666666666666666
MARCH8	4.900203158449969e-4	0.0017985972689869136	6	1	-0.6382116970211114	1	1
KIF1B	1.3858309810024427e-8	2.4519962513718375e-9	4	2	0.6370265726266293	1	1
STON1	0.011499081783477659	0.001152151764805804	3	1	0.6368442452868472	1	1
TRMT44	0.03721210336584516	0.04510088920447696	4	1	-0.6360681884550686	1	0.8333333333333334
SCLY	0.04400806922048596	0.2770161341330257	6	0	-0.6318655373114528	1	0.8333333333333334
TUBA8	0.010069545001461672	0.025409876194001337	4	1	-0.6284607141338228	1	1
SVIL	2.734708648390334e-8	9.515956026259013e-4	12	1	0.6274663376171877	1	1
MEGF10	0.03378773650974937	0.11132528370621	4	0	0.6264246764571001	1	0.8333333333333334
LIPA	0.007397471972473484	0.392291236135145	7	0	-0.6257791878218	1	1
EPAS1	0.008603160869701032	0	2	2	0.624785338788747	1	1
FBLN2	0.0016358615330633807	0.010836388828093107	5	1	0.6196484324456242	1	0.8333333333333334
EXOC7	9.679883983702811e-4	0.003967308435254797	9	1	-0.6133576626572561	1	1
GFPT1	2.128546013890535e-8	2.733334758844852e-7	3	2	-0.606702258567394	1	1
LOC113248505	0.017709940104298875	1	6	0	-0.6047176507835457	1	1
LEAP2	0.0015394184356627661	0.040807451557092866	5	1	-0.6039892349513881	1	0.8333333333333334
LOC113270722	0.02569472722141333	0.14996444748968688	7	0	-0.602728424947082	0.8333333333333334	0.6666666666666666
BPNT1	0.0032239482489951343	0.006046425177950644	6	2	0.5999907903212947	1	1
ALKBH3	0.022300176910772625	0.021285064300938624	6	1	-0.5999233711621961	1	1
ADAM19	0.03863550647540015	1	4	0	0.5977535121188993	1	0.8333333333333334
RNF115	2.7108024298670954e-11	7.842539680245767e-9	4	2	0.5961736552871559	1	1
KCNIP2	3.1161219587077834e-19	1.5961258549542362e-11	8	3	-0.5946410950309269	1	1
IFT20	0.008036161007479468	0.0010605138210988856	3	2	-0.5927298401232562	1	1
EML1	1.154337582786791e-9	0.010349584996879357	5	1	0.591236176249707	1	0.8333333333333334
DDR2	0.012372827734405397	0.05336694381041066	3	0	0.5906102142967915	1	1
PXN	0.019816290487363494	0.0924967713157685	8	0	0.589661712398034	1	1
CCT8	1.1461198737558472e-19	2.162243666181112e-11	5	3	-0.588579852493478	1	1
PRKDC	2.6037684577856474e-6	3.21271170306996e-5	5	2	0.5876614721660143	1	1
NF2	6.885611864258882e-4	5.41481419986623e-4	6	1	0.5876413014518241	1	1
TXNL1	1.621105208911648e-7	1.2997963438267185e-8	7	2	0.5845722737993851	1	1
ST3GAL6	0.03351491810999903	1	6	0	-0.5843530558801461	1	0.8333333333333334
QKI	2.660274985545234e-29	7.403038473898815e-18	6	2	0.5814504205911607	1	1
HDAC5	0.014320175010285574	0.01184362412566885	4	1	-0.5784740852073765	1	1
SGK2	0.02854881889353625	0.3896899741123759	7	0	-0.5746226913376623	0.8333333333333334	0.5
INSR	0.014334920410288759	0.2632369994202777	5	0	-0.5729525327877611	1	1
CLTC	2.3113408260061475e-12	8.78750271228498e-10	6	3	-0.5710872081584137	1	1
TSC2	0.0023915774380594288	1	7	0	-0.5690932926856516	1	0.8333333333333334
EPS15L1	9.593914061288965e-4	1	11	0	-0.5668436260257276	1	0.8333333333333334
FGD6	9.49732680532385e-4	0.0014043447687107696	3	2	0.5660166995750636	1	1
KIF13A	0.001824358464174961	9.843679716877988e-5	5	2	0.5652161307590479	1	1
MLF1	1.1321595366222984e-16	5.778856459841575e-7	4	1	-0.5638286501160887	1	1
EGFLAM	0.024752738830255253	0.03137230583982626	3	1	-0.5634935455338788	1	1
PURA	4.019967584917411e-8	1.0492952112181498e-7	6	2	-0.5610873880708775	1	1
PCYT1A	3.0796189700235625e-6	4.5016707351708786e-5	7	1	-0.5603528503960018	1	1
SH3YL1	0.009800522138059535	0.00403409837435219	5	1	0.5594624280829056	1	0.8333333333333334
LOC113245466	0.048477033569661064	0.004736397910123451	4	1	0.5586142281569454	1	1
novelGene_MIB1_AS	0.01735779663110511	0.13075562489977785	5	0	0.5562804461713916	1	1
AKAP7	0.0038546486972841285	4.7607113615532676e-4	6	1	-0.554151783632925	1	1
GPATCH2L	8.45420135936936e-5	0.2165199193697561	5	0	-0.552229680951731	1	1
IMPA1	0.003614583521129004	0.005362267130729138	5	1	-0.5515876337527247	1	1
CAMK2D	1.5556327848457512e-12	2.1945890356707383e-9	6	2	0.5512960957900693	1	1
SLMAP	1.5505044076680918e-49	3.0052847997601644e-9	8	3	-0.5501049975944937	1	1
PYGM	0.004138759437258603	0.6550728878568849	8	0	-0.5474475582608097	1	0.8333333333333334
ZNF236	0.0015394184356627661	0.11868347260484387	5	0	-0.5462922552753872	1	0.8333333333333334
SMC4	0.03954203558928905	0.08749438341765824	4	0	-0.5455700736417513	1	1
NCAM1	1.9767150465058824e-5	4.318250559941264e-4	6	1	-0.5438841206094378	1	1
ASAP2	9.421564595249845e-7	2.7898464078464682e-5	3	1	-0.5435367636856653	1	1
MSI2	0.0013998392130209424	0.006612022216485903	5	2	-0.5419784786030173	1	1
DNAJB6	5.142076723752143e-4	2.6702189067796844e-4	9	1	0.5411257622444664	1	1
GOLGA2	5.7120175012038365e-12	1.5649157174214605e-7	4	1	0.5396308054352258	1	1
SLC4A7	0.022778752857503345	0.010363805006858597	4	1	-0.5386053782217306	1	0.8333333333333334
NSFL1C	0.038370275450606214	0.00748513993296507	3	2	-0.538235476771985	1	1
LOC113242252	0.04155776250929389	0.024218214279727784	3	2	-0.5355799637421415	1	1
ZC3H18	0.047252598598479044	0.1577895207946245	4	0	-0.5349078122697242	1	1
PATJ	9.957942278865037e-8	0.021761381402799745	6	1	-0.531454164094634	1	1
OXSM	0.027450984772846906	0.1299145187072786	3	0	0.5258350595929556	1	1
SLC37A4	0.02795874820894433	1	7	0	-0.5240684681635173	1	0.5
LARGE1	3.6075645645229202e-6	0.1404640678416245	4	0	-0.522624876623194	1	1
PKM	7.282804834265879e-8	1.0878124660830619e-8	3	2	-0.519994956527482	1	1
DENND1A	0.006582287685581629	1	4	0	-0.519728718930398	1	0.8333333333333334
GYS1	0.030018564256577385	1	10	0	-0.518652822284411	1	1
WBP1L	0.03450202493934433	0	2	2	-0.5179899536120908	1	1
NRAP	1.769381428664183e-12	7.042466114206623e-5	15	1	-0.5173783373208073	1	0.8333333333333334
DCAF6	8.171754042822344e-18	0.8671302198753171	9	0	-0.5168211727460229	1	1
OXCT1	0.010283812463714796	0.14458036883759273	8	0	-0.5127837501720303	1	1
TUBGCP4	0.024707969348497925	1	10	0	-0.5116465852784152	1	0.8333333333333334
FLNB	0.007332617117970121	0.2814297681783268	6	0	-0.5073432510489603	1	1
USP32	7.66270552350394e-5	1.3577931697380876e-4	3	2	0.5060113280398297	1	1
TMEM175	0.005690205081662793	0.6328730162522075	5	0	-0.5052429531274357	1	1
LAMB3	0.001235982186646889	0.003078834396636215	6	1	-0.5050920616101171	1	1
ITGB1BP2	0.018560759244279395	0.6590531315397818	4	0	-0.5033518006821164	1	1
DNAJC13	0.03351491810999903	0.005618623860950744	3	2	-0.49986437487853164	1	1
SEH1L	1.737125484689895e-5	0.0022713484062579174	4	1	-0.4939283428230025	1	1
JAM2	0.029921847012280307	0.010809593081780708	3	2	-0.4931796519452035	1	1
PPP1R10	0.019611440069889165	0.013434184041259534	6	1	0.49189790736494376	1	1
MYOM1	2.408463706993009e-13	2.452564372893264e-6	14	1	0.4915239943626547	1	1
RAPGEF6	0.008208518209834332	0.162891291585933	7	0	-0.4894384347189691	1	0.8333333333333334
DHRS7C	0.022063199160018296	1	5	0	0.48911788934575684	1	1
ABHD6	0.02485397580408625	0.3750527017253646	4	0	0.48706967087142905	1	1
ANXA7	9.957942278865037e-8	1.5103628140277688e-4	6	3	-0.4864368398030704	1	1
EVI5	0.028942016111830678	0.05382913942775506	3	0	-0.4861891878729426	1	1
VWA5A	0.03502585537754624	1	9	0	-0.48590985136058634	1	1
ASPH	5.783778282273893e-22	5.195291052464452e-12	11	1	0.4842420065746721	1	1
ENAH	0.003951172832547535	0.027867636575059977	5	1	0.4834368139879322	1	1
LOC113254331	0.03936932239926386	0.1510983806854454	6	0	-0.48275055826016466	1	0.6666666666666666
LOC113254340	2.8237635348449816e-5	1	8	0	-0.4819047971338082	1	0.6666666666666666
PFN2	0.008798833531537561	8.73264350276241e-4	3	2	0.4785093009843262	1	1
EPS15	3.3488340448100355e-4	0.7268802782123464	7	0	0.4750181544467148	1	1
NDRG4	4.2874322070737033e-4	0	2	2	0.4739613722348058	1	1
FITM2	2.4103111248727603e-5	2.9799357165616883e-6	4	1	0.47386290300663614	1	1
CCDC88A	0.0038546486972841285	0.03538660530462001	5	1	-0.471460565249984	1	1
SLK	3.8204712278080346e-10	4.451296228446642e-11	3	2	0.47094254103282907	1	1
TSPAN9	0.002871419900809182	4.0014142206877963e-4	8	1	-0.47031009391802114	1	1
ACTN2	7.640642729089195e-8	0.06551195383639483	8	0	-0.4701942156529335	1	1
PLK2	3.0512617180751474e-4	0.004708197396076176	4	2	-0.46756477398068597	1	1
COL6A3	6.272822736132831e-10	3.4244326930774342e-12	6	1	-0.4673758554620496	1	1
SORBS2	3.2868349460105e-12	9.795477694150322e-6	10	1	0.46676560418451296	1	1
UCKL1	0.036470108125271065	0.14945022803843458	13	0	-0.46335891113907346	1	0.8333333333333334
FAR1	1.1206035180942356e-4	0.01124160683914832	7	1	-0.46208108809650716	1	1
PPP3CB	0.04441405446809598	0.3685097754236421	6	0	-0.46102583903162087	1	1
NDUFV3	3.6309396111927e-4	2.5590886529160546e-4	3	2	-0.46090431536181065	1	1
HSF2	6.273451208311e-5	0.005417800898173956	5	1	0.46085171764945876	1	1
LOC113261754	3.546174160288136e-5	0.02013785371819873	4	1	0.4596869372068038	1	1
CNTRL	1.1388658557710249e-4	0.07445774074607117	8	0	0.4586293357678344	1	1
RALGAPA1	7.267783162585164e-32	3.36575142839114e-7	7	3	0.4539866136054127	1	1
MTSS1	3.517942175919543e-4	0.20191830022561155	11	0	-0.45325783386807583	1	1
AK2	6.228387693436296e-4	0.008796803358223406	4	1	0.4524374962187724	1	1
KIAA1671	0.0026525961402570027	0.2060721745765967	3	0	-0.45198228550817	1	1
SMG6	0.029891497887499608	0.584997858914115	6	0	-0.4517699472749458	1	1
EIF4E2	1.6291758822039438e-5	2.416619533574299e-7	4	2	-0.4508513683269063	1	1
TTC17	0.010269876883706236	1	4	0	-0.45039744532322573	1	1
CCDC88C	0.006462579830477106	1	4	0	-0.44514981358555733	1	1
KLC1	0.004382960923498556	0.015312412208077464	13	1	-0.4439270800163853	1	1
GDAP1L1	0.0017667561521462513	0.3421169376879028	8	0	0.4434326818999827	1	1
ELN	0.03243228137610905	1	9	0	0.44324507034378474	1	0.8333333333333334
FAT1	1.7380877358455377e-5	3.8103686043499208e-6	6	1	0.4393961557138998	1	1
IDH3B	1.8769855756921144e-8	5.1668108668216224e-5	5	1	-0.43776618195554595	1	1
LOC113246877	0.04457685477625805	1	7	0	-0.43712185669939074	1	1
WDR73	0.019162479715496006	1	7	0	-0.4327970396355197	1	1
PCDH7	4.058857570421341e-6	3.117817036997782e-7	3	2	-0.4317060203062214	1	1
PHACTR1	0.011823909787786826	0.07337892590495841	6	0	0.43156450273648694	1	1
LOC113246305	0.00790423774811642	0.9268299883536887	10	0	0.43136573146457524	1	0.8333333333333334
CAMK2B	0.025551695012793363	0.2562365131116161	6	0	0.4311544633754423	1	1
ZNF821	0.03792760962037959	1	7	0	-0.4310466212043439	1	0.6666666666666666
VAMP4	0.046793329389319405	1	8	0	-0.43068272759333986	1	1
PCMT1	1.815730991716517e-4	1.2399281540809731e-4	5	2	-0.4303725156334394	1	1
PHC3	0.008016397260194373	1	7	0	-0.4281002090722439	1	1
NSRP1	0.014081082586943235	0.004499407759705629	5	1	0.4262890609776573	1	1
LRCH3	2.879806146872725e-4	0.004746429016346209	6	1	-0.4241203230777695	1	1
TLN2	0.013294001127876433	0.6383699999392403	8	0	0.42364572941075107	1	1
INPP4B	0.001770653145754488	0.041162618744721546	7	1	0.4234830826963252	1	1
SSH3	0.04038391629869387	1	7	0	-0.42344800777748165	1	0.8333333333333334
ARAP3	6.389276293010454e-4	0.013720748499753136	9	1	0.42169719570631836	1	1
ERP44	8.902361492854901e-4	0.06704410941772038	7	0	-0.4212078881241569	1	1
ERBIN	5.814711782246123e-7	0.03882528040459447	7	1	-0.4204688612414758	1	1
MTX3	0.037904609704102046	0	2	2	0.419564109359883	1	1
RTN4	1.0668382113821014e-7	3.2272174104802038e-6	7	1	-0.41742739159066505	1	1
TRIM63	0.03948821989613104	0.006500709243204868	3	1	-0.4164386205684131	1	1
SPAG9	0.0033095908141477608	0.09559305185310317	6	0	-0.4148009883521192	1	1
NR4A1	0.023242836321960895	0.16798047904498728	6	0	-0.4125155618642963	1	1
PDE7A	0.04065917332445019	0.1067903827640345	6	0	-0.4122987177588553	1	1
USP47	4.786920777066033e-10	2.2390536537665785e-5	9	1	-0.4118170146262267	1	1
PEX3	0.028619506618640423	0.7334737126823447	5	0	-0.41154865374975746	1	1
DCTN1	6.42004610975068e-9	0.08898759784325982	10	0	-0.40771275132338924	1	1
MCM8	0.020259909207877586	0.26515533062824076	6	0	-0.40701425734544805	1	1
EMID1	2.907255778445316e-9	0.05481225520721742	7	0	-0.4069114594893267	1	1
ALPK2	0.005069880376018917	0.014658224600803819	3	1	0.4063027005341284	1	1
FSD1L	0.006016702494865342	1	4	0	-0.40419408066005513	1	1
PTK2	2.683738120961285e-4	0.10119124154281646	7	0	0.404080912473307	1	1
ENO3	0.03440471579305518	1	4	0	-0.40382981539858565	1	1
TTN	1.8879495925040647e-12	0.03623372472756177	15	1	-0.4036684150319123	1	1
GPX8	0.0041623173116232025	0.015568671608049318	4	1	0.40291627680808406	1	1
CDK6	0.036718034145632426	0.1375933646161493	4	0	-0.4005223982518539	1	1
SCHIP1	0.0038772244637060665	0.00247247515223859	4	1	-0.3984426042817314	1	1
OXR1	8.245246070993022e-9	0.0015292010339704317	9	1	0.3979991072320992	1	1
PAPLN	0.04625884687341369	0.3718888110356446	6	0	-0.39534976311473846	1	0.8333333333333334
MIA2	4.674497785627659e-7	1	10	0	-0.3946269531807411	1	1
CSDE1	1.3262933157742229e-14	7.615341137410559e-15	9	2	-0.3938941250290674	1	1
BCCIP	0.003894877729666255	0.0052300803896735875	3	2	0.39382767316873146	1	1
SORBS1	4.136613123855567e-13	0.10261893627004975	15	0	0.3934215341982242	1	1
EPHA7	2.4472745285040624e-4	0.17610783000445587	5	0	0.39245545356980294	1	1
HELB	0.014925498419106122	0.028721958691369114	3	1	-0.3906211535573059	1	1
PQLC1	0.022607425551167463	1	7	0	-0.3891106071898363	1	1
DNM2	4.7950449494639035e-12	2.945174896709769e-6	8	2	0.3890783596874766	1	1
PFKFB3	0.02941838834779556	1	10	0	-0.3889174809363327	1	0.8333333333333334
NCOA6	4.832921884988078e-11	8.31391200605046e-7	5	3	0.3872576092191784	1	1
ZFP14	0.028531755086805187	0.7582877019499871	4	0	-0.3862044004895205	1	1
DYSF	3.501336401534977e-4	0.004766901144404989	10	1	-0.38541772463695695	1	1
OLA1	0.033445880760631874	0.21814854036759837	4	0	0.3843319376938248	1	1
FBXO7	0.008413020475289718	0.5930541229552111	6	0	-0.38386671023108637	1	1
METTL22	0.01625336236848428	1	7	0	-0.3838097245156026	1	1
ABI1	1.9719932390570863e-4	1	10	0	-0.38322392931709154	1	1
DUSP3	2.004190380325447e-5	5.732544833740133e-4	5	1	-0.3827988401406853	1	1
CLSTN1	1.4459110145823577e-8	0.03274508549723855	7	2	-0.3822710930338373	1	1
AKAP9	4.832921884988078e-11	0.0017266296064622818	9	3	0.381622060727529	1	1
RAB11FIP3	0.001372485164565022	0.004403209719422972	3	2	-0.3805975474848229	1	1
SLC4A4	0.009227766127754555	0.005826595489217445	4	1	-0.37985722233183383	1	1
FILIP1	3.359848127821702e-5	3.405849614619516e-6	4	1	0.3760822956001666	1	1
CDK14	0.0029883426871350044	1	7	0	0.3751479570836199	1	1
TMEM237	0.014758779523524614	0.10086355538330578	5	0	-0.3743811869511454	1	1
RAPGEF1	0.04152698568345016	1	5	0	0.3723775290101664	1	1
ESYT2	3.105798458526237e-4	0.0276912876545338	7	1	0.37166582860926023	1	1
TYW5	0.043896637394814454	0.5709236857903649	5	0	0.37097422604653396	1	1
DENND5B	0.010312398804467875	0	2	2	0.3700417067633648	1	1
OBSL1	1.608474454396675e-7	4.3634386428021705e-6	5	2	-0.3699589952188995	1	1
IDE	3.832270028157251e-8	1.5018457420313161e-4	4	1	0.36947683414047916	1	1
NEXN	1.2494642807958855e-5	0.19124022691606127	9	0	0.36785193183414033	1	1
CSNK1G3	1.2166222719837734e-4	1	8	0	0.36739516856617793	1	0.8333333333333334
RAI14	3.3488340448100355e-4	0.446365639685988	11	0	-0.36528067055799374	1	0.8333333333333334
TBC1D1	7.128703524807298e-5	0.02283819096325461	11	1	-0.3647621519858035	1	1
SPPL2A	0.01636525597584136	0	2	2	-0.36321263583632896	1	1
MTIF3	0.03817818271214736	0.03942060629830192	4	1	0.363188977078835	1	1
SNX5	0.03351491810999903	0.6200855062465501	5	0	-0.3615810852164131	1	1
ENSA	3.959467551066772e-7	1.1820893560377908e-8	5	2	-0.36067469656672785	1	1
ITGA7	0.002446043412938264	1	9	0	0.36043952954138747	1	1
AQP7	0.0038546486972841285	0.7459376221552833	10	0	-0.3603464915910529	1	1
TWF2	0.028531755086805187	0.23893735551944376	4	0	0.3585230303840643	1	1
TOB1	0.010269876883706236	0.005770823801143594	3	1	-0.35829283656228506	1	1
USP25	1.355723811940062e-6	0.03331105438660136	5	1	0.35770244877171375	1	1
CMAS	0.02921397315790153	0	2	2	-0.3559616310427379	1	1
LAMP2	0.0033095908141477608	2.5830856690027017e-4	3	1	-0.35435132194095154	1	1
LMBR1L	0.03451358090773041	1	8	0	-0.35087605207144396	1	0.6666666666666666
FAM118B	0.009866315645376055	0.16393828440499172	8	0	0.34954234076920276	1	0.8333333333333334
TBC1D8	4.3710719149127084e-6	0.003771681325977893	5	1	-0.34784595565581494	1	1
DOCK9	3.904431471793364e-4	0.08058523211763985	10	0	-0.34751443192997256	1	1
PLS1	0.01113751309864671	0.4556151536435697	10	0	0.34740586937724954	1	1
RHOA	0.0011921821381369	0	2	2	-0.3471789218628434	1	1
IMPDH2	3.6309396111927e-4	7.048183954413428e-5	3	2	-0.34665575979231666	1	1
MYOM3	2.217670592262046e-4	2.194861922792563e-4	4	1	-0.3459183517462595	1	1
MAP3K7	1.9719932390570863e-4	0.011506717684823644	6	1	0.3458731287661201	1	1
AHI1	0.025998194460807506	0.20396003719676759	8	0	0.34219177232816966	1	1
SH3TC2	0.030725999876823205	1	5	0	0.3404300559200183	1	1
CCPG1	4.576093440823656e-8	0.0025885612957812776	7	2	-0.3398841878785258	1	1
DNAJC24	0.03243228137610905	0.11268106594434232	5	0	-0.33790592819840054	1	1
KLHL31	1.0777724981965873e-6	1	9	0	0.3374624141055594	1	1
DGKZ	0.03243228137610905	0.903138904812121	12	0	0.3350639393704676	1	1
FGGY	0.0494356150033216	0.05364749385576597	8	0	-0.3320661394889123	1	1
PNPLA6	0.03713116535135951	1	11	0	-0.33183030229198124	1	1
ASPSCR1	1.1244425916566121e-11	0.0017098594646144732	13	1	-0.3317818388454242	1	0.8333333333333334
SMYD1	0.0489385709334482	0.053177308086430654	3	0	-0.3310836698556623	1	1
PEX26	0.040506478481603735	1	9	0	-0.330626229462504	1	1
TBC1D19	0.010312398804467875	0.16362885989591802	6	0	-0.3301384553471848	1	1
PPIP5K2	4.532338428486113e-9	0.19411368242578345	10	0	-0.32990666973369737	1	1
AFTPH	0.009289869663857666	0.0033193800018393145	8	1	-0.3294934336192822	1	1
RNF19A	0.03405141141448279	0.3333658249484665	9	0	0.32870157739917455	1	1
TPM2	8.961535105896614e-14	5.399337055684401e-8	5	3	0.32863339247120227	1	1
HNRNPA2B1	1.1426762696202282e-4	0.02791015125828761	6	1	-0.32711361978480646	1	1
DAB2	0.0032239482489951343	0.12277485434235037	7	0	0.32615805891423116	1	1
CALD1	2.621708991550708e-7	0.02139290731384373	13	1	0.32575816204992397	1	1
OSBPL9	0.02415249447396796	0.17346078835111284	10	0	-0.3252608283261861	1	1
ERCC6	0.0061520227072427046	0.08593070763576434	7	0	-0.32495544963441725	1	0.8333333333333334
PLEKHA6	0.029934583946131476	1	10	0	0.32474281469187377	1	0.6666666666666666
UGGT1	0.03713116535135951	0.10004501257644992	6	0	-0.3243783736326395	1	1
ATP2B4	0.014081082586943235	0.8326103951395853	10	0	-0.32357453268273406	1	1
PHKG2	0.030725999876823205	1	15	0	0.32332589346943386	1	0.8333333333333334
CD99	0.006242737664010873	5.246161145890662e-4	3	1	-0.32213740075413666	1	1
RABGAP1L	0.014081082586943235	0.007991140942462623	4	1	-0.321174714632375	1	1
INPP5J	0.037349591902461426	0.29468354706898325	4	0	-0.32007298870647166	1	1
LARP4B	7.910318749374668e-4	0	2	2	0.31961011898878633	1	1
LOC113253631	0.02207128402508826	1	5	0	0.31801743494433343	1	1
CDC14B	3.228130624015416e-7	0.0374354659343677	8	1	-0.3170120028194525	1	1
ATXN7L3B	0.036811044858222515	0	2	2	0.3167896230391952	1	1
TACC2	1.1972638777908957e-7	0.06758370524189494	15	0	0.31643095615063666	1	1
AAK1	0.0047896509319583155	1	10	0	-0.3156915105661552	1	1
PPP2R3A	3.12316191788214e-7	0.00961187077469351	13	1	-0.31529470534906734	1	1
USP13	0.01850311843724209	0.0021066471444850378	3	1	-0.3149508542297379	1	1
MYO18A	7.282804834265879e-8	0.0055612749400147385	9	1	0.314447446860658	1	1
DENND4C	0.005793654687018438	0.010611954848269456	4	1	-0.31162044735642735	1	1
TRA2B	0.036470108125271065	0.27556285147513787	5	0	-0.3110946964120196	1	1
CAV1	0.003894877729666255	0.016337739253526176	6	1	0.31090880385815983	1	1
FXR1	2.4054492969673952e-20	2.140167262111177e-4	7	3	0.3100726346740139	1	1
RIDA	3.501336401534977e-4	9.450761033908717e-4	3	1	-0.3090238319853835	1	1
COL14A1	6.36959697378856e-6	0.028830530887814076	10	1	-0.3085520061627266	1	1
ZNF654	0.014081082586943235	0.03574752705719316	7	1	-0.30840009783247246	1	1
LOC113245319	0.009744804327718003	0.6672498505939327	6	0	0.3063023448744687	1	1
LOC113248372	0.0013473263000497516	5.381756997777567e-4	4	1	-0.3046895113982642	1	1
SNAP47	0.04660410707369714	1	4	0	-0.30453659104302366	1	1
ALDOB	0.02001096043583343	0.19904830813345756	6	0	-0.3033112312567864	1	0.6666666666666666
ARHGAP12	2.6029323139768085e-5	0.01018735682830919	8	1	-0.30322050526021993	1	1
PPOX	0.020809878644372056	1	13	0	0.30200281437274457	1	0.8333333333333334
SPNS1	0.02707559800729557	1	8	0	-0.3018006037258434	1	0.8333333333333334
CSNK1A1	0.010991242403905173	2.0833562738241854e-4	6	1	0.30171828667792117	1	1
SYTL2	1.118357555067411e-10	1	7	0	0.30076945709276964	1	1
SPTAN1	4.1206194253436826e-23	1.083936604585917e-5	9	4	0.30018795644438323	1	1
ZNF582	0.001372485164565022	0.2323517843523029	6	0	0.299881909141115	1	1
CPT1B	4.225336160830177e-14	1.8890641738077076e-8	10	2	-0.29944868526382556	1	1
SUPT20H	0.010312398804467875	0.6326640909848658	16	0	-0.29848515973537126	1	0.8333333333333334
TTPAL	0.006242737664010873	1	7	0	0.29709096183135253	1	1
DCAF8	0.01636525597584136	0.44554737322931465	8	0	-0.29697955501366224	1	1
CXCL12	0.005508875007137375	0.0016238669828573184	3	1	0.2941688701319496	1	1
CES3	0.006399952664654123	1	10	0	-0.2937332440546302	1	0.6666666666666666
RNF14	0.004822050630799764	0.9251305949544072	16	0	-0.2930180476936244	1	1
RILPL1	0.01437586968034848	0.02090189806777398	3	1	0.2904720560196776	1	1
WNK1	8.91053627952762e-12	0.012167810300743166	11	1	0.28976821003419445	1	1
MYL6	7.554699672969037e-5	2.9186399846578966e-4	3	2	0.2896234265460421	1	1
KIF1C	9.047068967661782e-5	0	2	2	0.28919691870289765	1	1
MPRIP	2.674076927038965e-7	0.022893304400650995	5	1	-0.28751537305669744	1	1
LAMA2	0.03721845073251222	0.08556100519681091	6	0	-0.28719818852287826	1	1
ADGRF5	3.0512617180751474e-4	0.056898944305169584	6	0	-0.2871206015231331	1	1
CLASP2	0.0032239482489951343	1	13	0	0.2869998435843882	1	1
MECP2	0.0494356150033216	0.017439546417588256	3	1	0.2866035165959196	1	1
CCNT2	0.02020563363367164	0.6945248735706689	11	0	-0.2850163385887068	1	1
ATG13	8.823831631042478e-6	0.5748091590889727	15	0	-0.2847129403841675	1	0.8333333333333334
ABRAXAS1	0.01113751309864671	1	7	0	-0.28341652347242763	1	1
FMO2	0.032486015036565015	1	9	0	-0.2832260476950454	1	1
MPDZ	0.029537666501118203	0.5678511296315122	12	0	0.28271714607868376	1	1
CACNA2D1	8.80309748632677e-5	1	7	0	-0.28250106677516695	1	1
FUOM	0.006536976965419966	0.17389508718402738	6	0	-0.281996067794408	1	1
SEC31B	0.01092578261149894	0.38034178914078404	19	0	-0.2777747504653036	1	1
RAB28	1.621105208911648e-7	0.595445764040318	6	0	-0.2767623734127117	1	1
HSF1	0.031029939824869002	1	9	0	0.2759531748737318	1	1
UBAP1	0.03243228137610905	1	5	0	-0.27510178527550444	1	1
RUFY3	0.0014962241906418912	1	8	0	-0.2738296521982978	1	1
NDRG2	9.78768323306993e-9	1.1236254357852579e-5	4	2	0.27374400270947463	1	1
PRKAG2	0.011545601133785974	0.007390184860057173	5	1	-0.2696144525183114	1	1
AP1S2	2.566720212887445e-5	0.004072797783062398	5	1	0.2694598801012989	1	1
PRDX6	1.1412623459363519e-5	2.525420101257156e-6	4	2	-0.2679455767027492	1	1
KLHL32	0.007332617117970121	0.4973152893387819	6	0	-0.267758647871851	1	1
ADCY6	0.015585619908781103	1	8	0	-0.2663688786364105	1	1
PDE3A	8.464114571284316e-4	1.5695672597469893e-4	3	1	-0.2656275729340847	1	1
PDZD2	1.1181645979946557e-4	4.0762310460890056e-5	8	1	0.26385229517792563	1	1
METTL25	0.036470108125271065	1	17	0	-0.2628978077130207	1	1
ARL8A	0.03817818271214736	1	5	0	0.2612959799588444	1	1
CAST	1.3138961382530212e-9	0.06618086022718854	13	0	0.26011217765580263	1	1
SIRT3	0.03436386575137751	1	12	0	-0.26009875924477577	1	1
ANK3	1.8008649043231788e-10	4.1370548709872534e-5	6	2	0.2598568304568825	1	1
CEP164	0.019553223800843723	1	5	0	-0.2591722111153308	1	1
DST	6.716001347824941e-19	8.953396463908229e-5	16	2	0.2561465237070293	1	1
PDE4D	8.992244237098143e-4	0.8088669219515611	9	0	-0.25587235171357237	1	1
FIP1L1	0.008603160869701032	1	13	0	-0.25511354452192103	1	1
SNURF	1.1132056167920849e-4	1	4	0	0.254103282435251	1	1
DAG1	0.022185343538570327	1	8	0	-0.25066522085299936	1	1
HECTD1	1.798550954191742e-5	0.4039743691383388	9	0	0.2491554872145781	1	1
GOLGA4	6.0884798645011e-5	0.008997604195675449	7	1	-0.24638819536337397	1	1
LTBP1	1.1523178405613478e-10	5.848678110827894e-5	8	3	-0.24616373064746472	1	1
HMBOX1	0.010283812463714796	0.7091722202584654	6	0	-0.24096214509082858	1	1
B3GALNT1	2.6110201353214757e-5	1	15	0	-0.23928525711972481	1	1
ADGRA3	0.022855696698866942	0	2	2	-0.23884314043013746	1	1
TSPAN12	2.8456614810736087e-8	0.04529385588800995	15	1	0.23720060706139345	1	1
LOC113254434	0.046793329389319405	0.4265280417291128	15	0	0.23572088520352946	1	1
N4BP2L2	0.001270892080986554	0.9248993105671536	7	0	0.2330492016128936	1	1
CRAT	9.560800584504738e-6	2.7549555920463155e-7	3	2	0.23303579200460434	1	1
NASP	0.013709826992093058	0.5615269974149772	6	0	-0.23219447192019765	1	1
AGL	0.003775613434657253	0.10555425450737158	8	0	-0.23096956241574357	1	1
NCOA4	7.241681777941464e-7	5.5974824106928606e-8	5	1	0.23079546017779423	1	1
PHKB	0.008751143850614804	1	6	0	-0.23068149307547525	1	1
SH3GLB1	1.6171252129772553e-4	6.231223780625244e-4	6	1	-0.23061932247762296	1	1
MAP3K20	3.7627579491561662e-6	0.0025315950256536448	5	1	0.22991786366756478	1	1
MTMR3	6.629938947177719e-5	0.40185996556981285	13	0	-0.228853554025236	1	0.8333333333333334
AFDN	0.022185343538570327	0.1777768284679567	14	0	0.22850955245926896	1	1
ARHGAP24	6.047239998343751e-6	1.1767103222952663e-4	6	2	-0.2282120953299488	1	1
USP53	0.036718034145632426	1	6	0	-0.22664507184094096	1	1
PICALM	0.019514466565143874	1	7	0	0.2229309646553977	1	1
PDE1C	0.00853302983324587	0.02208620594266866	4	2	0.2218640037244697	1	1
CKM	7.662572589596811e-8	3.647174177672278e-4	4	2	0.22179511644301653	1	1
MAP4	6.779869874491238e-12	0.03417779041288243	15	1	0.22149164119927833	1	1
MAP4K4	0.002244301715352835	1	10	0	0.2172661197158093	1	1
YBX1	4.674901282414966e-6	0	2	2	0.21584566494016033	1	1
HNRNPM	2.9925013927345844e-6	3.6869146369146135e-5	9	1	-0.21326855546800125	1	1
LOC113248431	0.022475121474645553	1	14	0	-0.2122160241990611	1	1
SGK1	0.02217275006701519	1	7	0	-0.21086913417214104	1	1
UBR3	0.014705756325664735	1	3	0	0.21050479521390297	1	1
LMAN2L	0.0013473263000497516	1	8	0	0.21031502607927902	1	1
USP11	0.013952334295361333	0.17358640654288376	11	0	-0.20776421856009997	1	1
MEF2A	1.5484962049773758e-10	1	14	0	0.20759680876381348	1	1
PI4KB	0.02921397315790153	1	12	0	0.20740535002312	1	1
ND6	0.019553223800843723	0.0038801848891360327	4	1	-0.2047723295106676	1	1
SYNE1	0.0014962241906418912	1	13	0	-0.20409243646710012	1	1
TJP1	0.025998194460807506	1	10	0	0.2021126171783813	1	1
PDHA1_LOC113242247	9.027754803262595e-4	0	2	2	-0.2016015748584318	1	1
DCN	0.0038546486972841285	0	2	2	0.19881253256160492	1	1
SDHD	0.029891497887499608	0.004717303754384663	4	1	-0.19866086109533365	1	1
BTBD1	0.03327425234243656	0.01298818304535298	3	1	-0.19744503481062392	1	1
KDM3B	0.002686339680474834	1	3	0	-0.195910015159405	1	1
SNX14	6.204683977200304e-4	0.14456354451931377	16	0	0.194907049957315	1	1
MKKS	0.01719865783081151	1	4	0	-0.19480168401878595	1	1
ND1	1.6291758822039438e-5	0	2	2	0.18900379856652882	1	1
PCBP2	0.006610583792687797	1	12	0	-0.1869949237586477	1	1
CUNH5orf22	0.02160836061447711	1	13	0	0.18659916058723236	1	1
SUPT16H	0.011678048101849792	1	4	0	-0.18651606663337483	1	1
DCAF11	0.02955704104805063	0.2693565600819985	16	0	0.18515582495284688	1	1
MYLK3	0.021487209164281987	0.018910030988949014	4	1	-0.18187565253770444	1	1
ACSL4	0.032079736772708194	0.03917402302305967	7	1	0.17916971260373493	1	1
CEP350	0.010312398804467875	1	4	0	-0.178624428771281	1	1
APPL1	5.908385300088334e-6	7.697951668795469e-5	7	1	-0.17700536236389258	1	1
DCXR	0.02725783979151428	0.003252398668032625	4	1	-0.17620284163914257	1	1
ECI2	0.029284424592442748	1	6	0	0.17602032714077928	1	1
DARS	9.738399351865122e-5	1	6	0	-0.17493326868445877	1	1
USP15	0.028942016111830678	1	14	0	0.17346382787766032	1	1
ANXA5	0.011330766907604558	1	4	0	0.17268677142478883	1	1
CNOT1	8.916447249443763e-4	1	7	0	0.17140505723000404	1	1
DECR1	0.04080823648600744	1	4	0	-0.1709444353257408	1	1
ANKRD17	0.03113684774916543	0.5023373253901315	7	0	-0.1702760124135384	1	1
PARD3	0.012138748225598692	1	11	0	-0.17025091704661807	1	1
MBNL1	4.618720824118036e-5	1	12	0	-0.16927758754569053	1	1
UAP1	0.005596088232917788	1	12	0	-0.16873841044282623	1	1
MATR3	0.0015024358231769304	1	7	0	-0.16620221355328535	1	1
CTNNAL1	0.018173113803380308	1	4	0	-0.16516120589347333	1	1
PPP6R2	0.015585619908781103	1	6	0	0.16344282315575487	1	1
SLC25A12	8.464114571284316e-4	1	13	0	-0.16238001024784599	1	1
SEPT10	0.017991733127024487	1	6	0	0.15894056739281992	1	1
NDUFS2	0.0033095908141477608	1	6	0	0.1588530907845425	1	1
MIA3	1.7450867956265675e-5	1	10	0	0.15870229731429122	1	1
EIF4A2	0.03954203558928905	1	3	0	-0.15620268730062525	1	1
ARHGEF10L	9.93626116006346e-4	1	6	0	-0.15419154043413488	1	1
OSBPL8	1.7222234308700943e-6	1	11	0	0.15347353305282008	1	1
NFE2L1	0.001895075594829949	1	6	0	-0.15169420988114263	1	1
PACSIN2	0.0010775595969860201	1	14	0	0.14791069905733942	1	1
YWHAE	3.2868349460105e-12	1	4	0	0.14748261147093653	1	1
APP	9.011848571163376e-5	1	6	0	0.14720091049044284	1	1
CUNH6orf106	0.011678048101849792	1	4	0	-0.14625542454956983	1	1
FAM172A	5.77244425395192e-4	1	9	0	-0.14516636305644193	1	1
VAPA	0.01113751309864671	1	3	0	-0.14035137517597807	1	1
LOC113252436	0.023242836321960895	1	8	0	-0.1348553860375879	1	1
IMP4	0.04398706226785372	1	5	0	-0.13468057388464524	1	1
OGDH	0.008798833531537561	1	4	0	0.13374139306172117	1	1
PNISR	0.025201485468770445	1	14	0	0.13111658060281967	1	1
SPTBN1	1.2149442185639221e-5	1	6	0	-0.1127808242687482	1	1
ATP2C1	0.011330766907604558	1	10	0	0.11062612325400821	1	1
NAP1L1	9.957942278865037e-8	1	8	0	-0.11010107011157705	1	1
ATP11B	0.0362077729809116	1	6	0	-0.10891282317269141	1	1
ABLIM1	7.040969037576024e-32	1	6	0	-0.1083961572830474	1	1
TPT1	0.01792627365351973	1	4	0	0.10633804573019612	1	1
UBE2D3	4.980310530811022e-9	1	9	0	-0.10525387438283293	1	1
TRIP12	0.011545601133785974	1	13	0	-0.10367939498344608	1	1
PFKM	1.8352969692602172e-5	1	6	0	0.10324077980876442	1	1
OPTN	0.03351392417829577	1	7	0	-0.10164116353181872	1	1
SNX2	0.012138748225598692	1	4	0	0.09331004731026182	1	1
EEF1A1	0.04443885153633123	1	3	0	0.08825729654386225	1	1
LOC113253249	0.0010015663175257069	1	4	0	0.08798757713300623	1	1
ACTB	0.017991733127024487	0	2	2	0.06791496858191648	1	1
ND4	0.029312677007423443	1	3	0	-0.06752479709870984	1	1
