gene_ID	gene_qvalue	minimal_tx_qvalue	number_tx	number_significant_tx	max(Skin-Gall Bladder)	pct_gene_expr	max_pct_tx_expr
RFC4	0.015880024949245983	0.6193351943836055	3	0	0.9355873574329652	1	0.75
TAF1A	1.2849626523175263e-4	1	3	0	0.9230567609069803	1	0.75
POLDIP3_LOC113241692	0.018751748431583472	0	2	2	0.914111944543659	0.75	0.75
TRIM72	0.0041479163366858335	0.35821562683008396	3	0	-0.9079065613890379	1	0.75
COBL	2.3126958302982353e-5	8.851373261336382e-7	6	2	0.9007409961263162	1	1
WFDC3	0.0010066898308004851	0.02061304867707897	3	1	0.83853319464465	1	1
TSPAN8	8.44126860863269e-4	8.944678730969991e-5	4	2	0.8370184492905708	1	0.75
ZNF786	0.002280900602016735	0	2	2	0.8256682470873317	1	1
TTBK2	0.001866163535280355	0.0025836935599428423	3	1	0.8189460644357367	1	0.75
HYAL1	0.0011428248736033624	5.18243462016208e-4	3	1	-0.816405808031113	1	0.75
SOCS2	0.013813915552694657	0	2	2	0.8111349458697024	1	0.75
LOC113241255	0.03230196840709264	0.665718429501671	4	0	-0.8061678725229343	1	0.75
AUP1_DQX1	0.018618921376680787	0.004561838403487062	3	2	0.7990672889139224	1	0.75
HECW2	0.031035604708812475	0.005458926249152848	3	1	-0.7930698745086885	1	0.75
GFPT2	2.2108914234733713e-28	3.52461038287834e-4	7	1	0.7890160229530181	1	1
CRTC1	0.02324384472655135	0	2	2	-0.7856954019641582	1	1
NRN1	0.0292524884753103	0	2	2	0.7750937388699081	1	0.75
TET1	0.019403413044113353	0	2	2	-0.7713632039411271	1	1
TCEANC2	0.02017532592841622	0.018076160586194604	4	1	0.7659866275334595	1	0.75
LOC113247977	0.033807441560387036	0.19767360081527705	3	0	-0.7624191156076369	1	0.75
TGM2	0.03023688821638461	0.43315149834888594	3	0	-0.7619317467006914	1	0.75
PDZRN3	1.1064935859859905e-9	0	2	2	0.7606263964804406	1	1
MFSD6	4.581004908453685e-9	8.230690366464497e-9	4	2	-0.7592636046656511	1	1
NCKAP5	3.296240840466714e-4	1.1067027888221854e-4	3	2	0.7543365766074313	1	1
CARNS1	0.008531973346954994	0.035148005033629935	4	1	-0.750150259744115	1	0.75
ANHX	0.01602193799094827	0.03356678372448682	4	1	-0.7492442011600948	1	1
UTP20	0.004914927432880788	0.011258594506834188	3	2	0.73287525067029	1	1
PLA2R1	0.00638958726764881	0.07158647747558476	3	0	-0.7322636576394085	1	1
TUBE1	0.0061371836782869935	0.06963150685820274	3	0	0.7286945120349534	1	1
NCMAP	0.019180809990399002	1	6	0	0.7268119592960842	1	0.75
DOHH	0.019591347291724733	0.0532373499295508	3	0	-0.725921311023115	1	0.75
TRMT6	5.110396105863967e-4	0.0017000316008809627	3	1	0.7247661889742673	1	1
ZNF143	0.003692652393899791	0.2416085034299721	3	0	-0.7227635203221932	1	1
TWISTNB	0.029989269644689752	0	2	2	0.7225556750149182	1	1
TLR6	0.0277099642236141	0.031809336438777897	4	1	-0.7223972386643142	1	1
PISD	0.004362019878512769	5.833244113591557e-4	8	1	0.7204199179937597	1	0.75
LOC113240881	0.024826987396283244	1	3	0	-0.719718168132752	1	0.75
PIGR	1.0640436195680808e-4	4.2807313798214896e-5	3	1	0.7188768713845325	1	1
PVR	0.014578473389452859	0.36748743297138026	3	0	0.7183910795900443	1	0.75
PSPH	0.018827157103477103	1	7	0	0.7182781164113382	1	1
GATAD1	1.611586409662847e-5	0.0042308012568257995	4	1	0.716968473840686	1	0.75
IFT74	0.008980175227524548	0.020211467260972015	3	1	-0.7131208579412202	1	0.75
INPP5E	0.025687234685590213	0.008810603071295728	3	1	-0.7099367439117291	1	1
DCLRE1C	9.7149712527663e-5	0.6806709469027219	4	0	-0.6971819434178046	1	1
CNTN4	0.03327461836974861	0.4966710563359095	3	0	-0.6938613521518853	1	1
NTNG2	0.03314069376780915	0	2	2	0.6898560611877765	1	1
TMCO4	0.008955551884479038	1	6	0	0.6884141891029981	1	1
TMEM267	0.002976579091776601	1	7	0	0.6850831792198082	1	0.75
GGT7	0.022173634776596406	1	4	0	0.6846589879722025	1	1
FAM200A	0.015948231010135115	1	4	0	-0.6830011416474572	1	0.75
ZCCHC10	2.923330716010959e-4	0.25992095580641833	3	0	0.6823336551807537	1	1
LOC113246947	0.002326480740162397	0.0014566644063219033	5	1	-0.6813675503716553	1	1
FAM81A	0.0054065407955093975	0.0012599994070130588	5	2	-0.6791989172777031	1	1
ZNF385A	0.008686521287693844	0.06120265469885842	6	0	0.6746501360171564	1	1
EFCAB11	0.00742121712655091	0.8097521280718752	5	0	0.6729730856966757	1	1
STARD3	0.043399619575790645	0.021905086557380615	5	1	0.6642849090078632	1	1
GFM1	0.013653150836021897	0.008964184878905804	5	1	-0.6616446204023333	1	1
CHST3	1.4242660091649273e-7	4.455194350865591e-8	4	2	0.6579104542060105	1	1
PTCH2	0.04056174520979031	0.47944214940223623	4	0	-0.6578245735769978	1	0.75
LOC113246783	0.016604110428837516	0.03317409918929171	3	1	0.6576333865609196	1	1
FAHD1	0.04598880156455194	0.06974389702265957	4	0	-0.6572270452339213	1	0.75
MAD2L1BP	0.020600527124833325	1	5	0	0.6496559421527904	1	1
YME1L1_LOC113248686	0.009083504715566017	0	2	2	0.6457109076063183	1	1
FAM83B	0.017727018244262163	0	2	2	0.6452704134877916	1	1
IFRD1	6.161618162594024e-4	6.060587888454124e-5	5	1	0.6440624122146906	1	1
TBK1	0.012360378972507998	1	6	0	0.6427044768163579	1	0.75
NHEJ1	3.7157774597642516e-4	1	5	0	-0.6382452688791613	1	1
LOC113267246	3.9671803579962106e-7	0.3294637530396909	9	0	0.6363981924865273	1	1
GZF1	8.168162407551698e-4	0.0045337956880985245	4	1	-0.6360693863252544	1	1
ABRAXAS2	0.03199488790246692	0.011547753416733064	4	1	0.6358676186227219	1	1
PGAM5	0.00254022665485459	0.31964924619543167	3	0	-0.6358369658447549	1	1
LIN54	0.0051363442417309115	0.008682322829590711	5	1	-0.6335207304545729	1	1
TMEM63B	0.015505443013873112	1	6	0	0.6322251375817287	1	1
TM7SF2	0.0016037247630618602	7.137473878199354e-4	5	1	0.6320447423203324	1	1
GAREM1	0.0012018694316869004	0	2	2	0.6315442176038527	1	1
CLK3	0.0187691617809546	0.0075061272037834905	8	1	0.6302526972150001	1	1
WDR37	4.958615580236528e-6	5.372600799320696e-5	8	1	0.6283019348766027	1	1
ZNF395	0.019975261249589444	0.02383209952572341	3	2	-0.626627968505838	1	1
LOC113270150	0.04354974937171696	0.08912475080924566	4	0	0.625473370236683	1	1
TRPC1	0.032128598913425344	0.027523762451299203	3	1	-0.621732772500627	1	1
IRAK3	0.0349576737832807	0.19850903571020026	3	0	0.6213566115476092	1	1
BCAP29	7.658454034739454e-5	1.7151826928592245e-4	3	1	-0.6211681114797478	1	1
WDR47	0.02248848204585527	1	5	0	-0.6191821023076384	1	1
SLC35A3	0.04028490261597375	0.020513658449452386	4	1	0.6166267373745078	1	1
ZNF268	0.04199006737877268	0.11717234014008704	3	0	-0.6111050965398884	1	1
GK	0.04292304889433257	1	6	0	0.609372143307967	1	1
ABHD11	0.008035385312909238	0.022903776370294397	3	1	-0.6061225689373952	1	1
CAD	0.004416463186282295	0	2	2	-0.6058586580192712	1	1
LOC113250506	0.019975261249589444	0.024097999116727886	6	1	-0.605010680960102	1	1
RELL1	9.583978300012158e-5	0.0016538407961609266	6	2	0.6043529931648757	1	1
SLC2A3	0.009038170407968431	0.021331628764164626	4	1	0.6035178695077761	1	1
RPS24	2.465512299299904e-18	2.5461552544745133e-19	3	3	-0.6022056159647994	1	1
PHKB	1.5446501172265727e-4	6.662494335313159e-4	13	1	0.6005923657414599	1	1
LIPN	1.7620730276957088e-5	2.1880830346611036e-4	7	1	-0.6003556556157674	1	1
OTUD1	0.006309092377794021	0	2	2	-0.5975065219698016	1	1
ZNF165	0.00586067169993328	0.9866028683845228	3	0	-0.5933667940834043	1	1
SIPA1L3	0.026955813831271623	0.03466190847622689	4	1	0.593298563422136	1	1
FILIP1L_LOC113250506	0.008807039834767511	0.17344182457638263	4	0	0.5921382211630639	1	1
LOC113248767	0.021921037397981746	0.014630603464936469	4	1	0.5914573266397365	1	1
P4HA2	0.00949206579613089	0.09556737041254967	10	0	0.5884987754550456	1	0.75
GPATCH2L	0.010794791722804273	0.0013085073743754983	5	1	0.5879247612162041	1	1
TTC12	0.002806716850570109	0.002776858852185758	6	1	-0.5874041511288086	1	1
LRRCC1	8.12630305203705e-5	8.601800134010612e-6	5	2	-0.5871749446070114	1	1
CTBP2	4.5579732287051513e-4	0.014853723100903741	6	1	0.583424061428307	1	1
ZNF23	0.030408151900172053	0.2006941831749792	6	0	0.5807349250329827	1	0.75
MRPS27	0.043850392498691326	0.024646220138543718	5	2	0.5786136843749283	1	1
PLEKHF1	0.031098451545026874	0.25695824048938465	3	0	-0.576592635300331	1	1
RNF2	0.00196569854083806	1	5	0	0.5765741449754598	1	1
HSF2	4.147320020358457e-4	0.0020652410900744078	5	1	0.5753817378699325	1	1
CREBZF	2.8401851310147167e-10	1.4854635860603226e-7	8	1	-0.5725804204861009	1	1
POMK	0.03208268333890246	0.04860717232747519	7	1	0.5698646090957086	1	1
LOC113249328	0.012099890478134924	8.96999602137678e-4	4	2	-0.5678876190537596	1	1
RNF34	1.6934577832545018e-4	1	4	0	0.5672510405397027	1	1
UBE2F	0.027030828948807917	0.004801349888972127	3	1	0.5660265095104668	1	1
ZBTB16	0.0019039252161480926	0.0016565922229904585	3	2	0.5650032426660122	1	1
LOC113245198	0.02338785169444316	0.775674486364588	4	0	-0.5619068591821166	1	1
POLG	0.015716184986593794	0.35305854103530426	5	0	-0.5618748895381598	1	1
ZNF782	0.0443217823595814	1	4	0	-0.5605323245169965	1	1
MYO7B	0.0067432365142863	0.019327848403007792	4	2	-0.5588789419515705	1	1
BCR	2.0970211817572008e-5	2.4539238847049704e-6	4	2	0.5580543344173932	1	1
REEP5	1.8054828048653262e-4	4.516928337766146e-5	4	2	0.5575455051970165	1	1
TP53I11	5.030433017025187e-5	0.049504927048296975	4	1	-0.5570460550344577	1	1
P4HA1	0.026955813831271623	6.967821597257121e-4	9	1	0.5553850663477231	1	1
BEND7	0.014129836522781618	0.0566950413368027	5	0	0.5536152970153534	1	0.75
EARS2	0.014578473389452859	0.03138486744808357	3	1	0.5520504781459934	1	1
TOM1L2	1.8910315026686267e-6	4.162407976801661e-6	4	3	0.551721504284584	1	1
CALCOCO2	1.7347348570371325e-8	6.522252863243022e-11	4	3	0.5506551847593046	1	1
MOB2	0.004974553061417074	3.377224750323886e-4	5	1	0.5498968800903149	1	1
GORAB	0.03737620374822574	0.22054924349883193	7	0	0.5495519152521585	1	0.75
LIMK2	0.004191132267945782	2.212366835780763e-4	4	2	-0.5495267694797397	1	1
TCF7	0.023862893091795893	1	5	0	-0.549385156259686	1	0.75
LOC113259832_TAF1D	2.3408392876515365e-5	0.010850643570974072	8	1	-0.54706873371908	1	1
LOC113245792	0.003692652393899791	0.09204435866596873	4	0	-0.5466525673583915	1	1
MPZL2	0.04020623251946922	0.025434061206198302	5	1	0.5443637350411114	1	1
DDHD2	0.007350746250584951	0.015384200678806111	7	1	-0.5421672239937139	1	1
DECR1	0.019225104047806016	0.5752573148024677	10	0	0.5411897255462105	1	0.75
LOC113262216	0.007460225681511638	0.02891648333285653	7	1	0.5406898217633408	1	1
OCLN	0.049426948890500436	0.007682477462451971	3	1	-0.5398967328748442	1	1
KIF3A	0.043568745803325905	0.03379648535120713	3	1	0.5395377719192436	1	1
LOC113245168_LOC113245319	0.01316043505320908	1.6377406658434011e-4	6	1	0.5394927790551858	1	1
CCDC43	0.004165028253476056	0.01826177037139303	7	2	0.5387227516107028	1	1
LOC113246844	0.01889091551158952	0	2	2	0.5386471446799298	1	1
NOL4L	6.730449534192794e-6	0.09432571788433633	5	0	0.538355726787616	1	1
WSB1	1.0070233894432893e-5	0.0019462970032652653	6	1	0.537629373747323	1	1
ECHDC1	4.793768442925907e-5	1	6	0	0.5370789730786598	1	1
SCML1	0.005325457223614696	1	4	0	-0.5340592277469189	1	1
HSD17B14	0.026024313221820243	0.3985320780877105	7	0	-0.5334701999642545	1	0.75
SDHAF2	0.018827157103477103	0.06527286656786833	5	0	-0.5302036356198712	1	1
LOC113265650	0.019591347291724733	0.1991634704570581	3	0	0.529664544759619	1	1
PNKD	0.014417355481529306	0.32956637062258926	7	0	0.5290761977925681	1	0.75
MINK1	0.03737368766073015	0.01762247051935788	4	1	0.527790184210937	1	1
LOC113247193	0.003731891896652456	0.21224875631913723	3	0	0.5275409343132333	1	1
CLCN4	0.027506322393107175	1	6	0	0.5262532494950413	1	1
SUPT6H	5.45358371258767e-4	3.980613892881442e-4	8	1	0.5262344312226902	1	1
DRG1	0.00843826847920077	4.4052433811617384e-5	6	1	0.5251580081874053	1	1
PKP2	0.0023276198864895753	0.07163980040716542	3	0	-0.5246823558057683	1	1
TMEM97	1.4546636080407538e-4	0.020531058015345483	3	1	0.5235690021613211	1	1
ARHGAP39	0.047965548126600734	1	4	0	0.5224176635078588	1	0.75
LOC113248379	0.003969377177618459	0.0028411855589819146	3	2	-0.5205970344981501	1	1
LOC113245319	0.013307479571556353	0.001503160582579839	5	1	-0.520459931260472	1	1
ARAP2	0.031958701992282776	0.052517417525240584	5	0	0.516380679168404	1	1
TFB2M	0.03578431940740257	0.02062726557510762	7	1	-0.5159048810572051	1	1
TCOF1	4.283175837932079e-4	0.0055947311629802165	8	1	-0.5148826030921002	1	1
RCN1	1.9960230329213996e-5	2.1223477925910766e-7	3	2	0.5139482020297534	1	1
HSPB11	0.03243239829182004	0.11318828635486626	5	0	0.5135630207019617	1	1
GGACT	0.010386180326696456	0.07469758092698274	4	0	0.5130525920545471	1	1
FLRT3	0.03945154270829607	0.012275867562855963	3	1	-0.5097835261654797	1	1
MED6	0.0017597668433055067	7.815283378983034e-5	9	1	0.5094815650344419	1	1
CCNQ	0.040058294462195096	0.031626522405815254	3	1	-0.509125890277466	1	1
SLC35D2	0.018618921376680787	1	5	0	-0.5082891809641228	1	1
PHC1	0.036940049657721054	1	5	0	0.5071637643951006	1	1
ZNF568	3.019069619996468e-8	0.015059071381308572	6	1	-0.506861134008253	1	1
OPLAH	2.870492465651199e-6	0.02498620335952923	5	1	0.5066260476758231	1	0.75
ZNF236	1.255207425154518e-4	0.003171286612365697	5	1	-0.5037857846167981	1	1
MCM4	0.04818806186153048	0.29280821366395565	4	0	-0.5035946148367962	1	1
DMD	1.611586409662847e-5	0.009356128565081558	10	2	-0.5033406167178944	1	1
LOC113258537	0.022966765002428377	0.21414163552696877	9	0	0.5025212829341814	1	1
YTHDC2	0.03199488790246692	0.013687603602190868	4	1	0.5015155278350332	1	1
SHC2	0.01740856526501944	0.017448710554983975	3	1	0.5010833462261569	1	1
PPP2CA	0.0014694615650911996	9.495216538838382e-5	6	1	0.49897242681717613	1	1
DNAJC14	4.18871710700362e-5	0.002044730527724996	4	2	0.4971773530309538	1	1
PTS	3.9624905732148544e-4	0.308291805563795	7	0	0.4963720864131701	1	1
LIMS1	0.0011641182249986423	1.3394022412668066e-4	4	1	0.4959999116516827	1	1
EIF4A2	3.8846265287626826e-06	9.71180456800357e-4	7	2	-0.49578342847723955	1	1
CCDC12	0.007597257096033016	0.0776961981216533	4	0	0.4936472123748133	1	1
PLEKHO2	0.004165028253476056	1.8148615085172672e-4	3	1	0.49333192906477175	1	1
DNAJB6	1.1241840979966325e-6	0.011766342773033364	10	1	0.4925230176024231	1	1
CNST	0.047738682639885954	0.960375161027854	8	0	0.49050995421450655	1	1
CMTR2	0.04752673286435311	0	2	2	0.4904762087835794	1	1
KCNS3	0.036930272947777114	0.27138867280890067	3	0	0.49022463421066587	1	1
SLC31A1	0.0349576737832807	0	2	2	-0.4901085031849094	1	1
TNNI3K	0.00315646456579054	1	4	0	0.48961661896848785	1	1
ZFYVE16	0.007756818093887153	0.0026198631851514645	4	2	0.4881326972597395	1	1
PPARA	1.6180501429678037e-5	1.5603528119488737e-4	5	2	0.48665259183871773	1	1
ZFP3	0.018618921376680787	0.02607037726777874	5	1	0.48647559559515474	1	1
PRMT9	1.611586409662847e-5	1.6176351127327083e-4	6	1	-0.4860285327986102	1	1
PLAT	0.010528938725720331	0.001979170475208576	3	1	0.48512987978483874	1	1
CTBP1	0.0026926061539154266	0.0030855370751121467	4	2	0.4850329968705198	1	1
WDR20	0.0028986929023225496	0.031043595586013478	8	1	0.48430459611194526	1	1
RBBP8	0.01071904926957394	0.6473595577999454	7	0	0.48397411410740787	1	0.75
UBXN2B	0.015527271477865586	0	2	2	0.48390763920283364	1	1
RAB6A	0.0018701522580856047	1.900926435009682e-5	4	2	0.4815180556901512	1	1
FAM120B	7.811717071954175e-9	1	10	0	0.4805587461681078	1	1
FAM107B	0.00992388423932786	0.0052008344846331085	3	2	0.48055267275931546	1	1
VMP1	3.7157774597642516e-4	0.25494160714639047	6	0	-0.4804638465681018	1	1
UBFD1	0.013972350767937411	0.04245370682166894	7	1	-0.4785846585388628	1	1
KCTD18	6.841294214221855e-5	0.18238234091737593	6	0	0.47802070704969934	1	1
CRY2	5.402303820356557e-12	8.319951331751396e-9	13	1	0.47767407633366976	1	1
FTO	2.536275911091865e-7	1.697223777620683e-4	11	1	-0.4755343053921165	1	1
GJA10	0.010534638397256475	0.05043588829328685	4	0	0.4727720766464276	1	1
LOC113267060	0.019653097638921188	0.03646139392554169	5	1	0.47189046189297734	1	1
ABHD10	0.04751936255103852	1	4	0	0.4713294799149938	1	1
ERO1A	0.04184759973220921	0.024844742393679065	4	1	0.47048337993774797	1	1
F8	0.0014400049706771486	0.4847217263437875	5	0	-0.4704762744444871	1	1
BAG5	0.003962868027585616	1.3352025247579308e-4	3	1	0.4701823593479019	1	1
SLC25A36	0.00601956937586365	6.337251195906396e-5	6	1	0.4699354692373716	1	1
SH3D19	0.00837656542564133	0.06482402271123121	6	0	0.46845891839496867	1	1
LOC113265899	2.655790555830156e-4	1.0533419777705339e-5	3	2	0.46775432431912267	1	1
APLP2	5.925068334541584e-7	2.51874914686333e-7	5	2	0.46716710835266684	1	1
AGAP1	0.0010386440409959185	0.10820654142992837	7	0	-0.46716498786056404	1	1
ABHD16A	0.007597257096033016	0.008469903092905889	14	1	0.46676420681023906	1	1
AIMP2	0.03675330783279364	0.07961366908218376	3	0	-0.46604496189903055	1	1
LOC113257115	0.0019191329409591071	1	9	0	0.46597531951733534	1	1
ABCC3	0.014005600669302698	0.02178783775186569	3	2	0.46581352005916143	1	1
ZNF484	0.030281186866951578	0.2535426546680123	4	0	-0.46535453475396826	1	1
NXPE3	0.0020755117498460346	0.08698531004203865	5	0	-0.46471582768263064	1	1
TLE2	0.002326480740162397	0.33947168150895934	6	0	-0.46400493899403866	1	1
CCDC80	5.875412528753605e-7	0.0014242373814461365	5	2	-0.46395646956692915	1	1
XG	2.870492465651199e-6	5.483884258395711e-10	8	1	0.4637982749179616	1	1
COQ3	3.932355204102506e-4	0.004945523549337238	7	1	0.46258703314163874	1	1
NEK4	0.0062126452063477906	0.9994746703560377	5	0	0.4625503583792615	1	1
PRKD3	0.046920885674666055	0.01482122675337686	7	1	0.4617388932151931	1	1
MED10	0.025722149611342084	0.1670733982627615	6	0	0.4617118103971811	1	1
IRAK4	0.03024787836286303	0.020021733446775603	14	1	-0.4611347510171198	1	1
KLHDC10	0.034001056136070754	0.014629013494801049	3	1	0.46057673902760565	1	1
GNA12	0.01602193799094827	0	2	2	0.46033098907649406	1	1
STX10	0.018618921376680787	0.6018900424683471	6	0	-0.4602620155079741	1	1
FIP1L1	1.1085125131869428e-9	7.643644182588858e-8	11	2	0.4601354362766313	1	1
TSPAN14	0.03122943355868558	0.38616664847989557	5	0	0.4578364866442254	1	1
DDX52	0.001097701054150275	0.06845528589375674	9	0	0.4571826163760448	1	1
RASAL2	0.027767821354961357	0.0029819093594512097	4	1	0.4569102007945881	1	1
PRDX5	0.002280900602016735	0.004832253197730345	3	1	-0.45600193439720704	1	1
ZEB1	0.004555187135127953	0.0035030381907706016	4	1	0.4558681496927808	1	1
ITM2C	0.018827157103477103	0	2	2	-0.45511167683598297	1	1
SMAD4	2.4340390207437377e-5	0.001404577473091794	8	2	-0.45484503879078253	1	1
DCN	1.2926751908095472e-6	0	2	2	-0.454465864434458	1	1
COL12A1	1.0640436195680808e-4	0.0074941085347473	7	1	0.45437210636203035	1	1
ERC1	0.005398687363071034	0.009668253344120083	4	1	0.45435533920488125	1	1
SOD2_LOC113259616	0.020766854748967643	0	2	2	0.4541857258183073	1	1
SLC23A2	0.02324384472655135	0.22021221071350036	5	0	0.45406219788910035	1	1
RBMS1	2.127130812268631e-15	1	15	0	0.45383901539742827	1	1
LOC113248645	0.0187691617809546	3.1944216040716923e-4	10	1	0.4535438092428552	1	1
TFDP1	0.007630988568330588	0.1884185975221771	4	0	0.4534899207898171	1	1
PROS1	6.295423411188017e-4	0.004532454113568026	4	1	-0.4523857586161705	1	1
PPP1CB	0.020927741232679677	0.00376286156209073	6	1	0.4514704241795217	1	1
ENAH	1.9960230329213996e-5	0.09829471031762407	4	0	-0.45026798318658184	1	1
ZC3HAV1	0.03864564750010484	0	2	2	-0.4501385206569545	1	1
PSMC6	0.008305119456018806	0.060720801387443346	6	0	0.4492254393591065	1	1
PCMT1	0.00494184459207928	0.007649012192182627	5	2	-0.4488972715060434	1	1
MYL9	0.006843969089775017	0	2	2	-0.44860320721865277	1	1
APC	8.548616990876158e-5	6.785915961334533e-4	7	2	0.4479906512597688	1	1
SBNO2	1.9358264486891167e-4	0.0014349583063055342	3	1	0.44756325363722715	1	1
PCGF5	0.029989269644689752	0.018208583732007365	5	2	0.4472735251649417	1	1
UBAP2L	5.852322788329938e-5	0.06032381459708775	12	0	0.4462931971407885	1	1
POSTN	5.925068334541584e-7	1.2790295754983654e-4	7	2	0.44588785167684863	1	1
DTX2	0.013813915552694657	1	5	0	-0.4454282152707819	1	1
POLR3D	0.01080832056488842	0.0027791802352081893	3	1	0.4449244497466046	1	1
KLHL31	0.03021307416580064	1	7	0	0.4448956605349312	1	1
SPG11	0.01056947521171707	0.2293060848921733	9	0	-0.4446644862429308	1	1
ACSL1	1.7347348570371325e-8	1	13	0	0.4445803059037008	1	1
RIT1	0.0086551662460137	0	2	2	-0.4442309134525274	1	1
RCSD1	0.004138896791397964	0.862827998826031	5	0	0.44386107648449125	1	1
PCSK6	0.008035385312909238	0.014999293950636722	3	1	-0.44371945425174586	1	1
SFSWAP	0.017934819713816268	0.002093907483790914	4	1	0.4434116710260392	1	1
ULK2	1.347903875869765e-5	5.071434586900904e-5	4	2	0.44301452275547243	1	1
R3HCC1	0.008451793706642015	1	9	0	0.44277688677579247	1	1
PDE5A	0.011808609415756175	0.09727825549280963	4	0	0.4427490309602973	1	1
APPL2	2.870492465651199e-6	8.517643896566508e-7	13	2	0.44252631391662534	1	1
ATP6V0D1	0.024371029986761862	0.10043825860814808	3	0	0.44251782096749426	1	1
NFKBIZ	9.64553547908461e-7	3.7348633483691836e-8	7	1	0.4419750072004392	1	1
VPS29	0.024187303622683336	0.007224251037085812	4	1	0.44172518981983266	1	1
RNGTT	0.02374793993008356	0.003579685479158529	3	2	0.44167389648881866	1	1
EFR3A	0.005460655486031546	0.005075843310310356	8	1	0.44142644401964265	1	1
DHX32	0.04737447000963214	1	4	0	0.44139201462239774	1	1
CD58	0.03392612617415498	0.00573755468413907	5	1	0.44087954329575096	1	1
COBLL1	0.0032534599981092946	0.08703503275119033	9	0	-0.440394060838361	1	1
GEM	0.028276279978498638	0.037634807639662496	3	1	0.4385510632388063	1	1
MRPL9	0.031035604708812475	0.08430173635870171	4	0	0.4382945472482368	1	1
ASNS	0.023481711855124144	0.011022383232636416	5	1	0.437255542784401	1	1
BCORL1	0.009038170407968431	0.3060848293240125	4	0	0.4368245910535713	1	1
CEP170	0.00894316398537842	0.05239949652621569	5	0	0.43612595458314685	1	1
FAS	0.03208268333890246	1	7	0	-0.43602264905314975	1	1
IP6K2	0.02404167963689055	0.03858279511692287	9	1	0.43503578413922694	1	1
SEC22B	0.023329630746653725	0.009903456197700822	7	1	0.43494252456675164	1	1
TPMT	0.0010128000891341034	0.1128844786976763	6	0	-0.43436535431438295	1	1
ARAP3	0.007460225681511638	1	6	0	0.43166103331890177	1	1
ATP6V1A	0.02472656389349904	0.20318381209623176	5	0	0.4312191017188078	1	1
CUNH4orf19	0.003623104447810309	0.030346651437837734	8	1	0.4308808848860956	1	1
NF1	8.438218209817213e-5	0.03111170071598529	7	1	-0.43056713783144196	1	1
VWA5A	0.034001056136070754	0.9517854574404153	9	0	0.4284285596169668	1	1
RHEB	0.0011641182249986423	1.5554520066970895e-4	5	1	0.4277368066074755	1	1
DMAP1	0.04573533861489018	0.02296078835735311	3	1	0.4274407776334211	1	1
TP53BP2	0.02757081846423435	0.020681819624411676	6	1	0.42724370462691064	1	1
GCC2	0.008288381825439395	5.86946686082937e-4	3	1	0.4263150829421991	1	1
SLAIN2	4.1632315731540063e-4	0.004002858395755992	6	1	0.42600314226625935	1	1
CPEB4	0.007756818093887153	0.05686805682627557	3	0	-0.42597912749256817	1	1
MTR	0.014275321189787565	0.010664159011173624	5	1	0.4251730035573707	1	1
LOC113267063	4.793768442925907e-5	0.7056275869683103	9	0	0.4248276034059695	1	1
MRPL4	0.023916819261841128	1	7	0	0.4247812837993319	1	1
PRIMPOL	0.021330640439434376	0.35927936083855155	6	0	-0.4244069027650329	1	1
MYNN	0.03101723695991748	1	6	0	-0.4233025312802625	1	1
MAP1LC3B	9.733002335950338e-7	6.95748868583034e-6	4	2	0.4232792342544155	1	1
DDX47	0.003692652393899791	0.946430003761628	6	0	0.4225772646207021	1	1
DNPEP	0.0232391911012742	0.12136585747999837	9	0	0.4225357738226089	1	1
HNRNPH1	8.851001443862484e-4	3.4955641617569994e-5	9	1	0.4216508407732859	1	1
NCALD	1.9737030334239937e-4	0.9305472599973347	9	0	0.4212652021499631	1	1
PACS2	0.001231049726044047	0.006548111431982814	7	1	0.42117101689507397	1	1
PHRF1	0.004165028253476056	3.6991764184930606e-4	5	1	0.4206293209544636	1	1
MSMO1	0.043850392498691326	0.010056816005721376	4	1	0.42011228810324863	1	1
VIRMA	2.192205867213346e-5	1	11	0	-0.4198051977896743	1	1
WTAP	2.2887440814454827e-5	0.0024974862158348527	10	1	0.41971403769537086	1	1
LOC113244699	0.017882860710648693	1	7	0	0.41924184678970977	1	1
MORF4L1	0.010458597687097561	0.009841139504457011	7	1	-0.4190796866301381	1	1
BCL9L	0.007988206171190941	0.13948822502251595	4	0	-0.41883094760349693	1	1
VANGL1	1.384169857414364e-7	0.002567591743134276	4	1	0.41876419178029345	1	1
TARBP1	2.5854731468893297e-7	0.21391884697039112	8	0	0.4182719366623959	1	1
PPFIBP2	0.005460655486031546	3.214675910845149e-4	13	1	0.4181498195000349	1	1
USP18	0.010627712664363092	1	6	0	0.4171500448301164	1	1
ANTXR2	0.006593743700565684	0.017951134526636763	4	2	0.4164930451515404	1	1
SELENOT	2.1173428338978892e-4	0.008256148681009027	5	1	-0.4164399811378341	1	1
ACAD11	0.002811478589223766	3.3840669019995494e-4	5	1	-0.4157151877445155	1	1
SAT1	0.03208268333890246	0.04552823602362597	8	1	0.4155277807327561	1	1
C3	0.01740856526501944	1	12	0	0.4143770204811028	1	1
SNU13	0.014129836522781618	0.0011010580364095753	3	1	-0.4142174835328759	1	1
HSPA14	0.006463506709567433	0.01098695296198713	7	2	0.4140307040252915	1	1
THRB	0.026604961282258466	0.0324849666407718	13	1	0.41393028884854666	1	1
ANK3	5.557041378954262e-9	0.0011485520514907417	6	3	0.4138316639307228	1	1
HSD11B1	0.019653097638921188	0.30787736948496447	7	0	0.4136707808017399	1	1
TFEB	0.027525358508672593	0.26149374533766423	4	0	0.41337855478829055	1	1
TOGARAM1	2.1419020254205793e-5	1.0024342808832799e-4	4	2	-0.4125053583842953	1	1
TMEM65	0.03857953486653595	0	2	2	-0.4117482231367321	1	1
AGO1	0.004213663755478342	0	2	2	0.41163367611717727	1	1
ABL2	5.367119851644777e-10	0.02762530046392876	6	2	0.41032374881473344	1	1
ZNF620	0.01877155071634496	1	8	0	-0.40958216904576483	1	1
PUM3	0.026875337802351462	0.4712540343057722	11	0	0.40917234162877847	1	1
MFAP5	0.030595939998053417	0.004717589472923899	4	1	0.4088088124040749	1	1
LMO7	1.287814892365735e-6	0.0014504425397400091	10	1	0.4088009197731856	1	1
PSMD14	0.022966765002428377	1	6	0	0.4075035791054804	1	1
SBDS	2.2614999071626752e-4	2.700681865097275e-4	6	1	0.40743593825823465	1	1
UBE2V2	0.004165028253476056	0.006721428019400603	3	2	-0.40651895075879607	1	1
RUFY3	0.008008867088435683	0.002038952931251517	7	1	0.4064729016996221	1	1
UTP15	0.03021307416580064	0.043726815361295426	3	1	-0.4064556467975675	1	1
RAI1	0.007597071091930374	0	2	2	-0.40621574032588315	1	1
GYG2	0.041397071178857506	0.4859152786276152	9	0	0.4057601085112389	1	1
TIMM22	0.009841146092067307	0.05764510087146192	4	0	-0.4030957192895682	1	1
L2HGDH	0.02338745229887991	1	8	0	0.40218995099464205	1	1
TRABD2B	0.007104825489761336	0.03965715292712544	5	1	-0.4018163988136417	1	1
MFSD14A	0.04199006737877268	0.00488552999279474	8	1	0.4014828322202288	1	1
OSBPL3	0.00484694313374836	0.11145165128878057	3	0	0.4009823596404807	1	1
TLE1	0.01924819249227969	0.0025954107236477978	3	1	-0.40015528698946	1	1
SLC6A6	7.1007185621825885e-9	1.7241471583568186e-12	6	1	0.40007542753300657	1	1
GPATCH2	0.03806690475196124	0.08947187551680928	4	0	0.39948728997615623	1	1
PSMA2	0.04066086676432498	0.029525507519706288	4	1	0.3991256641800357	1	1
GCFC2	5.110396105863967e-4	0.16949167046076938	6	0	0.3971337493931149	1	1
MLF1	0.004416463186282295	0.016688651464335232	5	1	-0.3970505253731525	1	1
TMEM41B	0.041531454549379364	0.8572538642221	7	0	-0.39691590539848115	1	0.75
ZNF280C	0.003088739377692039	1	4	0	-0.3960964299198957	1	1
TRIM2	0.03496871394148818	0.1793511830020816	3	0	-0.39589504048429563	1	1
LIN7C	0.02248848204585527	0.0022774949808436395	4	1	0.39516182669342337	1	1
SDHD	8.568862413607057e-4	1.1387405603622772e-4	4	2	-0.3947872108024362	1	1
CAMSAP2	1.0640436195680808e-4	0.001591217167355108	4	1	-0.39464066671969017	1	1
ANKRD12	0.02472656389349904	0.12594544556441387	4	0	0.3944487530592058	1	1
ZNF45	0.004040334749338861	0.5397137315517413	4	0	0.3934281330013179	1	1
ERP44	0.041397071178857506	1	6	0	0.3932184184845225	1	1
LOC113251315	7.378246103681703e-4	6.835076812251785e-4	12	1	0.3930360237617093	1	1
LOC113264927	7.388455020309866e-4	1	16	0	0.3925786464563482	1	1
SNX5	0.005486656121972856	0.056401612221893105	8	0	0.3911221352468569	1	1
PAPOLA	6.762233915372549e-4	6.875022958017172e-4	11	1	0.38967554695458395	1	1
RFK	0.04830139764284116	0.007567624002658033	5	1	0.38919240828137924	1	1
EI24	0.03230196840709264	0.1544166633570778	4	0	-0.3885013103966551	1	1
HAUS3	0.021649687278024212	1	6	0	0.3880782982721193	1	1
STIM1	0.030408151900172053	0.03469160316845454	6	1	0.3876725922003794	1	1
ATP8B2	0.03557643023195372	0.04938702777608529	4	1	-0.3872810239879195	1	1
ZNF436	0.018506273029128315	0.0017390830798979916	4	1	-0.3872066835283908	1	1
COPS4	0.018647594886542412	0.014306741662563934	7	1	-0.3866090491223681	1	1
ACTN1	0.018827157103477103	0.015854818211088726	6	1	-0.38601763149157803	1	1
ST6GAL1	0.0013784004438786748	0.3174838434714176	9	0	0.3858772913640206	1	1
GMDS	0.008305119456018806	0.12411319921854258	3	0	-0.38557387218971584	1	1
DOP1B	0.004841938941876873	0.017333419390587617	5	1	0.38474234145577274	1	1
PAWR	1.347903875869765e-5	7.929631748241843e-7	4	2	-0.3842896557257174	1	1
RXRB	0.004745270635785713	0.008040037780052241	5	1	-0.3839518286179556	1	1
LOC113249219	0.014382210742216638	0.854165876396467	10	0	-0.3831081850577665	1	0.75
ASPH	4.5981925290962095e-5	2.2414258658352253e-6	7	1	-0.3826843416095589	1	1
NOP2	0.020927741232679677	0.5829980830078674	10	0	0.38116410607405027	1	1
TPCN1	0.004974553061417074	0.0035233587182457553	6	2	-0.38107019420776056	1	1
MAFF	0.028484498267237094	0	2	2	0.38085219140551785	1	1
GALNT10	0.032723927106567866	0.03420518826902438	3	1	0.3806492860574292	1	1
DENND2C	0.008960066956237165	6.378320568444451e-4	3	1	0.3793911118650254	1	1
STRN3	0.017232045005396192	0.0037881573108201824	3	1	-0.37895001443370263	1	1
IFT81	0.004165028253476056	0.3166267891718556	9	0	0.37874825912364746	1	1
HNRNPA2B1	1.0326510742939278e-9	0.001854964403661425	10	1	0.3785571808572995	1	1
XPO5	0.02374793993008356	0.0025949063260014217	3	1	0.3785548857103627	1	1
SMNDC1	0.005460655486031546	0.11848664691465492	4	0	-0.3783898279647658	1	1
ADGRA3	0.046920885674666055	0	2	2	-0.3779333410921457	1	1
PIK3IP1	0.005715807726425572	0.001325754312140325	6	2	0.37772362114026864	1	1
HECTD1	0.007690667358382389	0.587880423927409	8	0	0.3764623395682313	1	1
LOC113256813	0.04478791226863504	1	5	0	0.3760931002051535	1	1
COL6A3	7.168803927416829e-4	6.21402592978844e-4	6	1	-0.3759720359006521	1	1
AUH	0.0347325874728663	0.052121575245415545	6	0	0.3756926251996848	1	1
WDR13	0.02677108709943034	0.5582502439011692	10	0	-0.375373034631629	1	1
EXOSC7	0.02925329346013789	0.01170262086791602	3	1	0.3750415323904037	1	1
TMEM14A	0.041549158420508665	0.7855179042026339	6	0	-0.37478233423019547	1	1
NDUFAF4	0.02364225406809575	1	3	0	-0.37416735842075016	1	1
FAN1	0.00949206579613089	0.47185597429177845	11	0	-0.37369895249514745	1	1
UCKL1	0.03863875478216394	0.0028740992894087133	14	1	0.37298148979286117	1	1
CERK_LOC113241637	0.02367989159557164	0	2	2	0.37256714624462184	1	1
LOC113247918	0.04020948617365479	1	9	0	0.37239332057247837	1	1
XRN2	0.041397071178857506	1	7	0	0.3716568658040419	1	0.75
DNAJC10	0.0026487868262621388	1	9	0	0.37148155706942504	1	1
ASCC3	4.360032313926592e-9	0.0053540331142649155	9	1	0.37135968369323313	1	1
PTCH1	0.012666234581846113	0.016271895803599844	4	1	-0.371350096621101	1	1
DLC1	0.0012302145058395663	0.006289249468059435	7	2	0.37121579173223573	1	1
OXR1	3.4995996883605365e-4	6.098721569819978e-4	7	1	-0.37097292282599437	1	1
LOC113242608	0.004202339628875122	0.09843753942412058	3	0	0.36986348646155165	1	1
BCL6B	0.007104825489761336	1	9	0	0.3692517913217297	1	1
RAB34	0.03600201887116053	0.5199121055499942	6	0	0.3686819181595134	1	1
ACTR6	0.037791221821453426	1	5	0	-0.3685924154920451	1	1
LDB3	0.02179176936273316	1	9	0	0.3679733049373077	1	1
TEX10	0.002806716850570109	0.001385698478201834	8	1	0.3665266237816204	1	1
MXI1	0.012582569487822918	0.06541672181732823	4	0	0.3662841034448976	1	1
ARID5A	5.756335324479169e-4	5.493453432132799e-4	4	1	0.36607888491330093	1	1
ARHGAP35	0.02472656389349904	0	2	2	-0.3659475926642216	1	1
LOC113242775	0.007350746250584951	1	6	0	-0.36419322441637436	1	1
SYNE1	0.009632460784173501	0.07971997002575608	8	0	0.36387446061638795	1	1
TNC	0.009418434703311947	0.03853962514536188	4	1	-0.3623772944396053	1	1
ANKRD13A	0.04598880156455194	1	4	0	0.3617364134459444	1	1
PPP1R13B	0.003737305983402332	0.33031159903897567	5	0	0.3610167369258511	1	1
RGN	0.02333254553557886	0.10520297532700701	6	0	0.36039645129418607	1	1
TRIP4	0.037014560379810116	0.13682073711055906	7	0	-0.3596258566135147	1	1
ATL2	8.45630830687386e-8	1	8	0	0.35924771181299386	1	1
FRS2	0.017633492735610292	0.2472232177374121	5	0	-0.35889772041341955	1	1
MBTD1	0.007668979710763267	0.7248473936644602	6	0	-0.35870617457379955	1	1
AKAP13	0.00269477774283871	0.026754600605021394	12	1	0.3584975947216733	1	1
KIDINS220	3.978082154304337e-4	0.03863130959219501	10	1	0.35760928784884694	1	1
KLHL18	0.028568740922528004	0.27596423224395483	6	0	0.3574533536764089	1	1
GOLGA2	0.005236199206801856	0.0699144670728453	4	0	0.3570576717968783	1	1
PTPN21	0.0187691617809546	0	2	2	-0.35661602740795795	1	1
SRP68	0.03392612617415498	0.10501029029796291	3	0	-0.3560112385579385	1	1
KDM6A	0.04816493317990994	0.17913418745020881	6	0	-0.3557128862826827	1	1
CSAD	0.01738735258226578	1	11	0	0.35499195448745696	1	1
COL15A1	0.0056517041022861765	1	9	0	-0.3549831503929279	1	1
PSMG3	0.04020623251946922	1	4	0	0.3544218426653875	1	1
MFSD14B	0.04600576356196365	1	5	0	0.35438621905022455	1	1
TDO2	0.0052105837277955785	1	10	0	0.3540599588659925	1	0.75
BHLHE40	0.021386363448826294	0.018146631785106667	5	1	0.3538681654432643	1	1
LOC113243473	0.03475345249416107	1	5	0	-0.3537219241256529	1	1
SENP5	0.04784821690296647	0.05977337059872994	9	0	-0.35347577006583475	1	1
ELOVL1	0.0327095553497066	1	7	0	0.35342517177601473	1	1
ABCD3	4.283175837932079e-4	1	10	0	0.35175542704914864	1	1
SPICE1	5.214899071145012e-8	1	6	0	-0.3508831713678168	1	1
CLSTN1	0.005632445487974792	0.11524181008976374	8	0	0.35026177465787844	1	1
POMP	0.03446148060992982	0.0072667203401054785	5	1	0.3497431750402927	1	1
ZNF667	8.004531455866162e-4	0.03885509064643652	4	1	0.3497049354693125	1	1
RPL7L1	0.03793097813664663	0.18293875660309156	6	0	0.34943470853764713	1	1
RBM23	0.0028097707517648505	0.2552434170389672	8	0	-0.3492620035304602	1	1
CCT4	0.011353104983257239	0.015961563096019815	5	1	0.3488718084455429	1	1
ZMAT2	0.030503221940276232	0.006179377875582762	3	2	-0.3482962693128243	1	1
NARS	6.675490544044534e-4	0.01742006238446521	5	2	-0.3480817936033238	1	1
ITCH	0.014100279617725345	0.0015534255872261397	3	2	0.34805369172191614	1	1
GNA13	0.0380264262113509	0.01984114918957635	3	1	-0.3465059684339207	1	1
TMEM237	6.404176985126181e-4	1	5	0	0.3463223549391016	1	1
FBLN1	3.465177967472735e-4	2.0546980969711917e-4	4	2	0.3462942282720297	1	1
ZNF211	0.014472838223465415	1	7	0	0.345988933430892	1	1
SRSF2	0.013614633406760099	0.0090101355572731745	4	2	-0.34568804005262627	1	1
NDUFA10	9.732887099611962e-4	0.05642968712402912	12	0	-0.3456371948003353	1	1
MTMR12	0.004217475909604532	0.019101506309624695	4	1	-0.3453682147224749	1	1
LOC113249727	0.030408151900172053	0.011065012726970328	8	1	-0.3446139271451739	1	1
MAP3K3	0.040493950508235704	0.008095434809518494	3	1	-0.34456078938305057	1	1
FGFR1	3.548052795249997e-11	9.33820017459212e-9	6	2	0.34455096708526173	1	1
TCF12	1.6708423933633886e-8	0.4028529194232685	6	0	0.34453008934304274	1	1
PRKRA	0.034542679503813456	0.8957033840895614	9	0	0.344109079870673	1	1
BGN	0.013813915552694657	0.0018017903368233695	3	2	0.34368378973373487	1	1
GID8	0.0039293834298481075	0.06866570672079479	5	0	0.34284842447666786	1	1
TPM4	0.02183431998232747	0.17270971462956866	5	0	-0.3427939722639603	1	1
CHD9	7.658454034739454e-5	0.12922020227720132	9	0	0.34221312415090704	1	1
SYBU	0.031945559253388975	1	6	0	0.34174743137710956	1	1
POLR2A	0.02057216922406185	0.0045289425926900205	3	1	0.3416472252275068	1	1
ODF2	0.0045361104929366215	0.9065955416626691	10	0	0.3410500958320619	1	0.75
INF2	0.006843969089775017	0.19790875230006594	9	0	0.3403620292570453	1	1
VPS9D1	0.03314069376780915	0.6668272032606031	5	0	0.339444130613582	1	1
EMC10	0.010171729411334795	0.017394133098009797	3	1	0.3391177101015932	1	1
CPT1A	0.01578691536745035	0.13206269690667966	5	0	-0.3389267862727741	1	1
INVS	1.2106958162771912e-4	0.003963729905417516	8	1	-0.3386441345160671	1	1
FOPNL	8.649705498068917e-6	0.013704370856272142	6	1	0.33854601347150554	1	1
LOC113251518	0.023929906859418672	0.10574888860799064	9	0	0.3377277365730448	1	1
TMEM175	0.0337706929870531	0.3845039296862112	4	0	0.3376197450560055	1	1
VGLL3	0.019352548121523903	0.05915211550122956	7	0	0.3374862120325256	1	1
BAP1	0.02327641685616313	0	2	2	0.33689813617757147	1	1
SIRT5	0.02297132904651667	0.2776892270136903	7	0	0.33626302422377274	1	1
ELMO3	0.002455045102139388	0.3803933270629294	10	0	0.3361469330081206	1	1
CHIC2	2.028004951519095e-8	0.0027694506641084728	7	2	-0.3361324939553458	1	1
FAM200B	0.04852949047861475	1	7	0	-0.3358549476637197	1	1
LOC113246677	0.030408151900172053	1	5	0	0.33546489552054704	1	1
MRPL30	0.02374793993008356	0.29845911921277807	3	0	-0.33523994635796894	1	1
ARHGAP5	0.02226403039554065	0.006221853760229944	3	1	0.33468867029158267	1	1
MTSS1	8.47446603481763e-4	0.11028358050241671	11	0	0.33433905261114033	1	1
STOM	8.787686572388417e-9	4.5688292135491266e-6	8	2	0.3342734510736393	1	1
NPRL3	0.02007965868378925	1	5	0	-0.3342431609402424	1	1
CD99	5.756335324479169e-4	2.6964910027675896e-4	6	2	0.33389050392102393	1	1
SUPT7L	0.01578691536745035	0.005274655200151248	4	1	-0.3336781931810646	1	1
SRP19	0.0054065407955093975	1	4	0	-0.33363197353170826	1	1
IPO11	0.011808609415756175	1	12	0	0.3332190477050751	1	1
ALKBH3	0.01877155071634496	1	6	0	0.3328143286271445	1	1
EVC	0.007756818093887153	1	4	0	-0.3325777758125246	1	1
VAT1	0.002930525133305257	0	2	2	-0.332439589889	1	1
FNDC3A	0.041397071178857506	0.14850252121967303	8	0	-0.3315606444877668	1	1
DYNLT3	0.04814683314384495	0.03396283818423518	3	1	-0.3313182428724114	1	1
KLHL7	9.733002335950338e-7	0.021713195629067546	12	1	-0.33018268441695797	1	1
CHMP2A	0.023130830016510718	0	2	2	-0.32888545904527233	1	1
PFKFB3	0.03674160130549807	0.0020798254482702295	10	1	0.32871346019312037	1	1
FAM13C	0.0106502834453621	0.37703001639223066	8	0	-0.32846976031683556	1	1
TMX1	0.04296719980100656	0.4396683814918039	6	0	-0.328124207325608	1	1
LUC7L	0.019352548121523903	0.17431199822995871	8	0	0.32812097376667926	1	1
ZNF106	0.018827157103477103	0.026785689117309178	5	1	-0.32799611299831927	1	1
TAX1BP1	0.0232391911012742	0.033589017427964	9	1	0.3265772473700692	1	1
ZWINT	0.02975948713201872	1	6	0	-0.32638911081279703	1	1
ANXA11	1.611586409662847e-5	0.01967392066864664	9	1	0.3263380695294221	1	1
UVSSA	0.0024679991291380113	0.45405985434656193	7	0	0.32607672202301496	1	1
DERL2	0.0014400049706771486	0.041904541184986994	7	1	-0.32551413346675157	1	1
CA12	0.01187267116530397	0.0631882010357077	4	0	0.3244822089310856	1	1
CDKN2AIP	0.015768385177259047	0.4943537967678369	5	0	0.32337921888508403	1	1
SNX30	0.037222215790804494	1	3	0	-0.3218527030966432	1	1
TRABD	0.0038822945128445395	1	10	0	0.3208849458320215	1	1
B3GALNT1	0.0022638802961368974	1	17	0	0.320792009095361	1	1
RBM33	0.018647594886542412	0.8740254490263087	7	0	0.32063271250230335	1	1
VWF	7.606428337541847e-4	0.06316358418529898	10	0	-0.32061552817385336	1	1
DIABLO	0.011169095668900599	0.42701893265479923	7	0	0.32041321756109603	1	1
BCL2L1	0.04830139764284116	0.006151114473364423	5	1	0.3201020612511061	1	1
GLYR1	0.03357066375318991	0.16039042936580783	8	0	-0.3198460594039895	1	1
CLASP1	1.9960230329213996e-5	0.0852020106916929	10	0	-0.3196586342482672	1	1
PDCD6IP	0.002806716850570109	0.01524460626593635	8	1	0.31880022574094646	1	1
SOX6	0.04142993751830289	1	15	0	0.317516428114181	1	0.75
THBS3	7.606428337541847e-4	1	14	0	-0.3169360920620541	1	1
ASAP2	0.019975261249589444	1	3	0	-0.31570533429006514	1	1
PAFAH1B1	0.004745270635785713	3.1459330644954044e-4	9	1	0.3142567426246287	1	1
CIRBP	0.03423719878384264	0.742267932933157	8	0	0.31414005543433154	1	1
CCSER2	0.020927741232679677	1	11	0	-0.3127014758164123	1	1
DDB1	0.032128598913425344	0.26395789523827784	7	0	0.31255226143516063	1	1
SLC30A7	0.014129836522781618	0.6366731554905991	4	0	0.3119383951480916	1	1
LOC113248518	9.266761561951979e-7	1	16	0	0.31158533113403836	1	1
ZNF391	8.551560161764147e-4	1	12	0	0.3115585190948426	1	0.75
ERCC6	0.006194503280466507	1	7	0	0.3113255721978315	1	1
EPHX2	0.012119804082073202	1	13	0	-0.3111250613268621	1	1
MPG	0.02041472106624524	1	4	0	0.3110232004297325	1	1
WWC3	0.015716184986593794	0.0013018094761091472	4	1	0.3107031294990843	1	1
CSPP1	0.0010487754603916172	0.029894835282831333	6	1	0.3096310060966498	1	1
ATR	0.0012755099365170796	0.20426252128766115	5	0	-0.3095825939050178	1	1
ARL15	0.04032379452300547	0.8190800106883123	8	0	0.30882823126513526	1	1
HDAC7	0.0011626017132697695	6.597877122964511e-5	6	1	-0.30826067421663594	1	1
FBXO9	0.04032379452300547	0.02172171274208126	10	1	0.3081589087191113	1	1
PANK1	0.04020623251946922	0.2647845505952451	4	0	-0.3072833306708516	1	1
STX3	0.019653097638921188	1	7	0	0.30724688355197355	1	1
FAR1	3.010928348512731e-6	4.855854960502044e-4	7	1	0.3067486445789155	1	1
IARS	0.005548424456012973	1	9	0	0.30650224388516145	1	1
RASSF1	0.04737447000963214	0.03456261474664066	4	1	0.30612235627387463	1	1
EBF1	0.04628386401738665	0.6301137003609261	4	0	0.30611195724097606	1	1
LAMTOR3	0.032105953164297395	1	6	0	0.30605199671228733	1	1
ERI2	2.1419020254205793e-5	1	8	0	0.30601830776055394	1	1
BECN1	2.9433597118457255e-4	0.8011206601280705	13	0	0.3051877121311536	1	1
WDR91	0.01616280728671663	0.6137339991554769	7	0	0.3047994290502639	1	1
DDR1	0.028691062057011697	0.013102325810741444	6	1	-0.3046540613519275	1	1
PEAK1	0.0491958912838333	0.9214732242386077	14	0	-0.3044922057046709	1	1
FOS	0.029989269644689752	0.6645785982279746	4	0	0.3041715753761488	1	1
AQP9	0.0019181442363664736	1	8	0	0.3036990047707778	1	1
PSAP	1.5010041660615973e-7	1.1068298413081614e-9	3	2	-0.30329991919878563	1	1
DDX23	0.0187691617809546	0.14187342081431994	5	0	0.3028292414963071	1	1
RND3	7.856522213532304e-5	6.132897619801818e-7	4	1	0.30113842800417345	1	1
KLHL24	0.00949206579613089	0.21886864208246912	12	0	0.30106153472312547	1	1
DAZAP1	2.515788807934374e-4	0.009132549044366074	9	1	0.30090922157761946	1	1
KCTD15	3.714458146380316e-4	1	7	0	-0.30033208651001375	1	1
PTBP1	0.019180809990399002	0.09187033213837957	6	0	0.300255375281415	1	1
TMEM87A	0.02017532592841622	0.172482733001098	10	0	-0.3001928855278578	1	1
GNAI3	0.0010386440409959185	4.384321102471314e-5	4	1	0.2999232104790489	1	1
DNAJC3	0.014692430738651946	0.15811600037661738	4	0	0.29990846571430557	1	1
CAVIN1	3.257479084632605e-8	3.927049871237589e-11	4	2	0.29895472181962807	1	1
PNP	3.010928348512731e-6	0.43351660497706374	5	0	0.2984937865948766	1	1
DARS	0.04717118471324355	0.1925761525878478	7	0	0.29773756126043294	1	1
ACSL4	2.655790555830156e-4	0.8737996760463256	10	0	0.29764251164004446	1	1
MAVS	0.049426948890500436	1	5	0	0.29683520169814687	1	1
ESYT2	7.086228401944168e-4	1.442145668182956e-4	9	1	0.2964295192305773	1	1
ROBO4	0.03361218875618408	1	7	0	-0.295934183127415	1	1
SPRY1	0.007597071091930374	9.96253226901398e-4	6	1	0.2951428197437189	1	1
PLS3	0.0349576737832807	0.024073917197597286	5	1	0.2948857545421173	1	1
GLUL	0.0013678324787220438	6.524427280692542e-5	5	2	0.2948661908828454	1	1
novelGene_LOC113257589_AS	0.0064507526576665615	0.7639833716915898	3	0	0.29477028499209246	1	1
METTL1	0.001386676612449103	1	10	0	-0.29384295565185936	1	1
PKNOX1	0.014578473389452859	1	6	0	0.29383828947908835	1	1
CCNH	0.03243239829182004	0.313826837903545	4	0	0.2934859729406679	1	1
TTPAL	0.028276279978498638	1	6	0	-0.29332083605874915	1	1
MED16	2.909745302949857e-4	0.47519894047274647	11	0	0.29165236895490004	1	1
MIA3	8.838855587505998e-4	0.04041838525656388	11	1	0.2912972356883679	1	1
NFRKB	0.014275321189787565	0.03460585325267681	6	1	0.2908980890247128	1	1
MYO1B	3.178049663512012e-5	1	7	0	0.2904277016764319	1	1
YIPF2	0.03964093213193175	0.3619105995004661	10	0	-0.2903192579161068	1	1
AKAP2	0.015948231010135115	1	7	0	0.29016754996296534	1	1
ETFDH	0.03863875478216394	0.77270691134182	11	0	0.29010551271880786	1	1
SYNE3	0.010171729411334795	0.252346581537634	6	0	-0.28999147687215443	1	1
TANK	0.0010084600631524642	1	10	0	0.28913314200101314	1	1
TOMM20	0.015880024949245983	0.0050436732154072175	4	1	0.2890875753463096	1	1
LAMC1	0.027506322393107175	0.0036879677953136946	3	1	0.28900361599759167	1	1
FNBP4	0.0031315368529681586	0.004860776833844191	7	1	0.2884880555811533	1	1
MATN2	0.020898632354284585	0.026886471402425526	5	1	-0.2880561245109242	1	1
FAM126B	0.01813718986069248	0.35467556786733084	9	0	0.2880254770949089	1	1
EWSR1	1.6403290978674062e-4	0.18054799893181112	10	0	0.2869909288559447	1	1
SLC18B1	0.04354974937171696	1	13	0	0.286768994122663	1	1
INPP4A	0.001552122793622962	0.0510860711276049	4	0	-0.28666022011632375	1	1
PARN	0.02523761192051715	1	8	0	-0.28606030799580867	1	1
RRBP1	2.923330716010959e-4	0.08712445839876459	10	0	0.28580083483661156	1	1
TMEM230	0.02569812797303148	1	5	0	0.28534907016540795	1	1
SHC1	8.47446603481763e-4	0.2010325338579943	12	0	0.28501678031400557	1	1
RANBP3	6.363289281427109e-7	0.07845637805070337	15	0	-0.2850074283844169	1	1
FHOD1	0.023130830016510718	1	14	0	0.28448617804992227	1	1
ZC3H4	0.029989269644689752	0.009653859980279447	5	1	-0.2838463538155565	1	1
CUNH21orf91	0.03689896424626077	0.07538692330589186	3	0	-0.28355887618949316	1	1
ITGA5	0.018494292234145785	0.21126858876554871	7	0	0.28246223726780884	1	1
SMYD1	0.021330640439434376	0.3745019774525226	4	0	-0.28225953545661253	1	1
MPRIP	0.004555187135127953	3.8083140777748814e-5	6	1	0.28198105362205866	1	1
DOCK9	0.002976579091776601	0.0011462729950634401	9	1	-0.28196353310826494	1	1
PXN	0.019232736098612792	0.066872398933955	10	0	-0.28172710026814946	1	1
NCBP1	0.01813718986069248	1	8	0	-0.2813431486140736	1	1
ADAM10	0.04852843061497991	0.6055522614118964	7	0	-0.2809605506166998	1	1
ICK	0.006558519819576654	1	6	0	-0.28040249072771617	1	1
LOC113246855	0.011054843602851439	1	6	0	0.2803553617653412	1	1
DEPTOR	0.02077947538937773	1	4	0	-0.28000472978803326	1	1
ZMYND11	0.027921180330609596	0.09500247152973566	11	0	0.27972449955153567	1	1
PSMB1	0.019143874607142113	0.0015680997886908523	5	1	0.2791670638591217	1	1
LOC113243115	6.167882574869002e-4	0.03838129704688534	14	1	-0.27896622482583067	1	1
STOML1	0.0187691617809546	1	5	0	0.27889726338925086	1	1
HNRNPC	0.028568740922528004	0.8757098734125162	15	0	-0.27871452770753946	1	1
NRAS	0.019591347291724733	0.06237412751273466	8	0	-0.27847701319250173	1	1
NR2C1	1.3928452641738845e-5	0.19611680940329573	6	0	0.2778837164285998	1	1
ZDHHC17	0.031621871680059734	1	3	0	0.27767506948795184	1	1
SEPT8	0.03689896424626077	0.12663150870403386	7	0	-0.277358184304384	1	1
MBNL2	6.762233915372549e-4	0.17437172230329132	13	0	0.27662431507690427	1	1
CHTF8	7.794673139614513e-4	0.056397473256606864	9	0	0.2759079817713769	1	1
SRSF5	0.016133820090127718	0.038082558061520715	11	1	0.2757026232055005	1	1
COL3A1	2.870492465651199e-6	0.03894096424402569	6	1	-0.27549690527565046	1	1
ACBD3	0.045274601252072624	0	2	2	0.27541064285889405	1	1
CDC27	0.019975261249589444	1	11	0	-0.27537235905450935	1	1
LOC113247645	7.552954777095986e-4	0.04848787007501919	8	1	0.2753497433752685	1	1
FAM208B	8.80157617296592e-6	0.0010483226263125073	6	1	0.27522517881763764	1	1
IL1R1	0.009524277332524702	0.23325002156026955	8	0	0.2749818693515138	1	1
MYL6	0.01776348123799915	0	2	2	-0.2749680298831581	1	1
UACA	8.4085851478082885e-05	0.05984592023020447	10	0	-0.27419876355868666	1	1
SFI1	0.04078334558300957	0	2	2	-0.274173805327404	1	1
HADHA	0.030850526246403977	0.778154543455199	10	0	0.27346032999928704	1	1
GALM	0.03866870574347823	1	6	0	0.2731476945420054	1	1
LIMCH1	6.730449534192794e-6	0.035278841114486134	10	1	0.2730404882392077	1	1
CDH5	8.321120241035766e-4	1	12	0	0.27281126989093984	1	1
EIF4G2	0.02252775975561243	0.062424195112443605	6	0	-0.2726201744346015	1	1
LMF2	0.020927741232679677	1	15	0	-0.27242762445530666	1	1
SLC12A6	0.02248848204585527	1	5	0	0.2723682971664744	1	1
DCAF4	0.02062067374961161	1	11	0	0.2722688501499627	1	1
GOLIM4	0.01657830018270101	1	10	0	0.2720956679775963	1	1
PDCD4	0.008960066956237165	0.25027833367739144	5	0	0.27171196556619537	1	1
LOC113258542	0.00922276892494628	0.23703400902054494	13	0	0.27156618657704235	1	1
PTPN12	0.029163535459247592	0.3777423619332322	5	0	0.27120382542315	1	1
SLC35B1	0.03298207857188231	0.39739649061993093	6	0	0.2706000949349753	1	1
USF1	0.02333254553557886	1	13	0	-0.2700024717735683	1	1
PUDP	0.0013784004438786748	0.06294565716844323	10	0	-0.26981853798280997	1	1
LOC113244591	0.009518594191774156	0.006035554109185598	4	1	0.26898336265482004	1	1
LGALS8	5.940892692345347e-4	1	11	0	0.26882688418243644	1	1
IQSEC1	0.029907182814887773	0.05392509158188709	8	0	0.2686441597696045	1	1
TMEM43	1.255207425154518e-4	3.0058763949196026e-7	5	1	0.26847693309310794	1	1
PIP5K1A	0.0014098115577202942	1	11	0	0.2681753333181349	1	1
SLC25A39	0.0062126452063477906	1	5	0	0.26778312303077934	1	1
ASCC2	0.009526771221758755	1	11	0	0.26767119828714514	1	1
MYH11	0.018519868573449203	0.5484137731864774	9	0	0.26740630790903264	1	1
MYO6	0.013707481765270408	1	10	0	0.2673495018885093	1	1
SP3	2.2614999071626752e-4	0.9222177227313834	6	0	0.26714814525267727	1	1
RNF168	0.013966277341053736	0.6868759555888743	5	0	0.26706243163237203	1	1
SCMH1	0.03143725760131055	1	9	0	0.2666270388606719	1	1
UBA3	0.019232736098612792	0.657789604881051	7	0	0.26647984596472907	1	1
BIRC2	7.50101775402684e-4	0.6589489300562664	8	0	0.2663279086928997	1	1
CWF19L2	0.03853040215448057	1	9	0	0.2662223363380449	1	1
CENPH	0.0187691617809546	0.1163927935041337	4	0	0.2656193051056862	1	1
CRBN	4.218026351850245e-5	0.29772666734034836	6	0	0.2652092744032665	1	1
SNW1	0.010270713976459397	0.010954956422044516	4	1	0.26512844919503775	1	1
UBE2D3	2.536275911091865e-7	6.710929676709379e-4	9	1	0.2648889362616559	1	1
XRCC5	0.022173634776596406	0.004736933570116577	8	1	0.2648476589462215	1	1
CCP110	0.004165028253476056	0.8713202016202495	8	0	0.26463957526313864	1	1
RABGEF1	8.523477489112835e-4	0.017321640134584114	9	1	0.2641713697348896	1	1
PSMA3	0.02169994761138403	0	2	2	-0.2639901065762901	1	1
SORBS2	1.499248294558829e-4	0.8209921577878385	12	0	-0.26317278409852685	1	1
TIMMDC1	9.790458789289919e-4	0.8989137445166887	5	0	0.26290154161500284	1	1
LARP1B	0.028586327975395766	1	10	0	0.2627716787058595	1	1
ATP11B	0.0021989760270898486	0.029975418516586062	6	1	0.2624760575048643	1	1
ASPSCR1	0.022978524825564537	0.7772117378828536	11	0	0.2624036653282721	1	1
TRMT2A	0.022173634776596406	0.14436194581578202	4	0	-0.2622290207303951	1	1
PTPRB	0.00254022665485459	4.5129902131435605e-4	3	1	-0.2618063262525084	1	1
ISOC1	0.030329408968664578	0.0335853794139231	4	1	-0.2608573102211949	1	1
SUPT16H	0.0337706929870531	0.2021199345104337	5	0	-0.25998347179613374	1	1
LOC113261047	3.0254170874753402e-5	0.07495092082718996	7	0	-0.2594939689607416	1	1
SYNCRIP	0.024307526937577466	0.018134037505862104	6	1	-0.25926013162018374	1	1
CSNK1A1	3.019069619996468e-8	7.73274004133082e-10	8	1	0.25918631584635143	1	1
ATRX	0.02088273095051589	1	10	0	-0.25910548548426215	1	1
KLHL22	0.0408570535686641	0.12671039247095423	8	0	0.25903913984912363	1	1
TGDS	0.02835879177205146	1	10	0	-0.2586797223848346	1	1
AMZ2	0.0030991435513197984	0.0029226315008160407	4	1	-0.25828612986866717	1	1
PTK2	0.03853040215448057	0.37436886399860636	8	0	-0.25782817806459035	1	1
CCDC47	0.00992388423932786	0.12332117025963805	6	0	-0.2567417435502805	1	1
SF3B1	0.015765900360725643	1	10	0	0.25661394565908335	1	1
SASH1	9.733002335950338e-7	1	9	0	0.256543108284132	1	1
LAMA4	0.047738682639885954	0.3019254388045721	9	0	0.2562582059577763	1	1
P4HB	0.003884732597147463	0	2	2	-0.2560778456634104	1	1
KIAA0930	0.048679409692240966	0.5006581897882516	3	0	-0.25488889112319	1	1
LOC113247723	0.013614633406760099	1	3	0	-0.2544411249301244	1	1
IRF9_REC8	0.01056947521171707	0.9670847167948322	12	0	0.254185960105078	1	1
ZNF207	0.02635620303631211	0.015617624054810214	7	1	-0.2541217500931398	1	1
PHIP	0.04066086676432498	0.017171137287500887	4	1	-0.2540766207760602	1	1
RXRA	0.0011155065821690277	4.017600779824354e-5	3	1	0.2539783808811503	1	1
MMS19	0.041549158420508665	1	10	0	-0.25386538209812254	1	1
ABCA9	0.018494292234145785	1	8	0	0.253456617906982	1	1
GNE	0.024358556662009943	1	13	0	0.2534316579390329	1	1
MSANTD2	0.010984771888313934	1	7	0	0.25287581079571353	1	1
TMTC4	0.04354974937171696	1	8	0	-0.25283310894555405	1	1
TMEM59	3.564313509646309e-5	0.006095322978511236	7	2	0.2527233692776384	1	1
CDK20	3.010928348512731e-6	0.004885734613942901	11	1	-0.25248587197747774	1	1
LAS1L	0.0017795996153438022	1	18	0	0.2523355772344494	1	1
SMARCA2	3.019069619996468e-8	1.6349445663532385e-4	12	2	0.2521839086076265	1	1
CAST	3.694825627373724e-4	0.0018822615814265207	9	1	0.2521195386068526	1	1
LLGL2	0.019352548121523903	1	3	0	-0.25208325686589494	1	1
MSN	0.029163535459247592	0.020212324454184655	3	1	0.2516159704080878	1	1
EED	0.019352548121523903	1	7	0	0.25081865816495374	1	1
BAG6	1.8946202036848432e-4	0.014821739474142717	12	1	-0.2507039325216514	1	1
FMO2	0.037791221821453426	1	8	0	0.2504958872322726	1	1
B4GALT7	0.005694900793188413	1	5	0	0.2504559543294668	1	1
SLC25A51	0.0011784847239788314	1	15	0	-0.25019253126699614	1	1
RAPGEF1	0.00586067169993328	1	6	0	-0.24990439076884632	1	1
AP5Z1	0.01583155338797864	0.8756815591784718	6	0	-0.24887156313895548	1	1
ZNF664	3.678804654155042e-7	0.2968953717798443	7	0	-0.2488690985588542	1	1
PLXNB2	0.0038822945128445395	1	11	0	0.2484561430239776	1	1
CIAO1	0.007630988568330588	1	9	0	0.24843938209823863	1	1
LOC113254576	0.0010066898308004851	0.0350005153651398	6	1	-0.24816315762744712	1	1
CREB1	0.04947886520960252	0.6027353137909373	5	0	0.24778799021893394	1	1
IZUMO1	0.018618921376680787	0.45714575697410964	7	0	0.24755538588477416	1	1
PABPC1	3.539852933537553e-5	4.724999679686528e-4	6	1	0.2467623978403316	1	1
CPSF2	0.014416913280208216	0.0013876947445815614	4	1	0.24552532567836752	1	1
KANSL2	6.762233915372549e-4	1	15	0	-0.2452644511249825	1	1
PHLDB1	0.007668979710763267	0.01489770858263839	10	1	-0.2451742761828355	1	1
SIAH1	0.04737460201579223	1	3	0	-0.2451551731146101	1	1
RAB1A	0.006901082472819702	0.012392740330468683	5	1	0.24463045264802075	1	1
KDM4A	0.010750286261532906	1	9	0	0.24459651804574334	1	1
PLK2	2.6072419291814353e-4	3.6003866136003355e-4	4	1	0.2445378669278508	1	1
B2M	0.034425327367319285	0.006101135230090442	3	2	0.24405725569418343	1	1
EHHADH	0.04717118471324355	1	13	0	-0.24402368964775029	1	1
TOP2B	0.007350746250584951	0.001117666761397323	7	1	0.24358550036140592	1	1
PML	0.017056851197294293	0.08565189903051447	10	0	-0.24323121862971084	1	1
TOM1	0.0036415935268475147	0.0369527031533913	11	1	0.24297779698301125	1	1
UAP1	1.1498492667686026e-9	1	12	0	0.24284880988596205	1	1
EMID1	0.037419074202059276	0.41313840249312617	5	0	0.24229282558604193	1	1
CCS	0.03382790399350133	1	9	0	0.2416309487906936	1	1
ABCE1	0.014129836522781618	0.8648366534693535	10	0	-0.2406000752459581	1	1
ARHGEF3	0.004416463186282295	1	14	0	0.23928138198276167	1	1
GSN	1.0640436195680808e-4	3.549598718484019e-6	4	1	0.23918929346155293	1	1
PAK1	0.0465276807122095	1	5	0	-0.2390678559134769	1	1
NBR1	0.0035261329517665948	0.03078188179246305	9	1	-0.23899415751457465	1	1
TARS	2.536275911091865e-7	1.483894376647628e-5	9	1	-0.2384228527889027	1	1
TSC22D1	0.011936004085266582	0.5980233268693629	6	0	0.2383476087959963	1	1
ZNF184	0.0014694615650911996	1	11	0	0.2374520484022934	1	1
TBL3	0.03675330783279364	1	10	0	-0.23740810456001588	1	1
NUP85	0.012067486050098036	1	9	0	-0.23711418093906017	1	1
PACS1	0.02999983253299482	0.004585337489272031	3	1	-0.23691290835080972	1	1
YTHDC1	0.044129807479058585	0.5211109105884293	8	0	0.23680559279501767	1	1
NKTR	5.851393887597545e-4	0.027338199653943775	8	1	0.23669362639062	1	1
LMNA	0.012119804082073202	0.20600771571148635	5	0	-0.23640263074966783	1	1
CTDSPL2	0.010316223928691082	0.9844458266488969	8	0	0.23609814881574523	1	1
FBXW2	0.004053629664514058	1	5	0	-0.23607957234332574	1	1
LRRC61	4.296316797545365e-4	0.3495791873566269	5	0	-0.23604267880517105	1	1
AFDN	9.557940906897196e-5	1	11	0	0.2358276609872806	1	1
RNPS1	0.00742121712655091	1	5	0	-0.2357359313445883	1	1
EMP1	1.384169857414364e-7	6.229514951134048e-4	5	2	-0.2353307655172082	1	1
FES	0.0232391911012742	1	6	0	0.23529627507589945	1	1
WDR90	0.045777490479875345	1	11	0	0.23489053852572317	1	1
LOC113262695	0.005615825539634009	1	9	0	0.23452889379079678	1	1
SLC10A6	0.030418501812328996	1	6	0	-0.23450015554163073	1	1
TEAD1	0.04478791226863504	0.2517100761044631	6	0	-0.2342588013791742	1	1
SBF2	0.026495185920976383	1	6	0	0.23409108802879355	1	1
KDM3A	6.183591205425594e-11	3.3026404791895064e-05	8	1	0.2340373888292734	1	1
RPAP2	0.003551216081863531	0.41844067281019415	6	0	-0.23383376436807668	1	1
MED15	9.583978300012158e-5	0.5013137388247116	8	0	0.23359885435162997	1	1
ZNF280D	0.00586067169993328	1	14	0	0.23336306821585542	1	1
KIF1B	0.04341048618801142	0.00895658211537131	4	1	0.2327270003886326	1	1
CTSH	9.732653860336943e-4	0.3902480924416982	8	0	0.23236461988790869	1	1
HMGN3	0.019143874607142113	1	9	0	0.2315614379899606	1	1
EDIL3	0.021725988904196258	1	3	0	-0.23097382950829912	1	1
VIM	0.00824328513354985	0.14666162072802447	3	0	-0.23022270814395318	1	1
RTCA	0.020898632354284585	0.16855591115420368	7	0	0.23001677243722385	1	1
HIF1A	1.2431983176888222e-4	0.16945872866246384	11	0	0.22954874877910225	1	1
CXCL12	0.00494184459207928	0.10764731417263201	5	0	0.22950204670509972	1	1
CALU	0.008035385312909238	1	8	0	-0.22940124737632042	1	1
HIPK3	0.0012068985040927962	0.045699921170791254	5	1	0.2292747900973854	1	1
MFF	0.03944587573751153	0.30147188195205615	17	0	0.22919867240299321	1	1
PROM2	0.032128598913425344	0.13689442584155567	5	0	0.22845931237512326	1	1
NFE2L2	0.01578691536745035	0.3541185166875155	7	0	0.227896653238698	1	1
ZNF883	0.0337706929870531	1	7	0	-0.227828089442913	1	1
WASHC5	0.029378917821268252	0.1998046652923719	9	0	-0.2274949408289495	1	1
DENND4C	0.02635620303631211	0.19174587330303325	3	0	0.2273690277367013	1	1
RBM26	0.028317402150940616	1	7	0	0.22656311334210288	1	1
LITAF	0.04679985370108019	0.32249119266175436	6	0	-0.22619823563204944	1	1
ANKRD17	0.04621715966415516	1	7	0	0.22582603507726118	1	1
GAB1	8.077791055188019e-4	1	7	0	0.2257053595324213	1	1
ARFGEF1	0.034001056136070754	0.005719630820277479	4	1	0.22561420397162751	1	1
TCF7L2	0.0014694615650911996	1	15	0	-0.22555316351162488	1	0.75
SMARCA1	0.03518832489814061	0.9540167439818198	9	0	0.22521522611801098	1	1
ANGEL2	0.03477606750352026	1	9	0	-0.225166586320312	1	1
RBM5	8.521650830313042e-4	0.594098420636088	16	0	-0.22500491940593897	1	1
LOC113259254	0.04620628520822276	1	12	0	0.22495313457668373	1	1
MDM2	0.04374169633401916	0.1027590227604716	10	0	-0.22468026281115883	1	1
ING4	0.024882904717455655	1	9	0	-0.2245313326579106	1	1
DNAJB12	0.029633589455379795	1	4	0	0.22366916184667687	1	1
SYNPO2	6.730449534192794e-6	0.006759583741999476	8	1	0.22338257347114387	1	1
PICALM	3.319783413691232e-4	0.039086483464470544	7	1	0.22310987258675938	1	1
CFLAR	0.021921037397981746	0.7060706985756419	10	0	0.22303583277036454	1	1
HNRNPU	6.762233915372549e-4	9.522089682383584e-5	6	1	0.2228943709636576	1	1
BTBD3	0.018618921376680787	1	4	0	0.22227970388271995	1	1
RORC	0.012403673877957752	1	7	0	0.22189973478352898	1	1
ARHGAP12	0.005828558553821709	0.43866193779742246	9	0	0.22176263808997457	1	1
CALCOCO1	0.046920885674666055	1	7	0	-0.22166741560813752	1	1
COG1	0.027310428994509077	0.19087883961150617	14	0	0.22155979957943547	1	1
RNF41	6.762233915372549e-4	1	5	0	-0.2212928470142273	1	1
MAP4K4	0.00742121712655091	0.022789104191155148	9	1	0.22111787922321655	1	1
MTUS1	0.0014731196881753172	0.7601984262479139	14	0	0.22019335439469634	1	1
DAB2	0.004974553061417074	0.5376544117344295	7	0	-0.22006548116294097	1	1
COQ8A	0.001866163535280355	0.20591634620763902	8	0	0.2192101104025691	1	1
KDM2B	0.017437253964722156	1	5	0	0.21860518386591013	1	1
FGFR1OP2	0.013500552050751806	1	5	0	0.2185181048794667	1	1
TMEM164	0.03446148060992982	1	16	0	0.21775236693908967	1	1
NAMPT	0.001790885469637322	1	5	0	0.21767858465772977	1	1
ZMYM2	6.675490544044534e-4	0.014264344229085424	12	1	0.21756045997382154	1	1
STAT1	0.0349576737832807	0.8981771933441421	7	0	0.21733711840741957	1	1
SMC3	0.01740856526501944	0.005657158784562514	4	1	0.21707660593415667	1	1
RICTOR	0.019975261249589444	0.003914448899169826	7	1	0.2167916064013806	1	1
TCP11L2	0.03289020503705704	1	8	0	-0.216706262503783	1	1
BIN1	0.02420494583321971	0.10422346057643052	13	0	0.21620545758171666	1	1
RHBDD2	0.037222215790804494	1	6	0	-0.21589692460866888	1	1
CUL2	0.008751033546782765	1	5	0	0.2158936026609652	1	1
MPDZ	0.004138896791397964	0.028011275638643595	9	1	-0.21566020265500874	1	1
CLOCK	0.0033051543663807715	1	8	0	0.21516152614973078	1	1
CAT	0.040825619603056626	0.4540763439062227	13	0	-0.2147947508331799	1	1
CFI	0.027322543495813735	1	11	0	0.214155386860426	1	1
EIF5	0.043637558354718387	0.29964496280678315	8	0	0.21397797855525555	1	1
TSPAN9	0.03197512389587941	0.9435620715962667	9	0	0.2134926034402067	1	1
CXXC1	0.023965708206586236	1	13	0	0.21341795904288763	1	1
LOC113246573	0.00742121712655091	0.107376469843484	15	0	0.21325129961441927	1	1
PRKAR1A	0.001961091058421035	2.3965847268617104e-5	5	1	0.2128440024499916	1	1
THOC2	0.02412851441253719	1	12	0	0.2127235003703578	1	1
AZIN1	1.8633708812255517e-4	0.002956577888999184	9	1	-0.21263570165909482	1	1
ABLIM1	0.0086551662460137	0.019212260176125175	6	1	0.2113502323300575	1	1
PPIP5K2	0.01371980286021258	1	13	0	-0.21097170082781763	1	1
ZDHHC20	0.032361207518545924	1	6	0	0.21094014882554446	1	1
PDHX	0.04956269091380691	0.47567788234357616	11	0	0.21073821913210233	1	1
NRBP1	0.04784821690296647	1	6	0	0.21057753700371662	1	1
FBXO21	0.04214970806654533	0.04456225623047742	10	1	0.2097321010146179	1	1
RIOK3	0.0010066898308004851	1	11	0	-0.2089712511016979	1	1
EXOC6B	0.01058436986170392	1	8	0	0.208445892782633	1	1
CDV3	2.30926426912113e-4	0.48074134537917346	5	0	0.20782071110444372	1	1
PTCD3	2.16173703893613e-4	0.4264134980993898	14	0	0.20722025328752572	1	1
KCTD9	0.002088084224332108	1	8	0	-0.207073064247641	1	1
NUP93	0.023991372574699226	1	8	0	0.20664807356286277	1	1
PLA2G7	0.015443578370994561	1	11	0	0.20606201913293554	1	1
DMPK	0.0167195962133463	1	9	0	0.20561967725089841	1	1
RAVER1	0.04719437166080402	1	4	0	-0.20544260760305824	1	1
ZNF331	2.909745302949857e-4	1	11	0	0.20381809822152766	1	1
FYCO1	0.0337706929870531	1	4	0	0.20381401288523604	1	1
BRD2	1.3730996072445337e-5	0.027733158986381564	12	1	-0.20327926055520545	1	1
ARHGEF7	0.0186299813818889	1	14	0	0.20322729328933922	1	1
UBR4	0.019232736098612792	1	6	0	0.20300055535694028	1	1
PUM1	0.04852949047861475	0.17547546503010897	7	0	0.20296513533231425	1	1
ADNP	0.03863875478216394	0.9698968691953822	6	0	0.20283481640496642	1	1
SLC29A1	0.01581423942267497	1	10	0	0.20281506671460697	1	1
TNS3	0.002811478589223766	0.41548562352748236	11	0	-0.202670399329777	1	1
SEC31B	0.019180809990399002	0.6189499791289679	13	0	0.20245129766303835	1	1
RBM14	0.007460225681511638	1	5	0	0.20231199862983926	1	1
VPS26B	0.028276279978498638	1	4	0	-0.20206972432073608	1	1
GLRX3	0.002324950412019381	0.29512605107473466	5	0	0.2012484214961895	1	1
RB1CC1	0.020154475072666263	7.053237077316336e-4	6	1	0.2005720983580982	1	1
RAF1	0.032105953164297395	1	7	0	0.20043552933863668	1	1
ANKRD27	9.915379517752706e-4	0.058687000075884094	13	0	-0.20041229414970044	1	1
HLTF	0.014127262475475102	0.9065465241526142	8	0	-0.20010072340875396	1	1
SND1	0.027525358508672593	1	11	0	0.2000766216638814	1	1
MAPK14	0.007829714568610001	1	13	0	0.19841505163409784	1	1
HMGXB3	0.03220081504833042	1	3	0	0.19672492480727605	1	1
ATF2	0.03864564750010484	0.8648321037407579	7	0	-0.19620999649345455	1	1
TLN1	0.0030021045973568517	0.05023419352390752	6	0	-0.1961605259225253	1	1
SRP54	0.043578921670629864	1	8	0	-0.19601140125694372	1	1
ARNT	3.436604466477933e-5	0.004301070538421005	10	1	0.1954048555790585	1	1
PTPRG	0.0033746663169903117	1	4	0	0.195401545639307	1	1
BTF3	0.023888623546033876	0.004664882236854187	3	1	-0.19495852059087332	1	1
ACIN1	0.009418434703311947	0.03358737785277914	13	1	-0.19476208202834253	1	1
CHD8	0.019591347291724733	1	7	0	-0.19454900255429441	1	1
HOGA1	0.03865930170258527	1	9	0	-0.1929413733242421	1	1
PI4KB	0.0010128000891341034	0.15732773336432487	14	0	0.19196199303503722	1	1
KDR	0.03351339053753013	1	5	0	-0.1912442558894312	1	1
ZC3H7A	0.0016194325146883836	1	7	0	0.19095927203342872	1	1
GLOD4	0.034425327367319285	0.608706692564392	12	0	-0.19092898779676487	1	1
MAP4	0.0024679991291380113	0.759613640315799	10	0	0.19043912473455596	1	1
SPTAN1	0.019591347291724733	1	10	0	0.1901905868219398	1	1
RAPGEF3	0.0014400049706771486	1	13	0	-0.1885042213720838	1	1
VAPA	0.04199006737877268	0.46660144691329014	4	0	0.18806562106452243	1	1
NR3C1	0.016715376197884935	0.06088288999574361	9	0	0.18795785585390423	1	1
TACC2	4.356918219505307e-4	1	15	0	0.18693188075167785	1	1
WWP1	0.019352548121523903	1	13	0	0.1868826603197127	1	1
PRRC2C	0.046920885674666055	0.0021153010001026436	8	1	0.18654077766256605	1	1
NDUFS2	0.0039293834298481075	1	10	0	-0.18607472551492857	1	1
RALY	0.04318914351328768	0.020171678480417378	4	1	-0.185728235694586	1	1
BRD8	0.007154028242840827	1	21	0	0.18567403182581219	1	1
ARF1	0.014959967400220745	0.001039451617729966	4	1	0.18556823052607052	1	1
DCUN1D2	0.008515114131670961	1	20	0	0.18479572449087417	1	1
HMGCL	0.006244682134569097	1	12	0	0.18469703005594904	1	1
SERINC3	6.296934732381934e-5	1	7	0	0.1846646766411133	1	1
PBRM1	0.022334845723568027	0.3575996288170736	6	0	0.18403125884314914	1	1
LGALS3	0.02338745229887991	0	2	2	-0.18384496799841876	1	1
CELF1	0.012909136377764245	0.18896880185442935	14	0	0.1835755281440652	1	1
GAA	0.0038822945128445395	1	11	0	-0.1811002975684781	1	1
DSP	0.0037840706214989596	1.237912245992722e-4	4	1	-0.18092252973838696	1	1
TAF8	0.007460225681511638	1	8	0	0.1808839482274745	1	1
PGGHG	0.026955813831271623	1	11	0	-0.17934911299088738	1	1
CCNL2	0.012099890478134924	1	10	0	0.17834021253015514	1	1
SPECC1L	0.008960066956237165	0.08948114455330305	5	0	-0.1780936444868538	1	1
GNG12	0.007690667358382389	0.0247586633825195	7	1	-0.17742451584778215	1	1
ELOVL5	0.01776348123799915	1	16	0	0.17733296195044654	1	1
BAZ2B	1.4179195682942973e-4	1	15	0	0.17643979469005733	1	1
NFIX	0.010139944821369344	0.041157706205836676	6	1	-0.17625641554188742	1	1
RPS6KC1	0.010702200733207759	1	12	0	-0.17620590890134674	1	1
NEDD1	0.030146908871247657	1	12	0	-0.1745038959892513	1	1
NFIB	0.037343394723079175	0.6361835529284496	7	0	0.17323840692526293	1	1
USP25	9.187551409950006e-4	1	6	0	0.1729630885969509	1	1
LOC113244307	0.007876784064895271	1	16	0	0.17276480823273982	1	1
NMI	0.007876784064895271	1	10	0	0.1713503174623921	1	1
GPATCH8	1.257566440727516e-4	1	4	0	-0.17091807652452753	1	1
SHOC2	0.04818806186153048	1	5	0	0.17015040716986723	1	1
LOC113262811	0.020823736783813076	1	5	0	0.16958708712186799	1	1
CREM	0.005644577533006141	1	15	0	-0.1690559845665049	1	1
MARCH6	0.0034298334607494956	1	6	0	0.16881353753349157	1	1
FMNL2	0.01877155071634496	1	5	0	-0.16874606432606776	1	1
CDC42	3.678804654155042e-7	0.016300757221537475	6	1	0.16855646098921057	1	1
USP34	0.038908618860138126	1	7	0	0.16847099526126968	1	1
PPP6R3	9.621497302342278e-8	0.11841716874156563	18	0	-0.1677885684405072	1	1
FNTA	1.3885389639414699e-4	0.0023956810033454383	6	1	-0.1662589286793774	1	1
CNBP	0.009066772068191967	1	9	0	-0.16618005930759414	1	1
LOC113249364	0.006843969089775017	1	7	0	0.1655565403841205	1	1
RPP38	0.0349576737832807	1	3	0	-0.16551017111488298	1	1
LOC113248505	0.046920885674666055	1	10	0	-0.1650356789106735	1	1
LOC113249365	0.01578691536745035	1	15	0	-0.1648098694589914	1	1
PER2	0.040989337641596305	1	10	0	-0.1636790238617901	1	1
EGLN1	0.03737368766073015	1	3	0	0.16359763592843782	1	1
IPO9	0.006289926023892908	1	7	0	-0.16303478690396261	1	1
DNM2	0.04717118471324355	1	10	0	-0.16301952176617596	1	1
KLHDC3	0.00586067169993328	0.673786904005852	10	0	0.16250970410245816	1	1
CDAN1	2.2614999071626752e-4	1	9	0	-0.16248073971438837	1	1
FAM45A	0.02017532592841622	1	14	0	0.16239156586551964	1	1
GSTK1	0.03583018869208836	1	7	0	0.1620827892524906	1	1
ACTR3	0.018827157103477103	1	4	0	0.16205954341244744	1	1
LAMB1	0.02373067198532448	1	13	0	0.16097905871017745	1	1
ATP2C1	0.006063231003584807	1	8	0	-0.1581222103439406	1	1
PRPF38B	0.04199006737877268	1	7	0	0.15807808163832618	1	1
TMPO	0.03769077950261284	1	4	0	0.15722193730538914	1	1
TRIP10	0.022978524825564537	1	8	0	0.1554981069062402	1	1
SNX14	0.01547762847342262	1	18	0	0.15336325055412697	1	1
GIT2	0.0025955472851621276	1	15	0	-0.15297323026617554	1	1
CSDE1	0.003969377177618459	1	10	0	-0.15277978292880987	1	1
CTNND1	1.0640436195680808e-4	1	11	0	0.15135843201825572	1	1
SMG5	0.01813718986069248	1	4	0	-0.15087909202808805	1	1
SMU1	0.02280939484973667	1	7	0	0.14898166668565932	1	1
ARGLU1	0.013653150836021897	1	7	0	-0.14742583375546062	1	1
EEF1A1	7.834361526309054e-4	1	3	0	0.14695890442883014	1	1
CLIC4	0.016469832974249685	1	3	0	-0.14490785665578532	1	1
C7	0.03674160130549807	1	6	0	0.14400948069386132	1	1
PIAS2	0.024910296818856214	1	4	0	-0.14398819941561755	1	1
SH3GLB1	0.03769077950261284	1	8	0	0.1436079693667962	1	1
DCTN1	0.010794791722804273	1	14	0	-0.14293279712512386	1	1
MBNL1	0.005803941542229986	1	11	0	0.14143170736093377	1	1
CAMK2D	0.024107987044602885	1	9	0	0.14108075814163312	1	1
TEAD4	0.023481711855124144	1	6	0	0.13765657568460268	1	1
BZW1	0.010142332497068359	1	7	0	0.13695495762675775	1	1
REEP3	0.03208268333890246	1	4	0	0.13582687591885106	1	1
ADD1	0.023329630746653725	1	5	0	0.1355711614997858	1	1
CCT5	0.04338537900130834	1	7	0	0.1316441186347238	1	1
RNF141	0.02868815686787488	1	10	0	-0.13037542357906812	1	1
TRIP12	2.059801915755257e-4	1	11	0	0.13007585928645782	1	1
HNRNPD	0.03392612617415498	1	8	0	0.12803190166596512	1	1
LOC113265126	0.00608628508550824	1	4	0	0.12772589379103627	1	1
DYNC1I2	0.01578691536745035	1	6	0	0.12551910455747456	1	1
DDX3X	0.045434211113449564	1	6	0	0.12444170812290212	1	1
LOC113262256	0.03553736181915148	1	12	0	-0.11993352343545371	1	1
SRP72	0.001374172788913654	1	5	0	-0.11589443319832686	1	1
CLK1	0.025139450038231814	1	7	0	0.1148156101349106	1	1
TTC3	0.04717118471324355	1	11	0	0.11434287114458978	1	1
SZRD1	0.012169591694355006	1	5	0	0.10952551001975866	1	1
ZBTB20	0.04679985370108019	1	8	0	0.10806648331427637	1	1
CDC42BPA	0.006194503280466507	1	5	0	0.10561903599287582	1	1
LOC113267793	0.028317402150940616	1	6	0	-0.09801441872687894	1	1
CSRP1	0.019536068150348734	1	6	0	0.09759933452912428	1	1
AHNAK	3.319783413691232e-4	1	4	0	0.07018924034255679	1	1
