gene_ID	gene_qvalue	minimal_tx_qvalue	number_tx	number_significant_tx	max(Liver-Spleen)	pct_gene_expr	max_pct_tx_expr
JAK1_LOC113254576	0.0018557320908226453	1.3645843701400335e-4	3	2	-0.9960531743862455	1	1
TBCCD1_CRYGS	0.018875156842143716	0	2	2	-0.9726537408716865	0.5	0.5
FTCD	0.04947472451194947	1	3	0	0.9247150923334224	1	0.5
LOC113262154_ASAH1	0.0059699015342013695	0.01419274956569802	4	1	0.9097719537106499	1	1
OCLN	0.0016160071728153213	0.002481447752710835	3	1	0.9075044822539271	1	1
FETUB	0.0415589426232079	0.13636649365093031	3	0	0.8996468231901488	1	1
SYNPO	2.0690610829258454e-5	8.148259528079734e-6	3	1	0.8951418045286494	1	0.75
UBE2G2	4.740175467807366e-4	0	2	2	-0.8916253763670067	1	1
ACTG2	1.2772773292898004e-19	0	2	2	-0.877998767930104	1	1
ZNF235	0.0010071375979504393	1	3	0	-0.8712474207506294	1	1
ZNF365	9.375468228121251e-5	1	5	0	0.8599900861719136	1	0.75
CROCC	0.006125533062339314	0.007897818416009611	3	1	-0.859635069652731	1	0.75
FAM200A	0.030439148413829477	1	4	0	0.842762643246413	1	0.75
SERPINA3	6.779009817966863e-5	4.516418280443935e-6	3	1	-0.8406142537689487	1	0.75
LOC113254533	0.010472474314950533	1	4	0	0.8400654790807479	1	1
MTMR7	0.03615119506979347	1	3	0	0.8382481280384003	1	0.75
NUDT22	0.002570316641053156	0.0013022766327438007	4	1	0.8364434760588995	1	0.75
HSD17B13	0.012114900291083185	0.27195692257964776	4	0	0.8313179469748625	1	1
DIO1	0.045146742977195994	1	5	0	0.8301617814796108	1	0.75
AGBL4	0.044074057921537985	0	2	2	0.8244682735959854	1	0.75
TNFRSF9	0.02762175387467679	0.013793668461459246	6	1	0.8240887721357212	1	0.75
BHMT	1.7968968947984089e-6	6.333874510675175e-6	4	1	0.8224787931932566	1	1
TREH	0.0036297640430771826	1	5	0	0.8219783462761728	1	0.75
LOC113267312	3.7235027513507897e-4	0	2	2	-0.8191145349015989	1	1
ABCC2	1.0694160683939074e-13	5.249593499115213e-16	5	2	-0.8178898458364136	1	1
ETV7	0.04336336978923698	0.07868122532061864	3	0	-0.8156147025232161	1	0.75
FILIP1L	0.0016190811540371666	8.032528915948993e-5	4	1	0.8106809943798269	1	1
LOC113249328	4.289366430393102e-6	2.9544023636254087e-5	4	1	0.8061323151850467	1	1
ACKR2	0.0164498966420447	0.030623808955787066	3	1	-0.8054071888783835	1	1
BNIP3L	2.477309855516895e-18	1.1914616693176212e-6	4	1	-0.8053884737788195	1	1
ICOSLG	0.014440855155205738	0	2	2	0.8045396438519246	1	0.75
EXO5	3.713963128874298e-4	0.0014752205687312493	3	1	0.8044994857216942	1	1
FAM149A	1.7968968947984089e-6	0.017574934542058645	4	1	0.8014419265623997	1	1
DCAF1	0.014961634781310839	0	2	2	-0.7954910028026572	1	0.75
KIAA1522	0.002300314915799196	1	3	0	0.7936182173572576	1	1
SLC2A9	1.4787679945765125e-6	0.5093377841526047	10	0	0.7930864710405798	1	0.75
CDON	2.0690610829258454e-5	0.02535720295667699	4	1	-0.7921375258842498	1	1
CCL16	1.5671071574237475e-8	0	2	2	0.7879032619643049	1	1
TAT	3.958652732544401e-8	0.005218196433421003	5	1	0.7876537256320431	1	1
BAG5	0.026879027506080535	0	2	2	-0.7868193346215276	1	0.75
SLC7A2	1.0283609104935308e-14	8.208023520157776e-13	6	1	-0.7722434458745858	1	1
LAMA3	0.003742593553775728	0.02177664311117908	5	1	-0.7706229323310863	1	1
FGD6	0.022809413857810414	0.05193026471029626	3	0	0.7657370428215988	1	1
DDR2	0.008072158712984842	0.020135163179118766	3	1	0.7600095630737531	1	1
OTC	1.202269179302335e-12	2.9571454417382638e-8	6	1	0.758543110199226	1	1
LRRC8A	0.02933050788603087	0.10907109313047722	3	0	-0.7565319532489216	1	0.75
PSD4	0.0182592763306506	0.5070575544276472	5	0	0.7551433046710381	1	0.75
EML6	0.010170326117607018	0.7990297374972065	4	0	0.746588993589831	1	1
HSD11B1	5.7868583651378005e-65	1.1620425631371194e-34	5	2	-0.7416546538793273	1	1
CCDC82	0.011891971776086046	0.02602698621742242	5	1	0.735995640102837	1	1
ADGRG1	0.025484885805115192	0.008912991669626062	3	1	0.7353661738851824	1	0.75
CD247	0.027173859831824715	0	2	2	0.7334340184916653	1	1
OCRL	0.0031424731434410813	0.19479981139254168	4	0	0.7331173264975648	1	0.75
SPARCL1	3.678649523351393e-11	4.795408009204378e-7	8	2	0.7246988076044487	1	1
TNPO2	0.0016160071728153213	0.0015878759696958454	4	1	0.7219540882885339	1	1
DPP9	0.0015733504142457333	0.10741489331612773	5	0	-0.7210785542685512	1	1
PQLC2	1.3383860718695913e-4	0.011602828517605615	3	1	0.7197417727407084	1	1
CUNH18orf25	0.023064157671976376	0.02760609236829883	3	1	0.7196864003198421	1	1
SREBF1	0.007008197654250152	0.043785815816669814	4	1	0.7183114257560764	1	1
FCRL4	7.32225476050622e-5	1.1994326240590034e-4	4	2	0.718000676815082	1	1
ST6GAL1	1.1885632592371382e-9	6.169789377264354e-10	6	2	0.7121540982549239	1	1
PDE3A	1.5199838374628571e-6	2.848473249978461e-4	5	2	-0.7086320429213091	1	1
C5AR2	0.02612322188020448	0	2	2	-0.7009809671496907	1	1
CEP44	0.0019435485708308496	3.4520244748601755e-4	5	2	0.6985196910048349	1	1
DLG2	0.04085403290039995	1	4	0	0.6951672524296247	1	1
TBCEL	0.021342274964316916	1	5	0	0.6931203088509023	1	0.5
novelGene_OGFOD2_AS	0.02088638624612661	0.1957420927139293	4	0	0.6900040124781688	1	0.75
IDO2	0.029373661375127178	0.6437858468744903	3	0	0.688817181574128	1	1
LACC1	2.8670239024797444e-5	1.2099900903901009e-5	5	2	-0.6760660174083205	1	1
FBF1	4.8755073585806214e-5	0.008973595385578861	6	1	0.6686939234529268	1	0.75
DNAJB2	0.0015733504142457333	0.0013812072717180792	5	1	0.6657335350722389	1	1
ACSL5	0.014961634781310839	0.9628175854742758	5	0	-0.6650451307175708	1	1
THY1	0.011882848232983013	0.013265762044507683	3	2	-0.6640173406206664	1	1
LOC113260951	3.6404642405978187e-9	0.012339523623968857	9	1	-0.6627912508844406	1	1
SYNJ1	0.03430140889397014	0.4349421130496413	6	0	0.6517583846035561	1	1
SH2D3C	0.04235832415425183	0	2	2	0.6480511977579444	1	1
HDAC5	0.013247188624699577	0.08524061050688939	4	0	0.6438211874059963	1	1
ST5	4.740175467807366e-4	0.006585817956567349	9	2	0.6397526789449133	1	1
UBN1	0.01217512463202866	0.4268217137042754	3	0	-0.637673044760806	1	1
KIAA0355	9.003407579340328e-4	1.233546309556929e-4	3	2	0.6373630646480469	1	1
TPM1	5.042406703163772e-6	5.109759793757758e-8	6	1	-0.6366962581635112	1	1
ALDOB	1.5551517093833345e-6	1.521082393552325e-4	6	2	-0.6355973034570594	1	1
FNIP2	0.026367108491334397	0.00601995621514419	3	2	0.6330735971367409	1	1
DMGDH	1.547455402110748e-4	1	7	0	-0.6326853103252651	1	0.75
COLEC11	0.03198584237175989	1	4	0	0.629272341829449	1	0.75
ZNF229	4.125203170249503e-4	1	4	0	0.6282858980040432	1	1
ACSL1	0.0041734215930085165	1	10	0	0.6275726021573532	1	1
MOB2	0.027265411754692916	0.1080374060628623	3	0	-0.6200102168785732	1	1
RUNX1	0.035847261053254705	1	3	0	-0.6196663976204247	1	1
PFAS	0.010311776878538764	0.49724898248865096	5	0	-0.6176566692688691	1	1
TSC1	0.034109120476018974	0.5765880513428404	6	0	-0.6162924924850322	1	1
DOCK11	1.3383860718695913e-4	0.0023632376950562463	5	2	-0.6123808016489699	1	1
CCM2L	0.037748211037184363	0.08620128600089458	3	0	-0.6093919366041288	1	1
SLC38A4	1.3395568296593572e-5	1.0207493894531825e-5	4	1	-0.6082031835601498	1	1
RCL1	2.5905182947731372e-8	1	11	0	0.6014914904911046	1	1
TAF9	0.02794623710904921	0.04609351461154724	3	1	-0.6010846717593539	1	1
LOC113260144	3.490978548437705e-8	2.280254175466302e-4	4	2	0.5974339551941059	1	1
CIPC	0.0014755772596058553	0.058209850739486035	6	0	-0.5973997329426248	1	0.75
EPB41L5	0.0017510904531741114	0.023607732639204695	10	1	-0.5973835052753743	1	1
SLC27A5	2.920095469853438e-4	1	8	0	0.5959655577164413	1	1
TLR10	1.547455402110748e-4	9.69572410637482e-4	3	1	-0.589245029248347	1	1
GSN	3.236257685023718e-5	2.2196733144845945e-5	4	2	-0.5878476602391058	1	1
CFL2	4.8755073585806214e-5	9.883072756932807e-5	7	2	0.5872001118745754	1	1
NFKBIZ	3.2517270331544953e-12	0.30682400911751745	7	0	0.5823268188786038	1	1
APOH	1.4772138163076533e-9	2.3052408833738574e-8	4	1	0.5773947218046698	1	1
COL18A1	1.1293476230854776e-11	5.775981233258884e-5	7	2	-0.5765579649532245	1	1
ICAM3	0.04691775515978355	0	2	2	-0.5758722171739139	1	1
CUNH9orf72	0.042399918759145415	0.4198322630444404	11	0	0.5754354488740583	1	1
TP53BP1	4.508910255203574e-4	0.09688167521725555	7	0	0.5742047547258804	1	1
NFATC4	0.0015004623217114588	0.08446899998178704	4	0	-0.57281095259613235	1	0.75
LOC113247244	0.008544991231940047	0.023396462509379736	4	2	-0.5723641858032126	1	1
RIOK1	0.007008197654250152	0.4307951868582972	7	0	0.5662188980092023	1	1
STAB1	0.042399918759145415	0.09954207042405835	3	0	0.5660775835742042	1	1
MCTP2	0.012909481693173035	0.04849076305302065	5	1	-0.5642082740475864	1	1
SYNE3	4.508910255203574e-4	0.003142735029637469	7	1	0.5616499989396728	1	1
ANKRD11	0.028375184181237943	0.1740122935030644	3	0	0.553393001221737	1	1
LOC113244018	2.7901463591725506e-4	0.21697834688526552	3	0	-0.552991036106212	1	1
SH3RF3	0.017886689032407962	0.6416811398653427	5	0	0.5515590745730522	1	1
SUV39H1	0.017270544044237633	0.06915205843574981	3	0	-0.5509808819080922	1	1
SPECC1	0.006972867360793008	1	6	0	0.5507751713722716	1	0.75
PIK3R1	7.1526353142105e-13	3.1273488246910186e-15	4	3	0.5489038627017062	1	1
RAMAC	0.01903724332478417	0.058691028540888986	4	0	0.5477725299444505	1	1
LOC113268943	0.037890944032214054	0.4360518410861439	4	0	0.5470458026252105	1	1
LOC113248580	0.027173859831824715	0.0023192815300755545	7	1	-0.5464324559014705	1	1
ZNF792	0.02088638624612661	1	5	0	-0.5463521893466317	1	1
CNTLN	0.04975783022045604	0.1931917619666605	6	0	0.5455561170158367	1	0.75
MARK2	0.011962103901152413	0.062418833558681865	6	0	0.5443106941572711	1	1
ST6GAL2	0.04154099363055426	0.19701999657405603	4	0	-0.542341434907535	1	1
HSPA13	0.04122726794613815	0.08040552815461163	3	0	0.539958836624227	1	1
ARHGAP9	0.02730684899616281	0.008583340691282682	6	1	0.5378150286225474	1	1
FCHSD1	0.009865126205923322	1	6	0	0.5375125017219207	1	0.5
PTCD3	3.5111466595755176e-8	2.542702467781696e-5	12	1	0.534049035058191	1	1
MFSD14A	0.035449709567817296	0.14084800979070372	3	0	-0.5339942254660444	1	1
CRB3	0.01663226914744748	1	4	0	-0.5324597523200616	1	1
TSPAN12	0.011781394559343392	1	11	0	-0.5316033693149069	1	0.75
TBX3	0.04235832415425183	0	2	2	-0.5310215289124787	1	1
HOGA1	0.003733004095485729	0.00614339215654041	8	1	0.5298094577169005	1	1
SLC12A4	0.03352795901239652	0.8248450742045148	6	0	-0.5253442442884539	1	0.75
ABL2	0.02918600231925356	0.19933458943999777	6	0	0.5239361127442993	1	1
ACBD4	0.02762175387467679	1	12	0	-0.5230041158248816	1	1
LIMS2	0.04357443140217632	0.7900346354752878	8	0	-0.5199069504405449	1	1
MEIOB	0.04293102105302711	1	3	0	0.5198679521146654	1	1
PARP8	0.0175647820704386	0.189360761122591	5	0	0.5175425321368206	1	1
SMG7	0.029454050447851245	0.03790973129087606	8	1	0.5172297201506382	1	1
NEK4	3.1636239262795266e-4	1	5	0	0.5109226233588591	1	1
SCP2	1.3040480154430478e-13	0.0015908141012625167	5	2	-0.5104261982184264	1	1
FRMD4B	0.0226294273385406	0.03499975242949232	6	1	0.5090843099243438	1	1
SLC22A3	0.03783552475644353	0.0718857168907426	4	0	0.5083510758481751	1	1
AFAP1	0.03922953691535087	0.6460183976490003	5	0	0.5081488697980494	1	1
FPGS	0.0012637821212938918	0.06253528929206076	4	0	-0.5077141356836571	1	1
TNKS1BP1	0.0010524546775414108	1.223619100692316e-4	3	2	0.5063176738688062	1	1
C2CD3	0.031555605275978595	0.05326772968125029	3	0	0.504351862869622	1	1
SPAG9	1.6792008745286397e-5	4.8455328610178715e-4	6	2	0.5033244085418661	1	1
CPEB2	0.04154099363055426	1	7	0	-0.5028016720449769	1	1
ERC1	0.04223173598125562	0.19200130913712748	4	0	-0.5020821366156777	1	1
MPDZ	0.005223421409303519	1	11	0	0.5009005800213228	1	1
NCAM1	0.04691775515978355	1	8	0	0.49926192961170796	1	1
CPN1	4.6082009492702487e-4	1	5	0	0.49844088164974387	1	0.75
EMC2	0.001132765415985386	3.915275743353472e-5	3	1	0.49337247009673835	1	1
FARP1	0.04691775515978355	1	6	0	0.49182621628009077	1	1
CEPT1	4.0730778547775373e-4	0.06092071167316547	10	0	-0.48639036852301226	1	1
SESN3	0.00450680077624843	0	2	2	0.4832021680932146	1	1
PCSK6	0.02261895576398366	0	2	2	0.47772192918168827	1	1
CHTF8	0.003996919373925528	0.12934325463181445	8	0	0.4768435007956911	1	1
MAPK10	5.094588044534232e-4	0.6692368306012726	5	0	0.4767741806538909	1	0.75
URB2	0.02088638624612661	0.0380944889674245	3	1	0.4761545424729723	1	1
KIAA1147	0.01816790366595185	0	2	2	-0.4751961203030096	1	1
ABCG2	5.282319356450341e-12	6.865626145465823e-5	12	1	-0.46816770754265347	1	1
CDA	2.026537256077712e-6	5.034451792082887e-4	6	3	0.4674907490849938	1	1
IGFLR1_U2AF1L4	0.020756484230487794	1	13	0	0.46681443702663644	1	0.75
DNAJB9	0.0028083424108990597	0.1673157046420505	4	0	0.4666913908224738	1	1
UTP20	0.03399296401240651	0.006293489207905785	3	1	0.460532355570163	1	1
WWC1	0.013556397340947738	1	5	0	-0.45365041186706273	1	1
ZMYM2	0.03204064282036379	0.6602899544396263	10	0	0.45202920142780795	1	1
PANK1	0.04691775515978355	1	4	0	-0.45143727047685017	1	1
NEDD4L	0.0164498966420447	1	7	0	-0.45096664436592554	1	1
DMAP1	0.00591874425124095	0.08249666002270706	3	0	-0.44776808866280077	1	1
RREB1	0.047847583691452776	0.2349784597737509	8	0	0.44703683193190924	1	1
SPATS2L	1.4047990467410502e-4	1	8	0	0.44590284213341597	1	1
SLC23A2	0.00627620351951372	2.7540665885729724e-4	4	1	-0.4457937139174604	1	1
PDLIM7	0.03818181321900104	1	8	0	0.4452777599069708	1	1
VMP1	8.042424107060359e-7	0.01305054308573879	5	1	-0.44158601966925937	1	1
LOC113249677	0.006993948872883416	1	8	0	0.44151335995713503	1	0.75
WNK1	4.808116099958831e-6	3.244783315614374e-4	7	2	-0.43938833753660406	1	1
MPRIP	3.4306818912350244e-7	4.897056977755733e-6	6	2	-0.4382274383669856	1	1
EFTUD2	0.002067195568317556	1.0063265368715047e-4	3	1	-0.43816762020138955	1	1
SORBS1	2.788588701291262e-20	7.029572071790292e-7	6	3	-0.43441215461033106	1	1
NEDD9	0.04423574307281202	0.3501606756549205	5	0	0.4331910413450439	1	1
CAMSAP2	0.03141132711705645	0.014355462015750638	5	1	0.4266810531804456	1	1
ANKRD28	0.034894532975388914	0.9780490314885224	8	0	0.4263433667808403	1	0.75
EEA1	0.00450680077624843	0.12346731664220405	8	0	0.42518868693068784	1	1
ACAD9	0.00499242310238323	6.684534634049802e-4	5	1	0.4238901507537633	1	1
MDN1	9.449275854970295e-5	2.0799493670033532e-06	3	1	0.42040407176932015	1	1
TNIK	0.03818181321900104	1	5	0	-0.41794129714955996	1	1
LOC113251245	0.005435915110542975	0.09218948222681886	11	0	-0.4114155698607992	1	1
TBC1D23	4.289366430393102e-6	0.009074407545692184	8	1	0.4108032408687352	1	1
ACLY	5.704176972400692e-4	8.234860033457421e-5	6	1	0.41077095664221014	1	1
WDR75	2.068340098311829e-5	0.0037161991446079535	8	2	-0.4104219371698651	1	1
KLKB1	4.508910255203574e-4	0.06943485809621622	9	0	-0.409487210870251	1	1
ZNF274	0.0011353346543112436	0.9043280237479066	11	0	0.4043358794575661	1	1
ESYT2	0.0037183416937883063	0.019375904306817123	5	2	-0.4036692866535123	1	1
LOC113252430	0.020282189916927144	0.052378575285386815	4	0	0.4014132168191912	1	1
MTSS1	0.0010107739076959782	0.06502698967328449	9	0	0.40136034937496967	1	1
PLEKHA3	0.025233937712328226	1	6	0	-0.39968557316275605	1	1
TOPBP1	0.036936235133236885	0.09886264747513103	7	0	0.3995641664815969	1	1
SLK	0.02088638624612661	0.004140412498080099	3	1	0.39916896186475465	1	1
DIAPH1	0.0383535962643568	0	2	2	0.39665121954887694	1	1
CBS	0.002777509999992569	1	8	0	-0.3963265582217297	1	1
LTBP1	6.738428803569321e-4	0.060897845218489385	8	0	0.3962917555358489	1	1
TTC14	5.906502955835525e-4	0.08966101391253135	8	0	0.3960503462275047	1	1
MPZL2	0.014137358526515768	1	7	0	-0.39563770900884304	1	1
GYG2	0.04131030907483059	1	8	0	-0.3954793649813854	1	1
EXOC1	9.661430000216838e-5	1	7	0	0.3943629545473848	1	1
ZNF202	0.042399918759145415	1	7	0	0.39223383230008946	1	1
PROSER2	0.03494737366088823	1	6	0	0.3896826514037201	1	1
AFDN	0.004515817102283238	0.3524542919694129	8	0	-0.3888312104261011	1	1
KBTBD3	0.007370617592754779	1	9	0	0.38878667723535676	1	1
MYO6	0.0013821307944631178	1	13	0	-0.38857977937687693	1	1
CNTN4	0.02762175387467679	0.09544007941962185	3	0	0.38831905601722366	1	1
WDFY2	0.007937948211335623	0.008573836705797906	3	1	0.38755485254891753	1	1
MEF2C	0.006142638146554862	1	12	0	0.3872364031643341	1	1
UROS	0.00450680077624843	1	14	0	-0.3865924664932501	1	1
CALD1	2.026537256077712e-6	0.001486904031312431	11	1	0.3848379092583408	1	1
PHLDB2	0.006482503057507098	0.07183691354035553	12	0	-0.3824853119421505	1	1
FAM214A	0.012836495374207741	0.1304691542019199	6	0	0.38022930224748763	1	1
SLC49A3	0.01143085247522319	1	8	0	-0.3801146639364269	1	0.75
SLC25A25	9.388196669862714e-4	0.003874321812604521	11	1	-0.3787813458615144	1	1
FAM13A	0.0014755772596058553	1	19	0	0.37596812396290297	1	1
PJA2	0.002480774390449231	1	3	0	0.37548386638330494	1	1
AFG3L2	0.005314305137094505	6.995789514932057e-4	4	1	0.3744965162765043	1	1
WARS	0.02467362134529824	1	9	0	0.3737991436791707	1	1
MIA2	0.0059699015342013695	1	12	0	-0.37264938277031456	1	1
OTULIN	2.7901463591725506e-4	4.1579671919859944e-5	4	1	-0.37239027161923544	1	1
USO1	7.90827915665291e-4	0.0025866608550956277	5	2	0.3657885242713955	1	1
DOP1A	0.003520001899055301	0.10766712695459991	4	0	0.3647697885367389	1	1
FLNB	0.04387536412672608	0.03403162519884312	5	1	0.364314078159169	1	1
LOC113252977_RMDN1	0.01582155710382985	0.4640623372413283	6	0	-0.3642054632044528	1	1
UBXN8	0.009838214273138393	1	4	0	-0.3632230823370437	1	1
AXL	0.0258105708887631	1	4	0	0.3597165377906012	1	1
PRPF3	0.0018743049168476395	0.5523805186688416	11	0	-0.35954611850522145	1	1
MANEA	0.002188591517887872	1	8	0	0.35952035290670187	1	1
MYLK	7.214954699807966e-8	8.459804396509009e-5	6	2	-0.3594119431734275	1	1
SPTAN1	2.2091722151207604e-8	0.407435486848208	10	0	0.35922770014051614	1	1
ZFX	0.034109120476018974	0.4798678981272772	3	0	0.35906612922029235	1	1
VWA5A	0.02162566508641835	1	10	0	0.3580415238791643	1	1
KANK1	9.409197551239324e-4	0.22403078944139931	11	0	0.3564966180451352	1	1
MAST3	0.01933870707143829	1	8	0	0.3563221512179076	1	1
MTDH	0.003985761192027962	0.13270680759824835	3	0	-0.35586474771661414	1	1
DGLUCY	0.004159966475309423	1	11	0	0.35433531230354065	1	1
MYO1B	0.0018029721916335865	0.6663697515068385	8	0	-0.3542435443367703	1	1
RPS24	4.0016720293474425e-4	1.2846276325341447e-4	3	2	0.35329025169309797	1	1
BROX	1.8025289441661365e-6	0.020542788125261318	10	1	0.35009426743605776	1	1
UBE2V1	0.045146742977195994	1	5	0	0.3483121173267115	1	1
ZHX1	0.002269160397959496	1	5	0	0.3481252113418393	1	1
RORC	0.046183760009743426	0.29952711068375926	9	0	0.34625100690170163	1	1
LOC113246847	0.017264390123331048	1	11	0	-0.3451532294798707	1	1
DNAJC10	0.01004411197754389	0.41959518253691	8	0	-0.3440559435637228	1	1
NEDD4	0.014961634781310839	1	7	0	-0.34294725599365694	1	0.75
GRHPR	0.0034090098548023905	1.444148746377906e-4	5	1	0.34175011585858117	1	1
RTN4	0.0164498966420447	0.2777653600060502	5	0	0.3413273761155112	1	1
IL34	0.01686693982080035	1	7	0	-0.34131830913511163	1	1
TAF1	0.010239221158961642	0.16593762138484383	9	0	-0.34124709741491016	1	1
NR2F2	0.04131030907483059	0.04807031468201796	5	1	-0.34075969803659634	1	1
MAP3K20	6.988146176482033e-5	1.524429168355705e-4	4	1	0.3401308868006843	1	1
TACC1	0.008153696210855403	0.08893486387542847	10	0	0.3399076306228981	1	1
ITIH4	0.01628422483657578	1	8	0	0.3372013969005013	1	1
FOXN3	0.02311592172136077	0.028609239841625868	6	1	-0.33140336647094837	1	1
SORBS2	8.479790457355126e-5	0.01627444847269581	10	1	-0.33042706769796476	1	1
DMD	0.0423678828451137	1	9	0	-0.33006083765124983	1	1
KPNA1	0.03213285816760666	0.004776627752648032	3	1	-0.3273440779295598	1	1
CFH	1.6102317461558392e-21	2.6563726520266755e-13	6	3	0.32671791796787286	1	1
LOC113245319	0.03418041129773931	0.03833865264728947	5	1	0.32609614496404726	1	1
KIF21A	0.03768136448441754	1	10	0	-0.3257133907615524	1	1
DAB2	0.00499242310238323	1	7	0	0.32458014532286844	1	1
MAP3K7	0.048542792271495924	1	6	0	-0.3243744326298583	1	1
FGFR1OP2	0.04235832415425183	1	5	0	-0.3235948138457321	1	1
FN1	3.713963128874298e-4	0.02778635650944452	10	1	-0.3233086925571351	1	1
CTDSPL2	0.01629827228902499	0.19353564127884054	7	0	0.3224844909821069	1	1
PHKA2	1.5320059291350547e-4	1	10	0	-0.3181288066532662	1	1
ATP10D	0.0415589426232079	1	4	0	-0.31709094182489966	1	1
IL1RN	0.04387536412672608	1	4	0	0.3137477521580768	1	1
TCERG1	0.03399296401240651	1	9	0	0.3109365173441425	1	1
VCL	4.990804295049109e-5	5.7137877272549017e-5	4	2	0.3096307553448432	1	1
SEC23B	0.008144871591457199	0.42367537850511805	7	0	0.3092396336927282	1	1
STRBP	0.04390538513177969	0.008711127392028157	3	1	-0.3082477416054096	1	1
ZBTB38	0.014137358526515768	0.021586252387877588	7	1	0.3075883066710185	1	1
AHI1	0.018875156842143716	1	12	0	0.30752074886282377	1	1
CSF1R	0.04958519911294562	1	7	0	0.3064787539487367	1	1
RPRD2	0.024066203437914473	0.4322758009688668	8	0	-0.3056179638799165	1	1
RBM45	0.003773790403141588	1	7	0	0.3051469809027525	1	1
NFE2L1	8.243502997689199e-6	5.3508402897313206e-05	6	1	0.3047375778117961	1	1
COBLL1	0.03279831776040536	1	8	0	-0.3030186887032707	1	1
SLC18B1	0.025857999735847383	1	14	0	-0.30220712852034776	1	1
LOC113253457	8.972125450567091e-5	1	9	0	-0.30001756471983143	1	1
GATM	0.009014490905745822	0.09077576317884259	6	0	0.2993716539775465	1	1
ENPP1	0.026879027506080535	0.0751524861631352	4	0	0.29782580542182824	1	1
PDLIM5	0.030648367916124738	1	7	0	0.29733092394384186	1	1
LOC113246291	0.009865126205923322	1	10	0	-0.2973294229930429	1	1
MADD	0.022809413857810414	1	12	0	0.2952541705635978	1	1
CD47	4.289366430393102e-6	1	7	0	0.2950567029537804	1	1
CCNH	0.03818181321900104	1	4	0	0.29482482592576387	1	1
WDR33	0.0032127915343539547	0.0019533725656844312	8	1	-0.2946303494811848	1	1
LOC113253553	0.04947472451194947	0.8713062466727461	12	0	0.29367901806033164	1	1
ADGRG6	0.03430140889397014	1	4	0	-0.2877212648642188	1	1
LOC113247645	3.47563222311408e-4	0.17996575118170996	7	0	0.2876384257887837	1	1
NOC2L	0.003773790403141588	2.8075856660363563e-4	8	1	0.28284281789102583	1	1
ADA2	0.03095799644811183	0.295280514532401	5	0	0.2810655311527798	1	1
OSBPL1A	0.0043291364211232725	0.04518963455750217	4	1	0.2792525170884073	1	1
TSR1	0.010032260659547309	0.168871228380185	7	0	0.2781845094420839	1	1
GPAM	7.769345150073054e-4	1	13	0	0.2760082246866902	1	1
STK38	9.388196669862714e-4	1	8	0	0.2758897119774876	1	1
PRRC2C	0.0036512293419498133	0.007766931550686843	8	2	-0.274892117058413	1	1
ECI2	2.567383111090541e-4	6.837278102128349e-4	6	1	-0.27452674910873365	1	1
FUS	0.0047870296603174265	1	8	0	0.27380201972225654	1	1
ERP44	3.7235027513507897e-4	0.005867568821339251	5	2	0.27112561450805306	1	1
NUP93	0.04279382127662134	0.9185996710348723	4	0	-0.2700559113665048	1	1
TNS3	0.003812859083429738	0.10321240887730382	8	0	0.2700313209214359	1	1
CYLD	0.0383535962643568	0.04944027611894971	11	1	0.268779271660478	1	1
LRBA	0.042399918759145415	1	7	0	-0.26815855141916184	1	1
SMARCA2	1.1000509544283872e-5	0.04154833295573908	9	1	0.26739436251849924	1	1
RMDN2	0.006158859996393499	0.10004861738033996	6	0	0.2644810721903648	1	1
CD36	4.990804295049109e-5	1.5831575255388976e-5	6	1	0.2639188752520226	1	1
CTNND1	2.1527962702169111e-7	0.02648244154916581	5	2	-0.26296140201795326	1	1
CNTRL	5.704176972400692e-4	0.03624670807422488	8	1	0.2619122363721516	1	1
POMT1	0.035350943375335904	1	14	0	-0.2581178607072099	1	0.75
TBC1D15	0.016768062315822948	1	8	0	-0.25803895860720405	1	1
RAI14	1.2222250465505297e-4	0.04134486274301558	10	1	0.25492049538333267	1	1
CBX1	0.027173859831824715	0.5063903412500169	4	0	0.2529513193977063	1	1
LTBP4	0.0016160071728153213	1	5	0	-0.25290857463687033	1	1
ABI1	2.867265549564922e-4	0.8105807105904614	6	0	-0.2525229780910948	1	1
VCP	0.016470659913887045	0.00164063117249181	4	1	0.24816521773244915	1	1
LOC113265994	0.03272986551934506	1	11	0	-0.2467638362407242	1	1
NMI	0.021211772066588468	0.33301093765399875	7	0	0.2463322257845156	1	1
NCOR1	0.011536681480116238	0.21133564857156795	9	0	-0.2457453159733656	1	1
HPS5	0.002317997852769291	0.10077230800349377	11	0	0.245740297520945	1	1
PTPN6	0.0019435485708308496	1	5	0	-0.24538608398679873	1	1
DST	0.028961580323090198	0.4784540155617207	16	0	0.24529135329592144	1	1
PDLIM3	0.01432910353102208	1	4	0	0.2442359690074125	1	1
GPBP1L1	0.028375184181237943	1	10	0	0.24250788195429318	1	1
CUNH11orf54	6.738428803569321e-4	1	13	0	-0.24169485044780242	1	1
SKIV2L	0.018746343490085252	0.12071792543419149	3	0	-0.24098203249451666	1	1
FAM156A	0.034894532975388914	1	19	0	0.23945537245167908	1	1
TRAM1	1.3048910451313153e-7	0.1326600743509689	4	0	-0.23906592305784238	1	1
GNA13	0.008094845199030806	0.0011939575650557967	3	1	-0.2386545677192039	1	1
TTN	2.2156803618070047e-4	1	25	0	0.23590838644254	1	1
ATP6V0A1	0.008072158712984842	1	8	0	0.2344345502599811	1	1
SMARCA4	0.003927950125379113	0.8692794766563303	12	0	0.23304543593764912	1	1
RHOBTB1	0.00591874425124095	1	14	0	0.2289067510074137	1	1
RBPJ	0.045146742977195994	0.23085906057025601	6	0	-0.22598335518954563	1	1
CD99	0.034616519200761434	0.010462063301453342	3	1	0.22553484994326395	1	1
LOC113262256	0.01143085247522319	1	13	0	0.22483053354629184	1	1
SMYD1	0.015221951896845729	1	4	0	-0.2222172941266301	1	1
MBTD1	0.015838793176863694	1	7	0	0.2204655548950104	1	1
CP	0.0038497626421602482	0.013931441404566156	4	1	-0.22020088174206995	1	1
DYSF	0.005550094569289061	1	15	0	0.21951426260222756	1	1
WDR41	0.01383061564100889	0.10533565957830245	9	0	-0.21931331126403097	1	1
CXCL12	0.010670039123672214	0.004605540918169053	3	1	0.21781982797950095	1	1
SH3GLB1	0.01912693444419097	0.009421047583513456	6	1	0.21458931094134312	1	1
TNFRSF1B	0.028375184181237943	0.8200774794703739	3	0	-0.21209593108085867	1	1
BZW1	0.0035503763620011734	0.1939037273356585	5	0	0.21057886537975723	1	1
NAP1L4	0.026121523465931842	1	7	0	-0.20590177936518644	1	1
MAGED2	0.010170326117607018	0.07474957842528573	6	0	-0.20391002220949578	1	1
WSB1	3.478213891505345e-5	1	9	0	-0.20388549891917315	1	1
CCDC91	0.002777509999992569	1	9	0	-0.20339572239647088	1	1
THRAP3	0.003048236230314659	1	8	0	-0.19463786279625417	1	1
ARHGAP24	0.02162566508641835	1	5	0	-0.1919396564213201	1	1
EPS15	0.024249872792150715	1	8	0	-0.19081145864143714	1	1
ARNT	0.01629827228902499	0.8673129034350957	7	0	-0.18198584853248667	1	1
MTR	0.0013431832621643473	1	5	0	-0.17856712114776763	1	1
CAST	1.1708455134693843e-5	1	15	0	0.17733790529300172	1	1
LOC113243115	0.012909481693173035	1	12	0	-0.1764713315218076	1	1
MON2	0.04235832415425183	1	5	0	0.17424411807421383	1	1
HNRNPA2B1	5.805122284692742e-4	1	8	0	-0.17356656127654535	1	1
ENPP2	0.026078985322876357	1	9	0	0.17353838391398485	1	1
PLA1A	0.01628422483657578	1	10	0	0.16808834820052188	1	1
NCOA4	0.011273415683706017	1	7	0	0.1662442688743189	1	1
MBNL1	4.902056108236118e-4	0.0015639917158424702	12	1	0.16485412849603576	1	1
PABPC1	0.028961580323090198	1	4	0	0.16341498242458763	1	1
GCDH	0.0478350249888271	1	7	0	-0.16046942372151687	1	1
LOC113264927	0.005223421409303519	1	13	0	0.14785987318652805	1	1
PAM	0.0129489178155251	1	12	0	0.1383578362669825	1	1
LOC113242918	0.0019558157108673984	1	7	0	-0.1345368443800966	1	1
PCBP2	0.0012637821212938918	1	10	0	-0.13369129945387007	1	1
BAZ2B	0.044074057921537985	1	24	0	-0.10940157295373527	1	1
AHNAK	0.04580543564536737	1	5	0	0.10865481467886393	1	1
ACADL	0.03494737366088823	1	5	0	0.09458226253866624	1	1
