gene_ID	gene_qvalue	minimal_tx_qvalue	number_tx	number_significant_tx	max(Ventricle-Small Intestine)	pct_gene_expr	max_pct_tx_expr
TECRL	0.004673130583878602	0.016067828401128983	3	1	0.9507022651646454	1	1
MYL3	4.774113218467761e-5	1	4	0	0.943139890746622	1	0.6666666666666666
HHATL	0.0010344774587763038	0.008704749995511917	3	1	0.9383205625198561	1	0.8333333333333334
MB	7.757916552558985e-7	4.3307494406014256e-8	4	1	0.9210434702178408	1	1
PTPRR	0.001676047002551619	2.3646132339704147e-4	3	2	0.8933826526197757	1	0.8333333333333334
NEBL	1.1265168715485846e-35	5.854437968722795e-35	3	2	0.8727826616876819	1	1
CNNM4	7.747153010125508e-5	5.077610594438861e-5	4	1	0.8635408168717481	1	0.8333333333333334
PDLIM5	6.74445790252036e-30	1	9	0	0.8584153730659015	1	1
PPP1R12B	1.1924003907510177e-120	3.847139664859102e-108	4	2	0.853520184115776	1	1
LOC113258957	2.9539692892589775e-4	1.477584614937549e-4	4	2	0.8521028423826396	1	0.8333333333333334
LOC113249819	9.147114586119379e-5	0	2	2	-0.8464301276533621	1	0.8333333333333334
MYO7B	5.186146182976559e-5	0.06430546886268756	4	0	0.8462686869440806	1	0.8333333333333334
ATP8B4	0.00582162372607308	1	3	0	0.8435466536804559	1	0.6666666666666666
SAG	0.010279440056848348	1	5	0	0.8336856023776799	1	0.6666666666666666
PFKFB4	0.01018222104610964	1	4	0	0.8334186172848962	1	0.5
LRRC66	0.0050466762112241	0	2	2	-0.8179053870655727	1	0.8333333333333334
CACNB3	0.0031739844879169095	0.016542231595945464	4	1	-0.8176989398255392	1	0.8333333333333334
IARS	8.693424180609556e-4	9.068171295460331e-4	9	1	0.8165622196641658	1	1
AARS2	0.005787469098741958	0	2	2	0.8164173214028596	1	0.8333333333333334
HRC	8.516606168665893e-97	1.1898298151657948e-63	6	1	-0.8134780965934956	1	1
HEY2	3.6989677043611837e-4	9.554456165954248e-5	3	1	-0.8127984650243876	1	0.8333333333333334
ELP4	0.0017891595782735365	0.003340259300519451	7	1	0.812598735794434	1	0.8333333333333334
LMOD3	0.005104682247639316	0.07369402627734885	3	0	0.8125406692473806	1	1
MTERF2	0.0011165941400469552	0.18026107659506957	4	0	0.8010393064116742	1	0.8333333333333334
ARF3	5.51244863999579e-7	2.1567943893942214e-8	3	2	-0.7912205132567794	1	1
PRKACB	2.1421922685471114e-8	3.014152178294005e-10	4	2	0.7903029039959732	1	1
LTBP3	6.021706267272154e-5	0.001722813255198162	3	1	0.7888979457890575	1	0.8333333333333334
TAF5L	0.012935519488009452	1	4	0	0.7857814237619178	1	0.8333333333333334
USP10	0.0035603880197997984	6.940416577120877e-5	10	1	0.7828101369593433	1	0.8333333333333334
CUNH11orf1	0.011869400110448002	0	2	2	-0.7820273725349357	1	0.8333333333333334
EPN2	0.03000867460917133	0.01450872198295812	3	1	0.7766510013458559	1	0.8333333333333334
ITGAM	0.022443696547304184	1	3	0	-0.7748897961877	1	0.5
LOC113268666	3.867669274057483e-5	1.8050107942896715e-5	5	1	0.7712646015801262	1	0.8333333333333334
SNCA	0.0098000536128309175	0.003206909441423367	3	1	0.7692916615059344	1	0.8333333333333334
NAGPA	0.012746825278985994	0.0075256924911699975	5	1	0.7684592510137526	1	0.8333333333333334
ATP8A1	0.01832593851924416	0.0044619630073879394	3	1	-0.7648485731548598	1	0.8333333333333334
ABRAXAS2	0.002804000551960112	0.004119474054166152	4	1	0.763867183025972	1	0.8333333333333334
ZC4H2	0.03417335063970467	1	6	0	0.7606394171523972	1	0.6666666666666666
SYNPO	1.1358233653713282e-8	1.2263432043105134e-8	6	2	0.7603192859819119	1	1
ANKRD39	5.999073651889692e-38	5.23304715700925e-17	9	1	-0.7599956678453629	1	1
FHL2	3.5727639850903602e-6	6.756709727013482e-6	4	2	0.759722355537155	1	1
LOC113257633	1.1691505583791379e-11	1	3	0	-0.7583894530550167	1	1
IPO13	0.02242317470452387	0.026343468451234166	7	1	0.7563291074011829	1	0.8333333333333334
DOCK4	0.04502472210237067	0.009769089638515806	3	2	-0.7554630346764826	1	1
R3HCC1	0.001888643958279396	7.195134482496354e-4	7	1	0.7509367838828863	1	0.8333333333333334
RXRG	1.4251898729243966e-5	4.364179245884458e-5	4	1	-0.7496851536399761	1	1
HMGN3	6.891024744393628e-7	4.094275727289484e-7	6	1	0.7483084932271316	1	1
LRRC2	0.001566913723513707	1	12	0	-0.7475120691711358	1	0.8333333333333334
FLNC	2.201288357730099e-9	1.3503004444512068e-8	7	2	-0.7444368101074329	1	1
MAP2K5	0.04772779325592246	0.06974227461388363	8	0	0.7441941550822849	1	1
SEC61A2	0.012771696833781392	0.004186628231340715	3	1	0.7441425766140934	1	0.8333333333333334
NAALAD2	0.017730368039075756	1	3	0	-0.7433340705786052	1	0.6666666666666666
PRIMPOL	4.61690613212542e-4	0.0015619065173641381	6	1	0.7397599238722292	1	0.8333333333333334
CDK5RAP1	7.916265311761466e-4	0.004517370338981792	8	1	0.7314222192160693	1	0.8333333333333334
MYL2	1.0741022941283172e-34	2.2500625558521676e-31	6	2	-0.7313199870998734	1	1
NAXD	0.026742034200020515	0.07174075195322571	10	0	0.730903226435244	1	0.8333333333333334
MYLK3	1.242765485321331e-5	0.6365832365635496	4	0	0.7285641521196164	1	1
SEMA4D	2.729491551618487e-4	1.224155190777299e-5	3	2	-0.7275378783384084	1	1
FADS2	0.018903775821835438	0.001983359543721204	4	1	0.7248708265731487	1	0.8333333333333334
LOC113247887	0.03721071849923655	0.06093178320698616	3	0	0.7236610567228111	0.8333333333333334	0.6666666666666666
TMEM268	6.208643033904173e-5	4.450835947144103e-5	4	2	0.7197251260585616	1	1
STRN4	0.02132458477488675	0.018296759234574918	3	1	0.7195898192413379	1	0.8333333333333334
TNRC6B	2.1828276945778127e-4	2.509273137662372e-4	3	1	0.7186581577310523	1	1
SLC25A19	0.026544779984310627	0.09845269149540711	5	0	0.7173091376720759	1	1
THOP1	0.030480476436878925	0	2	2	-0.7154114133101088	1	1
SH3BGRL2	1.321234231451073e-4	0.0012601769726592175	3	1	-0.7135680811058476	1	1
FITM2	8.436599975928093e-6	2.4419393560221956e-6	4	2	-0.712739176046727	1	1
ITGB1BP2	6.89825715600803e-7	0.04159948300808606	4	1	0.7121536887121663	1	1
GLB1	2.0338051439545414e-5	5.049254579756559e-4	9	1	0.7116429593283327	1	0.8333333333333334
SNX4	0.024224366799134603	0.02273025971221621	4	1	0.7104536745805258	1	0.8333333333333334
WDR81	0.03204758498712613	0.035093023500949706	4	1	-0.7090844602310726	1	0.8333333333333334
OCLN	0.03721071849923655	0.1869788219406365	3	0	0.7085898994540962	1	1
CHD7	0.006995584967082466	0.010729813416862837	4	1	0.7084053888844734	1	1
ASB14	6.838706966843171e-6	8.584842569308196e-6	7	1	-0.7065701542753595	1	0.8333333333333334
MED23	0.006558052160459041	0.004131106441848282	3	1	0.7063219566013877	1	0.8333333333333334
SLC20A1	0.002926613347783295	0.02004025058470401	5	1	0.7052682707406911	1	1
LIAS	0.010561988918783401	0.02411341944880766	6	1	0.7023755127578092	1	0.8333333333333334
CARM1	0.0015450349666900553	0.0010180512441887396	3	1	0.6988069510383788	1	0.8333333333333334
FAN1	2.5991223074470145e-4	0.01261717694611289	7	1	0.6984808264483473	1	1
UVSSA	9.687019494824986e-4	4.081435704009781e-4	7	1	0.6977358936673843	1	1
HDAC3	0.018080010647750278	0.20172464447337676	7	0	0.697005526929866	1	1
BAG5	0.048776836853657746	0.19014931842497484	3	0	-0.6948450839735787	1	1
TUBA8	0.008201990605828548	8.114332864328595e-4	4	1	0.694709304358335	1	0.8333333333333334
RPL26L1	0.011162057938230378	0.009733753230617481	3	1	0.6924132931073786	1	1
DNAJB5	2.1825472967387863e-6	4.87986086724313e-5	3	1	0.689936749074086	1	1
FRMD3	5.880104903460974e-10	2.303038341615356e-10	3	3	-0.6890836449225699	1	1
PPID	0.0069126792365620535	0.003255810200316666	8	1	0.6859670802631139	1	0.8333333333333334
ACOT6	0.0069044283019961345	0.0012329812373075317	5	1	0.6859271760991377	1	1
DBNDD2	3.3988560064556567e-7	0	2	2	0.6853882288661421	1	1
MORN4	1.6947192670328557e-17	9.664163117845729e-9	8	2	0.6841532136963285	1	1
NCAM1	0.0012024139352999272	0.03637950810909729	4	1	-0.6841280725223942	1	1
ABHD16A	0.0015898677138081994	0.0015816227660247358	12	1	0.6825377996640988	1	0.8333333333333334
TNRC6A	0.002070228348699114	0.005982595208137113	7	1	0.682369813877188	1	1
EXOC7	1.3534708578010026e-5	5.6599174939569556e-5	7	2	0.6817109076458718	1	0.8333333333333334
ADSL	0.011359774231764513	0.015843706558875088	4	1	0.6808700614805431	1	1
PATL1	0.00679894334876225	1	8	0	0.6807938951515617	1	0.6666666666666666
IGSF3	0.0038274551512411446	0.0014228764789504151	3	2	0.6806419383403027	1	1
LOC113248444	0.004141072972350419	0.0018027815692264533	10	1	0.6797336029043309	1	1
ZMIZ2	0.023977900774656242	0.020678976448381597	3	1	0.6785277458528952	1	1
LRRC8C	0.02110721088297333	0.00873176017596673	4	1	-0.6779242872639777	1	0.8333333333333334
GFPT1	9.96651082743202e-14	1.3403457708897854e-12	3	2	0.677297187460667	1	1
EVC2	0.014985961708468313	0.28069587828806597	6	0	0.675944793030299	1	0.8333333333333334
IFT20	1.2165019158766047e-4	6.193620799751712e-5	3	1	0.674534384012841	1	1
DNMBP	1.0553284212118691e-7	8.797288572458119e-9	3	3	0.6741070389122176	1	1
ANKRD1	8.601150281334715e-5	2.68242026065782e-6	3	2	0.6739852825614058	1	1
PDE4D	6.00955980264869e-17	5.519673401577208e-15	6	2	-0.6711454536285325	1	1
MYBPC1	0.02835318692608046	1	4	0	0.6702167296154028	0.8333333333333334	0.5
CCDC163	0.011359774231764513	0.021166913681357	6	1	-0.6693966242242502	1	0.8333333333333334
XIRP2	0.008352818194708877	0.06556873077195424	7	0	0.6689864316842212	1	0.8333333333333334
FOXP4	0.044906167100278026	0.013007901682471257	5	1	0.6684579139504382	1	0.8333333333333334
KCNB1	0.03000867460917133	1	3	0	-0.6667002778917994	1	1
CERS5	0.0014869531712327273	1	8	0	0.6638746667382371	1	0.6666666666666666
WIPF1	0.0010955594106705712	0.018600487814788496	6	1	0.6627133018228168	1	1
RBM20	0.023687668379922523	0.3539485870349485	6	0	0.6611289700013462	1	0.8333333333333334
CMYA5	8.377488638685741e-10	5.108237280436762e-10	6	2	0.6602225328446029	1	1
SYNGR1	0.002952851551217137	0	2	2	-0.6586769050674709	1	1
SMTN	1.1355685446447763e-4	3.0330994619935886e-4	6	1	0.6576018418275933	1	1
PDHX	3.590911092873398e-10	4.1629053473938527e-11	10	1	0.6568199421776738	1	1
RABGGTA	0.0018010210443183574	1	6	0	0.6534041031613688	1	0.6666666666666666
NDRG4	1.2708638982492978e-10	6.661723173811937e-9	3	1	0.6505002220548781	1	1
KIAA1522	0.008580743987148592	0.024485644742655886	3	1	0.6498109534154215	1	0.8333333333333334
TBC1D4	0.009203044765057804	0.017992907245209504	6	1	0.649718736889229	1	0.8333333333333334
RARS2	6.304671458831932e-5	0.03184964853736122	10	1	0.648213268836783	1	1
PRELID2	0.02524148068722754	0.18566053336622718	6	0	0.6466225635823263	1	0.8333333333333334
SLC9A6	0.02418161304330401	0.15444505797522248	8	0	0.6461564104381138	1	0.8333333333333334
APOBEC2	0.03503793148573639	0	2	2	0.6448347640140626	0.8333333333333334	0.8333333333333334
QKI	6.169030868166569e-13	1.4195307102153776e-9	6	2	-0.6393968708700387	1	1
PKM	5.414725995223741e-12	6.982313465330026e-14	7	2	0.6391734967799355	1	1
SLC25A36	9.425907662006718e-7	2.7434492475304475e-6	8	1	0.638300958174236	1	1
ZNF746	0.030404370006545448	0.1513558377371755	3	0	0.63820932343107994	1	0.6666666666666666
SMAP1	0.026544779984310627	0.00832415910382315	3	2	0.6378046671677026	1	1
TRAF3IP2	0.029629858311860834	0.011037577975621842	5	1	0.6363927504396358	1	1
PPP1R16A_GPT	0.03686608194672988	0.31692769365581136	4	0	0.6355993319318181	1	0.8333333333333334
TEAD1	0.0025857061698821783	0.06869269663961619	6	0	0.6353408258681961	1	1
DDX28	0.044936618819029106	0	2	2	-0.6343303508942348	1	1
ADAM11	0.00640418427494501	0.5791368943030218	5	0	0.6338654075540657	1	0.6666666666666666
SEH1L	6.021706267272154e-5	2.0417227333103068e-4	5	2	0.6324380742484335	1	1
SF3B3	0.01860367107775439	0.20947692900234108	5	0	0.6321976583059146	1	1
PSPH	0.007140340689327064	1	8	0	0.6296961078250926	1	0.6666666666666666
KCNAB2	0.032663357917058974	1	5	0	0.6277788655481816	1	0.8333333333333334
XRN2	5.786013994319502e-5	0.001290469738568573	5	1	0.6247974627551204	1	1
TNIK	1.0381140135114797e-4	0.14875528679062497	6	0	-0.6229345024196155	1	1
GIMAP7	0.03484067380851918	0.07840765598128592	4	0	0.6226280521819001	1	1
SLMAP	5.894113665468338e-37	1.0463186326541976e-28	12	2	0.6221603115321538	1	1
SS18	0.01488876198029398	0.1059974514662465	8	0	0.6208725037329398	1	0.8333333333333334
L2HGDH	0.0018304631850720723	0.28899080834586083	7	0	0.6172408188913429	1	1
APBB2	0.01010292627045991	0.2466161794889196	8	0	-0.6119160170952561	1	0.6666666666666666
INTS13	0.02416291401679599	0.09170564617065222	6	0	-0.6113547276868272	1	0.8333333333333334
MLXIP	0.001397529582835381	7.392564389344709e-4	4	2	0.609148643074706	1	1
ACTR6	0.002564258551626559	0.21711990690287536	7	0	0.6090988625658171	1	1
SLTM	7.426597022935375e-8	2.7849422778355427e-6	5	1	0.6083757207067538	1	1
PPIP5K1	1.802433437781399e-5	0.0013300820314099634	12	1	0.608182172627845	1	0.8333333333333334
ATP7B	0.01823674983857141	0.05361019189361544	3	0	0.6079690373621885	1	1
CLIC5	8.450384549503447e-18	1.0832046756218702e-6	7	1	-0.6047135032008734	1	0.8333333333333334
USP40	0.005621299818814301	9.95467622715632e-4	8	1	0.6043480769982887	1	0.8333333333333334
PTCD3	1.2292991768458486e-5	0.0016826521618795779	13	1	0.6037426952547723	1	0.8333333333333334
TMEM136	0.03523669415242971	1	5	0	0.6028917465390113	1	0.6666666666666666
RAB2B	0.00791959710027543	0.02351654458638565	4	1	0.6028598567993952	1	1
CYR61	0.046419452437017984	0.09653641092916262	6	0	0.6012420184841435	1	1
NDUFAF4	4.0709933634804096e-4	3.6212222442563757e-4	3	2	0.5990126969231486	1	1
RNF34	0.0207077525276047	0.7656884161337973	4	0	0.5985133807753173	1	0.8333333333333334
WRB	0.0017652685156177542	3.018137164843238e-4	5	1	0.5974259900884347	1	1
MPZL2	0.006681639957041329	0.03478397508849502	6	1	0.5942552345807769	1	0.8333333333333334
GK	0.031139510237312654	0.10978368470157673	8	0	0.5932708181245139	1	0.8333333333333334
ATG2A	0.01258292529602146	0	2	2	-0.5921075367744015	1	1
ESRRG	0.03199712488159638	1	11	0	0.5914670669774496	1	0.8333333333333334
LOC113267246	0.021838103898138644	1	10	0	0.590822170134353	1	0.6666666666666666
EXOSC10	0.0047170331838230686	0.17305420136417435	12	0	0.5891594963562475	1	1
IL1R1	0.007268665016797619	0.04315976371645313	7	1	0.5886363433183087	1	1
ETV6	0.0036971800385643375	0.0043098831616714675	3	1	0.5877645119910608	1	1
SPPL2A	1.2617289155430106e-7	3.121799409165911e-7	4	2	0.5877036420935231	1	1
ANXA7	0.0019083580087156686	4.724242301211106e-4	8	1	0.586556993277484	1	1
FAM185A	0.011439024014666845	0.15956288352448111	5	0	0.5861294064939463	1	1
LOC113244957	0.007464927061080203	0.001859558042667183	3	1	0.5857298119452402	1	1
RNF115	1.3941018564983244e-18	2.7313026784523635e-11	5	2	-0.5849892260896048	1	1
LOC113253409	2.0302641224057904e-8	1.162015984751145e-9	4	2	0.5838101346532457	1	1
PRKCD	0.01012421741908366	0.029306749219464502	3	1	-0.5834449926154229	1	1
MAFK	2.1889201125637145e-4	2.355786032084074e-4	6	1	0.5829391977182272	1	1
MARVELD2	0.010755967032060814	0.018793235522949134	5	1	0.5824128210557352	1	1
DRG1	9.707353326704275e-4	2.8066753561989275e-4	6	1	0.5821679798840305	1	1
DIPK2B	0.03666458283983226	0	2	2	-0.5803513386088073	1	1
DDX31	0.04328781459588697	1	4	0	0.5795287946202922	1	0.8333333333333334
GRB2	2.42689887453603e-4	0	2	2	-0.5794744618884016	1	1
ORC3	0.0400441124386147	0.004216458637251999	6	1	0.5760786275478624	1	0.8333333333333334
LPAR1	0.033102007585997996	0.37501330771441477	5	0	0.5736213805659619	1	1
SUPT5H	0.01247042126972903	0.025424045748081332	4	1	0.5722420633960498	1	0.8333333333333334
COG4	0.012771696833781392	0.24986983521360462	5	0	0.5719202530115077	1	1
PLD1	1.6183270968263713e-13	2.468199062172945e-15	4	2	0.5715892293079274	1	1
ABI3BP	0.003259443748796282	0.7210108557993224	12	0	0.5707109148686849	1	0.8333333333333334
SLC52A2	0.02004902726534807	1	6	0	0.5702382499556405	1	0.6666666666666666
LOC113249271	0.006182070741753958	1	5	0	0.5684359348347151	1	1
TTC7B	0.04828155892547993	0.26266415756869776	6	0	-0.5682563849594402	1	1
ASL	0.016849752012430896	1	8	0	0.5682258084349338	1	0.8333333333333334
TXNL1	9.359198268278322e-18	1.0135597962280928e-8	6	2	-0.565069669408255	1	1
FAS	0.012129969199414179	1	6	0	0.5622636984114027	1	0.6666666666666666
WDR7	0.004811610261513313	0	2	2	-0.5620200873574573	1	1
ENO1	7.757916552558985e-7	0.002345038933311923	4	1	0.5619137294667089	1	1
ACTN2	3.621947520258372e-13	5.596741065667882e-6	7	2	-0.561764255207918	1	1
LEAP2	0.003777886392164253	0.02226052229128566	5	1	0.5615221713703403	1	1
SMAD3	2.3791276069987804e-4	1	8	0	0.5610825844204059	1	1
LNX1	3.604914311073438e-4	0.253014874137583	9	0	0.5602116791464163	1	0.6666666666666666
HBS1L	1.9516282319976687e-4	0.060744036817093006	7	0	0.5599476576176026	1	1
RBM5	0.008739644146826963	0.02402570735342708	14	1	0.5598127042716995	1	1
TANK	3.828597953920662e-5	0.006201811615670678	12	1	0.5593789122941872	1	0.8333333333333334
FMO2	0.004141072972350419	0.11344554756267887	7	0	-0.5585837181205355	1	1
NFAT5	7.789903135987454e-7	2.32708406149348e-6	7	2	0.5572072438189801	1	1
NDUFA10	0.0021811389652980546	0.8551618685033523	8	0	0.5558536636180205	1	1
GANAB	0.001554972139358933	0.0017487018797541353	5	1	0.5551912603179889	1	1
FAM53A	0.004307569028454589	0.007212656421047868	8	1	0.5550685510526382	1	1
LOC113245524	0.0247057252123235	0.03800328482424914	3	1	0.5545811091348124	1	1
DIABLO	0.047911597652682575	0.06597036773143597	7	0	0.5536560314832923	1	1
GTF3A	0.042689395343668946	1	5	0	0.553619503556691	1	0.8333333333333334
SLC25A10	0.01012421741908366	0	2	2	-0.5519700735185905	1	1
SPG21	0.019079959158948688	0.033141910849246344	3	1	0.5513996385244877	1	1
PDXDC1	0.019271734839570714	0.7418321311318079	11	0	0.550622180891964	1	1
GORASP1	2.2570533974157526e-7	8.196954746414393e-7	7	1	0.550552436342494	1	1
LRRFIP1	2.284024598114531e-8	2.156991479410373e-6	11	1	0.5504602811594381	1	1
EIF2D	0.03015891190265564	0.01844357463963945	6	1	0.549526308572962	1	1
NAT9	3.757234228950623e-5	0.8927739935588072	9	0	0.548554240220083	1	0.6666666666666666
PICK1	0.03199712488159638	0.009680113498285988	3	1	-0.5475278655880674	1	1
SKA1	0.01940719622441642	0.0228441901395316	4	2	0.5471179844513874	1	1
VPS26C	0.0016344309532807324	1	8	0	0.5461999685476054	1	0.8333333333333334
LMO7	1.6373905471091675e-48	2.877283032283695e-8	10	2	0.5458667632941281	1	1
HUS1	0.007512967540253604	0.12698406510142352	8	0	0.5456460155640185	1	1
INPP4B	3.3964027581166025e-5	1.1775445247625682e-4	5	2	0.5430611275834429	1	1
CRAT	2.397785866296579e-11	7.247078655404419e-11	4	2	0.5414223960134971	1	1
MAPK6	3.264415302075876e-4	1	7	0	0.5403384277530704	1	1
PARL	0.0013592841070578622	0.0012540968802982788	6	1	0.5402219680235756	1	1
WDR78	0.030243773637488147	1	3	0	0.5390701639938618	1	0.8333333333333334
LOC113258953	1.5305111606893324e-4	4.263350850328832e-4	4	2	-0.538764389718922	1	1
IQSEC2	0.0016056896827503426	0.0037196286878718792	4	1	0.5384669418754948	1	1
CUNH19orf47	9.367717303287874e-13	0.02432404715476265	11	1	0.5383809566167721	1	1
LOC113245466	0.010742637218340826	0.7125472175946392	4	0	-0.537724112338262	1	1
PPM1D	0.023587324205514522	0.18575002340488983	3	0	0.5364375983687408	1	1
UTP6	0.041751852509542026	0.2538866361250595	8	0	0.536168521311841	1	0.8333333333333334
OTUD7B	0.0016728922645319452	0	2	2	-0.534522066425808	1	1
NRAP	4.461055899503511e-24	2.709408811711852e-10	11	2	0.5343209746202321	1	0.8333333333333334
MSI2	0.03365886221242687	0.04470611737747711	6	1	0.5341444549704848	1	1
FSD1L	8.825782935685454e-12	1.3993619489893056e-12	5	2	0.5324091337135781	1	1
AAGAB	2.0885500406506977e-5	0.004054575186593168	6	2	0.5319220858986221	1	1
MAPK14	0.028282608070781683	0.2732211946513442	13	0	0.5309074550038604	1	0.8333333333333334
GNL2	0.010054185749610391	0.414036999147697	7	0	0.5308189751543956	1	0.8333333333333334
ACOT9	0.012152091796027406	0.03708502218401515	11	1	0.5300894085257837	1	1
PHF10	0.012771696833781392	0.9883913719408365	5	0	0.5294770619497056	1	1
LOC113244742	0.033864711176314614	1	6	0	-0.5294179791569271	1	0.8333333333333334
KYAT3	0.013332808648118772	0.001266876911032247	7	2	-0.5294077512647597	1	1
ELOVL7	0.01486471227270117	0.029338693868371866	3	1	0.5293187234346308	1	1
DDR1	0.01628717320513063	0.8163810604574984	7	0	0.5285862468506157	1	1
PEX1	0.025806578568984582	0.46791620633825726	11	0	0.5283022216211103	1	1
GGACT	0.0094018580543792675	0.40771615988318005	9	0	0.5281231597463449	1	1
CPT1A	0.03622811987458615	0.11540161126906977	6	0	0.5272164635649241	1	1
ADGRD1	0.02114691300250703	1	6	0	0.5265678756070155	1	0.6666666666666666
MTMR11	0.038297938489823775	1	5	0	0.5264610470694385	1	0.6666666666666666
PRMT7	0.02525867503170813	0.220726591182514	8	0	0.5264162296277634	1	1
BCAP29	0.018109925583323357	0.008596861002445123	3	2	0.5260585208012313	1	1
MOB2	0.016718276527785708	0.03239609201691003	4	1	0.5249199057830729	1	1
CCDC43	0.02116689584688162	0.29577509759742104	9	0	0.5231957719187528	1	1
DLST	0.012503637751725213	0.20533339555024926	9	0	0.5228797622395258	1	1
SPATS2L	0.006351613835875112	0.3205329621672308	7	0	0.5215504849847561	1	1
PPP1R3A	8.332552074771225e-15	4.5694600841634965e-6	6	2	-0.5214921225112361	1	1
UBP1	0.0033527625398488566	4.4328012036071055e-4	5	1	0.5187981568909529	1	1
SSBP2	0.011660466427136858	0.21935599305375125	14	0	0.5183221422652851	1	1
SEC22B	4.3744801390998334e-5	4.996993856287799e-5	7	1	0.5180846926331014	1	1
GPX8	7.757916552558985e-7	0.0015571069695990837	5	1	0.5180055182265081	1	1
ART3	0.04781974430648689	0.017733863756526292	4	1	0.5174764623119205	1	0.8333333333333334
ACSL1	6.17379581523701e-13	1.7539699919794684e-6	20	1	0.5166669569177181	1	0.8333333333333334
AQP7	1.7603778236703688e-5	1	9	0	0.5166094757331711	1	1
TPD52	0.021326963721709478	0.06843910404596808	4	0	0.5157802716916295	1	1
RHOBTB1	0.012771696833781392	0.32315251935603967	14	0	0.5149921755549253	1	1
GNPTAB	9.919675422494863e-4	0.0310779932921266	8	1	0.5142240435604548	1	1
PEX26	0.001566913723513707	0.0045597151518286	9	1	0.5136999336372092	1	1
SLC35F5	0.019736073773756944	0.05014494132000761	5	0	0.513695374437767	1	1
DHDDS	0.003873777426858924	0.0077984806734206135	8	1	0.5126612293218079	1	1
SH3RF2	5.91502095616227e-11	9.876059047045646e-5	7	2	-0.512366009890092	1	0.8333333333333334
ECHDC1	0.005732333455091422	0.004392487905690371	8	1	0.5118549322616481	1	1
PM20D2	0.010632105689604722	1	5	0	0.5115306599277362	1	0.8333333333333334
CCT8	5.74946135349473e-8	0.0012353401372490358	6	1	0.51086789196774	1	1
LOC113248379	3.687134126152419e-6	8.741061227134041e-6	3	2	-0.5107717140192762	1	1
FARS2	0.011763996042046681	1	7	0	0.5101175264710851	1	1
STAT3	0.03199712488159638	0.7005136621956022	5	0	0.5097690025010441	1	1
SORBS2	8.851890812567457e-26	7.802374373917963e-14	11	3	-0.5096229615512888	1	1
LUC7L	0.04946571917261924	1	9	0	0.5068683666552221	1	1
MTIF3	0.00439230355029659	0.048614582000022014	5	1	0.5067423065030705	1	1
ATP2B4	0.02735343062050241	0.34411978345566907	9	0	0.5036323575761028	1	1
ALKBH1	0.039757204347403	0.20646091826302984	5	0	0.5028303967977389	1	1
KIAA0232	0.0017891595782735365	0.0300372609236554	11	1	0.5024404576904639	1	1
MED6	0.022343090592073525	0.06130715537823413	8	0	0.501639944431878	1	0.8333333333333334
SH3D19	0.0021685025135160544	0.15690186963375524	7	0	0.5010253021690523	1	1
NEIL2	0.033473020505826	0.019712630597764413	3	1	-0.5001742373225694	1	1
SCRN3	7.366454904222323e-5	1.1453309681055105e-4	4	2	-0.49916618097563037	1	1
SLC4A3	0.003277045896274684	0	2	2	0.49884737147689184	1	1
NDRG2	2.706735053815836e-8	2.8437202728441677e-4	6	2	-0.4981657547710981	1	1
PIEZO1	0.03666458283983226	0.009949617338083269	5	1	-0.4964443166083461	1	1
BECN1	0.0016691892600952218	0.010045266960154287	10	1	0.4962265768357462	1	1
EHBP1	5.552289898619083e-14	1.2632806181578945e-8	11	3	0.49563593692013536	1	1
NIT1	0.03546488749158542	0.13632783562118886	7	0	0.49524416284670636	1	1
USO1	3.1197723129407508e-9	0.377131565062679	9	0	0.4945518186965274	1	1
BBX	0.023990230559619147	0.23340069612366143	7	0	0.49437830254153514	1	1
HELZ	0.025557141483088013	0.320539277388726	9	0	0.49248315919767904	1	1
SPATA13	0.028455779490668583	0.46062723377120646	5	0	0.4915230094400093	1	1
BORCS8	0.024719096912938315	0.6993508207393823	10	0	0.4913844564248683	1	1
LOC113247244	0.004333642216108993	0.0020236088190976388	4	1	-0.4908175601959791	1	1
SLC36A1	0.04975124468008739	0.1628424492733128	5	0	0.490782493231384	1	1
ZMYND8	0.025718956419837572	1	14	0	0.49053050594508785	1	1
LOC113253631	2.938219893356939e-5	8.12317502445634e-5	5	1	0.4894390539167082	1	1
SCN5A	0.00117600347100691	0	2	2	0.4887769392193415	1	1
SPINT2	1.7663703105904614e-5	4.876265554754114e-7	4	1	0.48831293207845194	1	1
LOC113248584	0.008648144545977773	1	6	0	-0.4881797565076996	1	0.8333333333333334
ATPAF2	0.014601305434615191	0.1161368739228799	6	0	0.4881786102133692	1	1
DNPEP	9.981976445374023e-4	0.13210832125549887	5	0	0.4879363899771989	1	1
BNIP3	0.009427858034945774	0.008968380104086368	6	1	0.4879131968486695	1	1
MINDY2	1.7435693373025286e-4	0.010829025679216791	4	1	0.48655387384827176	1	1
FASTK	0.004538670450452112	0.2135501956375466	6	0	-0.48175883828721383	1	1
SLC38A10	0.038276966968606226	0.1836301015411592	4	0	0.48078528347755706	1	1
USP3	0.001460948556545133	0.3947615886715447	12	0	0.4797169697788231	1	0.8333333333333334
MAPT	0.03000867460917133	0.07412784064417154	7	0	-0.4791473598441982	1	0.8333333333333334
CD47	9.425907662006718e-7	1.889238563954994e-5	9	1	0.4786573333072561	1	1
GOT1	0.02200135842461689	0.1194337995514763	5	0	0.47730431860819833	1	1
CCSER2	2.984025016714451e-7	6.961837251006506e-6	11	2	0.47516339966427923	1	1
CUNH19orf12	1.089444904710836e-9	0.10967149971110471	4	0	0.47500260207022466	1	1
YWHAH	0.007726329801268322	0	2	2	0.4727624447417803	1	1
LOC113245998	1.887020463064283e-18	8.659256366005876e-10	9	1	-0.47222445653439943	1	1
RALGAPB	0.011459875594179105	0	2	2	-0.47209092928615726	1	1
CFL2	0.005135805241514868	0.0058163059627016145	6	2	0.471952482521507	1	1
CCDC50	0.017397419104800048	0	2	2	0.4704776966826995	1	1
TPMT	0.0069785364930188875	0.002827419879950834	7	1	0.4686992575709594	1	1
PSAP	5.047064497814407e-14	1.9739131846511131e-16	3	2	-0.4682209935841357	1	1
USP28	3.6758918014778843e-4	0.4122325131696534	8	0	-0.4677752908559271	1	0.6666666666666666
TASP1	0.049460929473536114	1	3	0	0.46724761173560636	1	0.8333333333333334
VEGFB	0.007625695452048203	0	2	2	0.4664237589308805	1	1
RGL1	0.023913546597434967	0.12363738397177813	4	0	0.464362517703784	1	1
BTNL9	0.025384117440707562	0	2	2	0.46399407537385867	1	1
TMEM199	0.012153416591015277	0.03628861841626376	7	1	0.46385953993966245	1	0.8333333333333334
RIOK2	0.03855799680054744	0.029264573141730085	4	1	0.46329127780818563	1	1
KANSL3	3.249777476184126e-8	0.694167061598913	15	0	0.46285124168909936	1	0.8333333333333334
SH3KBP1	9.758130015983678e-5	4.373629557954552e-4	3	2	-0.46251133492562324	1	1
OBSL1	2.984025016714451e-7	0.0033428435337938675	6	1	0.4616348072820653	1	1
YES1	0.012023260826421495	0.03681029960018455	5	1	0.4615298894148435	1	1
PARM1	0.048681728714291245	0.029284908904229395	3	1	-0.46135696586373576	1	1
MBNL2	0.005297074736792477	1	10	0	0.46043731841348495	1	1
LOC113245930	0.0376906874736507	0.3500841552183054	8	0	0.4562829150791954	1	1
CDC16	0.02731666067634251	0.28563651867095374	4	0	0.45551698514428784	1	1
TMEM68	0.043954259216738914	0.39330131220385	8	0	0.4545914098262685	1	0.8333333333333334
SIK3	0.014216997474835914	0.10100513522976041	7	0	0.45407562252499645	1	1
FTO	0.0035166382456927755	0.049259311626203825	9	1	0.45383202119216404	1	1
NFIB	0.0023091119977358505	0.045001461382803976	5	1	0.45362698258728806	1	1
TAF12	0.03355913726198782	1	5	0	0.4532988907141226	1	0.8333333333333334
ARL15	0.01981609120228654	0.006351810054494226	9	1	0.4526121489530033	1	1
DCUN1D3	6.459685534718813e-8	1	5	0	0.45131797090710296	1	1
LARGE1	1.70239469647144e-4	1	6	0	0.4509143265710722	1	1
HDAC8	0.03929904237194555	0.12883219729240591	8	0	-0.4503193297436678	1	1
NHSL1	0.010755967032060814	0.010717645184116224	4	1	0.4495608730259514	1	1
ZNF184	0.01940719622441642	1	9	0	0.448970648058801	1	0.6666666666666666
TCF7L2	0.018273795338138943	1	11	0	0.44788892954016746	1	0.6666666666666666
ARHGAP29	0.026544779984310627	0.03655916886034987	10	1	0.4478590602864749	1	1
TMEM237	0.03710811092443192	0.022518880316808168	6	1	0.44772415686704037	1	1
METTL25	1.4445616184531365e-4	0.5025789799580074	16	0	0.44746287158348086	1	0.8333333333333334
FNBP1L	0.01807061018397164	0.04117660913833686	11	1	0.4474375890200329	1	1
CDC42EP4	0.03367428415544816	1	4	0	0.44695129521292337	1	1
SUPT20H	5.540763906563569e-4	0.02359802234797778	15	1	0.44686064419255056	1	0.8333333333333334
OSBPL6	0.005988794971037857	1	9	0	-0.44681727449456154	1	0.6666666666666666
KANSL1	0.03546947268033571	0.5463700605677767	4	0	0.44680371845478223	1	1
EPS15	2.0348162671716705e-6	1	14	0	0.44559126177795205	1	0.8333333333333334
RC3H2	0.017067656431664593	0.02666371170976887	3	2	0.4454205713075677	1	1
PPP2R5A	2.358646767728903e-5	0.009526636043925629	6	1	0.44458251795623305	1	1
GPRC5B	0.038658534625749356	0.13732495664821243	3	0	0.44420868994167206	1	1
ANK2	8.450384549503447e-18	0.0024343443068646207	10	1	0.44225070312417625	1	1
CARF	0.003295979103192222	1	14	0	0.4420510821460348	1	0.8333333333333334
PTCD2	0.007002364356614254	0.07878970122810043	5	0	0.44098704903530006	1	1
ERGIC2	0.030002230929254716	0.008833201669607384	3	1	0.4406509350493319	1	1
SIL1	0.0053951677886275445	1	5	0	0.44059860954939206	1	0.8333333333333334
SENP2	0.03777449773537566	0.5156492867915036	14	0	0.4402230792006404	1	1
PDS5A	0.011978460869581797	0.034288146821229826	3	1	0.43997125079991894	1	1
TMEM170A	0.005124518660485436	0.02580330925006646	7	1	0.43946094311613126	1	1
ARMC8	0.03000867460917133	0.07838191180538112	6	0	0.43865471698187136	1	1
DCAF6	1.2200201392574697e-6	1	13	0	0.43704817557074194	1	1
CNIH1	0.027021264860089548	0.1945728355423116	4	0	0.4360385011583061	1	1
HAX1	0.02313872724264492	0.007049615020272931	3	1	0.4359239324945219	1	1
MLF1	9.860477749111917e-8	2.3574057521756504e-8	6	2	-0.4341031703986493	1	1
CRY2	0.0017493740903250859	1	10	0	0.43280485199707286	1	1
USP32	0.0023941410919926303	0.0010644009694461953	3	1	-0.4327764034701442	1	1
KLC1	1.3102472192354105e-5	2.1745528319516624e-5	13	1	0.4318343810699775	1	1
MET	0.01108091618508588	0.409297587319957	4	0	0.43145714865591667	1	1
PTGES3	4.8750153272502e-4	6.108000048741011e-5	7	1	0.4311789163084836	1	1
LMAN2L	0.013307533726459684	0.36823440648568534	6	0	0.4305573180394664	1	1
NQO2	0.023619759047728	0.7371962709528167	9	0	0.4296924550181243	1	1
CROT	0.003284970867807255	0.17937562676808697	16	0	0.42870653470896203	1	0.8333333333333334
THAP6	0.015050486925680817	0.8523945930392133	7	0	0.42848625262126755	1	1
M6PR	0.0025305531673206635	0.02298732882745642	4	1	0.4279824556899111	1	1
HSPA14	0.0018010210443183574	0.03855555361992073	7	1	0.4277733518206122	1	1
PFKFB2	0.005787469098741958	0.0065528212599017	8	1	0.42690372478353206	1	1
DENND4C	4.05734559432192e-5	0.0018013145627625582	4	1	0.42663473082059544	1	1
LRRFIP2	4.110908040298478e-6	1	17	0	0.4264776617172888	1	1
CCDC47	0.015866525181834328	0.0053042239999520875	7	1	0.42588070820074964	1	1
NSMAF	0.0010473441114100548	0.0020578747991348034	9	1	0.4240733990014505	1	0.8333333333333334
SNRNP48	0.007415212216220166	0.0062330701811949595	4	1	0.42313564007712157	1	1
COQ4	0.011978460869581797	0.37915690278562203	4	0	0.42304680796737537	1	1
HM13	0.04150060583684629	1	6	0	-0.42247323868959696	1	0.8333333333333334
MEMO1	0.010249995295977145	0.13706982769398252	4	0	0.42213140064051236	1	1
LIMCH1	1.5675126783284854e-5	0.4767445970916461	8	0	0.42209547826254584	1	1
FAM210B	0.0364611390416726	0	2	2	-0.42178164616915287	1	1
ASNS	0.04499315781044195	0.9469285162134353	5	0	0.42143623190001767	1	1
BPNT1	0.0064652035753664586	0.36977714598797057	11	0	0.42075376897533917	1	1
EPB41	0.002750019765616803	1	11	0	0.4205854397920768	1	0.8333333333333334
IDH3A	0.02890865999702716	0.056643487424332915	6	0	0.4200480304436703	1	1
LRRC39	4.510238726898443e-5	1	7	0	0.4200307775435559	1	0.8333333333333334
TNS3	3.1646896726799803e-7	0.86040912977028	9	0	0.41943148995304347	1	1
LOC113251245	0.02216122362382174	0.8976379897284607	12	0	0.419331605033708	1	1
NAA50	0.019030979898781848	0.07284428421910621	5	0	0.4187436014413836	1	1
CCS	0.013693558996934972	0.22630458979811885	5	0	0.4186055355270274	1	1
CUNH17orf75	0.01012421741908366	1	8	0	0.41852474602798506	1	0.8333333333333334
TRIP4	0.014985961708468313	0.08871101417607924	6	0	0.41754939890937526	1	1
ADNP2	0.011972054467740426	0.003250214444220787	3	1	0.41685926153038994	1	1
GAA	0.03666458283983226	1	10	0	0.41599616516087456	1	0.8333333333333334
PFN1	1.5258332385378878e-4	2.0952364199045727e-5	3	1	0.41595418967275205	1	1
PHKA2	0.003871401926467491	0.4534790291137461	9	0	0.4157662212386881	1	1
TMEM41A	0.0026387951425894214	1	11	0	0.4156363108217125	1	0.8333333333333334
RNLS	0.007726329801268322	0.002262925669501759	8	1	0.4151493684751525	1	1
SDHD	5.964547343162305e-7	2.7928547039550666e-5	5	2	0.4150735630867865	1	1
ADIPOR2	3.554186741648767e-4	0.12647536835381337	13	0	0.4148071597912907	1	1
RPRD1A	3.3131382823688507e-4	0.012095583326471763	12	1	0.41478804125388796	1	1
RORC	0.002802380832194924	0.011957070198948915	9	1	0.41399633227109434	1	1
MRPS27	0.0021811389652980546	1	7	0	0.4139931019287487	1	1
LOC113261710	6.633942214314835e-4	0.8061030128135104	10	0	0.41370891980629143	1	0.8333333333333334
LRCH1	5.198219098877337e-4	1	6	0	0.413684160787915	1	1
LOC113264440	0.0027108639037485872	0.45056463448781936	6	0	-0.41341958991761657	1	0.8333333333333334
EML1	0.04756472857128908	1	6	0	0.41295038982166443	1	1
VPS45	0.03699679285946848	1	6	0	0.41204704607579423	1	1
WDFY1	0.04390268005575206	1	5	0	0.4115654380273395	1	1
USPL1	0.008968640283037482	0.07774113324681187	6	0	-0.4112638287737087	1	1
DHX8	0.025702360851609755	0.6019504717027954	5	0	0.41089770569077294	1	1
STOX2	0.012988765331547155	0.8612683470172229	3	0	-0.41089246910032157	1	1
ZNF410	0.002259083468642456	0.8613869695035204	11	0	0.41021524886077976	1	1
LOC113260612	0.011149291559004276	0.6071135613672657	7	0	-0.4098810941454485	1	0.6666666666666666
SPART	0.004304823303965717	0.7432960811807968	10	0	0.4096941535434495	1	0.8333333333333334
EAPP	0.016190596143112624	0.27771291636559275	5	0	0.40920375658669195	1	1
CLUAP1	0.019636207013079627	1	8	0	0.40775950993761567	1	0.8333333333333334
MTO1	0.03199712488159638	1	7	0	0.4072442885003025	1	1
ACADM	0.008739644146826963	0.03864886866571129	4	1	0.40689645852761347	1	1
CSTF1	0.003913517804418537	1	7	0	0.40679266460946134	1	1
LOC113261538	0.03197219159278567	0.0786787507372197	5	0	-0.406679580686816	1	1
NUBPL	0.030674975865153345	1	5	0	0.40660694670259073	1	1
RNF167	0.016342105962966046	1	10	0	0.40600648104016185	1	0.8333333333333334
FRS2	5.839925828128622e-5	1.3956884216811537e-4	6	1	0.40507431613902195	1	1
TPP2	0.025718956419837572	0.06843558102824397	8	0	0.4049532160496757	1	1
SLC27A1	0.03721071849923655	1	10	0	0.4047008906489076	1	1
ZSCAN23	1.7989203167735044e-8	2.3044532641709522e-4	10	2	-0.4046380791725577	1	1
IST1	0.0038443770040348544	0.00753840742378487	8	1	0.4044912076779125	1	1
SBF1	0.047911597652682575	0.03114034932767858	3	1	-0.4037545727608943	1	1
FGGY	0.013257403056211738	0.6021910158951147	12	0	0.4031305975615185	1	1
KLHL21	0.03321973881878925	0.007457740716009532	3	1	0.402858725724062	1	1
PKP4	0.0274158301764314	0.04330961446747782	9	1	0.40211195936472993	1	1
IMPDH2	1.7700994689104275e-7	0	2	2	-0.4019311868530817	1	1
LOC113246855	0.04390268005575206	1	7	0	0.4015860271707911	1	0.8333333333333334
SIRT2	0.023619759047728	1	8	0	0.40151870784235727	1	1
DUSP3	0.023306305444912176	0.05486089247587555	7	0	0.40101736273858785	1	1
MYOZ2	0.006125027696941951	0.0017629382269038504	4	1	-0.4004507642726062	1	1
LOC113247645	1.1307749255825734e-16	3.569650337620468e-13	8	2	0.40029116061493375	1	1
SH3TC1	0.0437133893449066	0.960503676551837	5	0	0.39997983077725785	1	0.8333333333333334
LDB3	8.00288490339677e-15	0.6426450185595299	10	0	0.39979201374019924	1	1
ZMYM2	0.01911753151236068	0.14869254582460092	10	0	0.3987292364091345	1	1
FBXO21	6.26551556257526e-4	0.015881339424080144	10	1	0.3984705015172205	1	1
EIF4E2	9.217166886403901e-5	7.618033420063579e-5	5	2	0.3983487490041425	1	1
TANC2	0.043925800025452426	1	9	0	0.3975319137665073	1	1
NIPSNAP2	0.00679894334876225	0.0715890595965746	6	0	0.39719639049815025	1	1
CEP85	3.604914311073438e-4	0.5546031980940817	16	0	0.3960972858827609	1	0.6666666666666666
NEDD4L	4.931670913688729e-7	0.0048385060726453145	10	2	0.3960053268329164	1	1
SSH1	0.036085411041457564	0.15864403752668793	3	0	0.3958708448354512	1	1
SCHIP1	0.03013399771862851	0.03133040872861766	6	1	0.39546330504713145	1	1
RREB1	0.031946432148360265	1	7	0	0.39521412876956175	1	0.8333333333333334
LOC113262222	6.988178084065662e-5	1	6	0	0.39510901058361075	1	1
RHBDD3	0.012287299590665102	1	7	0	0.3932398729844939	1	1
CREBRF	7.747153010125508e-5	0.001654301962235632	5	2	0.3928343136822938	1	1
TBL1XR1	0.02021116959526503	0.011512437967555644	10	1	0.39266695289376397	1	1
WHAMM	0.009655311625767134	1	8	0	0.39264897952275585	1	0.8333333333333334
LOC113249140	3.2813932910066233e-4	3.137527182636677e-4	5	2	-0.3921735551362473	1	1
CLTC	0.001831362557228892	0.015003412477749029	9	1	0.39180636447094436	1	1
ADPRHL1	6.419517927369428e-8	5.969763222323484e-4	5	2	0.3909901610231604	1	1
PTPRA	0.01012421741908366	0.019784367925964892	5	2	-0.3900662982685591	1	1
DDX59	0.0069044283019961345	1	4	0	0.38994988455210655	1	1
VEZT	0.009152119826371046	1	10	0	0.38991922736140494	1	1
CSTF3	0.04946571917261924	1	8	0	0.3898632216451033	1	0.8333333333333334
HBP1	0.003873777426858924	0.8505994977423939	9	0	0.38976086881418165	1	1
RAB1A	4.649790044487232e-5	0.0016806674885016873	5	2	0.38930532196622547	1	1
MZT1	0.0036352576026726833	0.014464801135935628	3	1	0.3888204285651933	1	1
LOC113265291	0.0016517063882178747	0.0032991006737368564	4	1	-0.3882471869457546	1	1
MYL6	4.833487772789065e-13	7.326612107896677e-15	3	2	-0.3869550874204957	1	1
TMEM143	0.030629312770751933	1	7	0	0.3867304950914933	1	0.8333333333333334
HNRNPH3	3.46354081917563e-4	0.14684507106001174	11	0	0.38595581113404154	1	1
ALDH9A1	0.00555109997993556	0.0438505058180703	8	1	0.3859487050424161	1	1
DYNC1LI2	0.025557141483088013	0.1406371727348888	5	0	0.3854313621385703	1	1
EIF4A2	9.135478155647323e-5	1.6598521302096582e-5	6	2	0.38512866976106014	1	1
DNAJB6	3.383979476839114e-7	0.00222993774558558	11	1	0.3848430135219735	1	1
GRAMD2B	0.004034547513476783	0.1748429009249288	4	0	0.3847406193260022	1	1
WDR43	0.0018010210443183574	0.647327642235304	6	0	0.38470881774271326	1	0.8333333333333334
MRPS31	0.009451996200520334	0.0463942213060611	6	1	0.38459939418150113	1	1
GAPVD1	0.01247042126972903	1	6	0	0.38382962783182306	1	1
COQ3	1.4073018135914685e-4	0.028489698601387437	7	1	0.3832958651595392	1	1
GOLT1B	0.03953133105822638	0.10803489705380212	3	0	0.3828238586501702	1	1
ARL6IP4	0.03357688814793843	1	4	0	0.38263078576113496	1	1
PNPLA6	0.024315664572824337	1	13	0	0.38184070700787753	1	1
ABLIM1	3.592511470242793e-21	1.4778150943069907e-13	8	2	0.3815402361815766	1	1
PEMT	0.009812069089111372	0.29144321236903564	3	0	0.3814994892857348	1	1
GAB1	2.42689887453603e-4	0.39775232932021193	5	0	0.3811276487267884	1	1
PLEKHA6	0.030714963458290927	0.1773829461504368	11	0	0.3807056043984085	1	1
FYN	0.010242445990130826	1	8	0	0.3793661868386723	1	0.8333333333333334
KMT5B	0.010705333541171477	1	12	0	0.37931680415886393	1	0.8333333333333334
SCFD2	0.037099706042149634	1	6	0	0.37897438420796675	1	1
TUBB	1.6980257573852853e-4	0	2	2	-0.37866279776519407	1	1
UNKL	0.03199712488159638	1	5	0	-0.3779955644073851	1	0.8333333333333334
TSPAN9	0.013187707487065457	1	8	0	0.3778276478846874	1	1
CNOT6L	0.029012709865143812	0	2	2	0.3760723634639812	1	1
SLCO3A1	0.0376906874736507	0.04812219283028826	3	1	0.37593634131450754	1	1
AGMO	0.04811017504239862	1	6	0	0.3758577513363747	1	0.8333333333333334
RELCH	6.349548307113112e-4	1	10	0	0.3755696949612243	1	1
SEPT8	0.0036352576026726833	0.8268075379863379	8	0	-0.3752318413546419	1	1
PHKB	0.01396620131856701	1	12	0	0.3746582154531086	1	1
USP47	1.9481551296244088e-10	9.834834298376916e-7	10	2	0.3731971890446953	1	1
ERI3	0.04752652979385245	1	7	0	-0.372863566309625	1	1
CSDE1	0.005608664718637735	0.003251017215967906	11	1	0.3725957412022479	1	1
PLA2G12A	0.04372788974414298	0.08379511976604978	6	0	0.3725563524976283	1	1
TSC22D2	0.0417357830991224	0.007567579322431469	3	1	-0.372462877661793	1	1
PRMT9	0.004881173266524192	0.027953876111647923	5	1	0.3714503863862827	1	1
PECAM1	0.0020355062390756337	0.006516391315170339	7	1	0.37036215426328195	1	1
NTAN1	0.001175971403636772	0.019949341090592505	7	1	-0.36984131926039693	1	1
MAP3K20	3.993463815076756e-8	2.69278111042902e-7	4	2	-0.3687385692465788	1	1
SETX	0.031079484971991183	0.3415235522454096	7	0	0.3663425210386149	1	1
GPD2	0.005135805241514868	1	6	0	0.36627810594456356	1	1
KIF1B	0.00940332567249612	0.006700596819110567	4	1	0.3661355902884784	1	1
PCYT1A	3.21622215777732e-4	0.042653962204178705	7	1	0.36601801699359904	1	1
DCUN1D2	2.5255993635216873e-5	0.010682548736342638	23	1	0.3655078788004256	1	1
CUTC	0.005319445397447376	0.0493991819971204	6	1	0.3653616968824637	1	1
FERMT2	2.5060410613571292e-17	8.134261597704412e-5	10	2	-0.36500743094867844	1	1
LOC113252977_RMDN1	0.0033332912937068	0.05431723692848525	6	0	-0.3634068790272613	1	1
USP2	0.012771696833781392	1	4	0	0.3630378911196614	1	1
CCPG1	5.249116024096436e-5	0.002453520247218594	12	2	-0.36296439100059946	1	1
TBC1D8	0.03521599158975521	0.02426353191697645	5	1	0.361565943745073	1	1
GTF2I	0.0027988594476686477	0.00507938770701434	13	1	0.36019390957120184	1	1
DGUOK	0.024688979580089088	0.46080904690856456	7	0	0.3594670441181993	1	1
LOC113240981	7.747153010125508e-5	1.8356973960994367e-6	3	3	0.35909590174626504	1	1
LOC113261754	0.008066510696602774	0.009258762073897182	4	1	0.35826667452077177	1	1
CUNH1orf123	0.002216864648828424	0.07580163480977382	6	0	0.35795568095177777	1	1
MANBA	0.025535823134802953	0.0239539813696025	8	1	0.3578338530668516	1	1
TM2D3	0.0274158301764314	0.061682827395760156	5	0	0.3573876852786854	1	1
FAM214A	0.014869382319950017	1	9	0	0.35732146580499935	1	1
ENSA	2.8649217135991306e-5	1.3503453154344623e-5	6	1	0.3571281432149095	1	1
CKMT2	0.00930428617892665	0.3883708314114864	12	0	0.35694560487639526	1	0.8333333333333334
DOCK9	0.036803025067333094	0.6316590987113849	13	0	0.3565309858297754	1	1
CUNH9orf3	0.0012615129311412691	0.003240320611800828	6	2	0.356266009231101	1	1
CLSTN1	0.0026840727192728557	0.05794667094304487	7	0	0.35598541907184345	1	1
MIA2	0.011044347199441822	0.02469459068803631	14	1	0.3556342812655807	1	1
IFI44	0.0027988594476686477	0.05626324503782029	10	0	0.3551962413146362	1	1
NCOA6	0.01206367173911553	0.197583902770854	5	0	0.3548811221910131	1	1
ASPH	6.45636674408609e-22	2.3905591901396868e-6	14	1	-0.3538074297888963	1	1
LOC113264927	0.0022956363939411013	0.004622535114915112	15	1	0.3536325613002011	1	1
MDM2	0.01628717320513063	1	8	0	0.3536008323588082	1	1
ALDH3A2	0.002376276968522631	0.025076050530366722	16	1	0.3535295653996196	1	1
ZNF207	0.0094018580543792675	0.014323590045901688	8	1	0.35340247370635486	1	1
NIPA2	8.019305927955277e-4	0.0024568123966897722	10	1	0.3527638992096205	1	1
NUCB2	0.03622811987458615	0.7695344093580695	5	0	-0.3525489374718705	1	1
LOC113248372	0.007333626630581862	0.2040996180305513	7	0	0.35222021851501095	1	1
DCTN1	0.003938886917180714	0.007412226130977317	16	1	0.3517520160345707	1	1
NUCB1	0.012771696833781392	0.1514939631901497	8	0	0.35168800905748776	1	1
ARHGAP24	0.03593820080044494	0.4586112496322659	7	0	0.35157532711243183	1	1
PGGT1B	0.03199712488159638	0.09513072477491068	4	0	-0.35142815753175594	1	1
DTNA	1.058635344131192e-5	0.036930315691103145	12	1	-0.3513410688681604	1	0.8333333333333334
GIGYF2	0.012093714815782784	1	8	0	0.35007052918690784	1	1
ATP11B	1.2495378974953941e-4	0.0020889709330959754	6	1	0.34990884258269206	1	1
HP1BP3	0.004141072972350419	0.02452798323893054	8	1	0.34929488621870125	1	1
SH3GLB1	1.4282549535075446e-4	0.0062176565289074155	7	1	0.3492654592041438	1	1
RBFOX2	0.01486471227270117	0.005701169318373648	10	1	0.34889249445177034	1	1
FAR1	0.0010320452230622751	0.2216518575133832	8	0	-0.34878394241840804	1	0.8333333333333334
HEXA	0.010054185749610391	1	9	0	0.3484403317044711	1	1
CTTN	0.01247042126972903	1	6	0	0.3483851892448931	1	1
RTN4	6.7120383381281556e-9	0.3796357766779395	14	0	0.34795849689038544	1	1
CLIP1	1.0412961356495932e-8	0.47041468408756715	14	0	0.34775099107222446	1	1
INTS10	3.7506592834359406e-4	1	11	0	0.3475545796500707	1	1
LOC113256813	0.0010942803693634634	1	6	0	0.34734515817943873	1	0.8333333333333334
AASDH	0.009965554260283423	1	11	0	0.3465380803542484	1	0.8333333333333334
CELF1	0.012778306569878222	1	12	0	0.34479931117512785	1	1
CD44	1.922153870881896e-5	0.0046404506542748174	7	1	0.3445744905970427	1	1
TPM4	0.0029676784053306285	0.893538413219608	5	0	0.34322390753764703	1	1
CLASP1	0.0019903999854560743	1	10	0	0.34221668153186946	1	0.8333333333333334
MRPL22	0.007464927061080203	0.0741790562328598	5	0	0.34169100143944287	1	1
RAB3GAP1	0.005155049709898757	1	11	0	0.3410303751469236	1	1
MYLK	1.0578768364185458e-9	0.001177818083171181	8	1	0.34084632432810186	1	1
AGPS	0.01402751938823411	0.5455689588027993	8	0	0.3399618260351236	1	1
MRS2	0.0167666334682705	1	5	0	-0.33981932626412387	1	1
LAMA5	0.002127284131309052	0	2	2	0.3396300587464774	1	1
OSBPL9	0.012325990626486868	0.7764196746747928	11	0	-0.3395522927422369	1	1
GGA2	0.0039378399075301425	0	2	2	-0.33927854371932065	1	1
VPS29	0.02238154216663881	0.6561183065106346	5	0	0.33868235309995465	1	1
HERPUD1	0.023256436680593615	0.01625655107229411	4	1	0.33836027260666657	1	1
ZBTB47	0.04094155928961054	0	2	2	0.33830658541004466	1	1
ATP11A	0.006867411476358359	0.46319495126695936	9	0	0.3373223939784805	1	1
SEC31A	0.0037475115242648666	1	14	0	0.3360704213031286	1	0.8333333333333334
LOC113246291	1.629336245268266e-4	1	12	0	0.335862200608699	1	1
DYNLL2	6.108342394990957e-7	8.401548681869678e-7	3	2	0.3357852429374175	1	1
SMIM14	0.009181102978222689	0.02269271570205431	9	1	0.33522560668334256	1	1
FILIP1	2.8734173050297175e-13	3.2226395906888915e-10	4	2	-0.3345706428784111	1	1
MINOS1	0.028175554684693266	0.02575652463401938	3	1	0.3339906448686478	1	1
EXOSC7	0.01733939683952601	1	5	0	0.33372277616904733	1	1
HIPK3	4.961971869711334e-8	6.566124550763316e-10	6	1	0.3332324434434151	1	1
NASP	0.005268441616975295	0.2741045518310441	6	0	0.3325372395641447	1	1
ACBD5	0.004141072972350419	1	11	0	-0.33250994486206786	1	1
CEP120	0.03656192141663557	1	5	0	0.33233688253423566	1	1
CXADR	0.008735266487789809	0.005658539278346939	3	2	0.3321020557313735	1	1
XPO4	4.8750153272502e-4	1.2142310804529557e-5	8	1	0.33204676788455517	1	1
PFKM	0.011091068405859985	0.9195438375163578	9	0	0.33117743581847814	1	1
CAVIN1	0.007625695452048203	3.100141404420838e-4	4	1	0.33112779609663373	1	1
ERI2	0.019030979898781848	0.07887136982496876	9	0	0.3309109208964526	1	1
ARFGAP2	0.01384210102636062	0.05711208711294783	12	0	0.33054882953788084	1	1
ABCD3	2.2894637967448011e-4	0.00947757716489551	11	1	0.33018244605183067	1	1
ITGA7	0.006714917608729291	1	15	0	0.32996939487432536	1	1
COL15A1	0.005178301660508478	0.6408194567378921	10	0	0.32990363998497935	1	1
SEC23IP	0.004806440007739484	0.49649613783656366	12	0	0.3298718296284136	1	1
PLEKHB2	5.4324721390603215e-5	0.011574836174318726	9	1	-0.32964331960927457	1	1
THOC1	0.010782856599786193	1	9	0	0.3294625863276618	1	1
FBXL5	6.355131167863335e-4	0.05141541367841021	9	0	0.32916473695838117	1	1
IKBKG	0.012771696833781392	1	10	0	0.32902316980998925	1	0.6666666666666666
LOC113263922	0.012771696833781392	1	8	0	-0.32887007809726554	1	0.5
PPP2R3A	1.4299699781027112e-6	0.4305123995163743	12	0	0.32869123415835266	1	1
TRAPPC12	0.01981609120228654	1	7	0	0.3279551120519325	1	1
CORO6	0.007386208720348201	0.0019419754931969434	3	2	0.3278500559432882	1	1
ZNF106	7.757916552558985e-7	0.36700014584044593	7	0	-0.32703346289020807	1	1
RPS6KB2	0.012287299590665102	1	12	0	0.3266589459799153	1	1
TARBP1	0.015745658696005818	0.06852916092332337	7	0	0.32633714114015056	1	1
PHKA1	1.6204758038056204e-4	0.6858417046442415	11	0	-0.3262347801604065	1	1
LOC113264906	5.2799168764805117e-5	1	7	0	0.32548938187388743	1	0.8333333333333334
RALGAPA1	3.9712421760827225e-8	0.0013654167600857755	6	1	-0.32510787160825627	1	1
TEX10	0.0125220510689284	1	8	0	0.3249380555150258	1	1
DGLUCY	4.8750153272502e-4	0.002694798895936771	14	1	0.32449243362939595	1	0.8333333333333334
PDCD6IP	0.010725280927631343	1	12	0	0.32434338713266875	1	1
GPN1	0.01669769715717423	0.08815798815775346	5	0	-0.32421626656931585	1	1
PRMT5	0.0378829212986436	1	8	0	0.32344141808202653	1	0.8333333333333334
ZHX1	0.04044806628434274	0.8704662360763654	5	0	0.32320156959839874	1	1
NFE2L1	7.433626267210095e-5	1.5073681414895293e-5	6	2	-0.32260026327480446	1	1
RGS6	1.3465833561267565e-4	1	12	0	0.32183392992816523	1	0.8333333333333334
LSP1	0.0037273613461347456	1.8141354760540496e-4	4	1	-0.3218302705810992	1	1
UIMC1	0.01486471227270117	0.5932169488527989	8	0	-0.3213583575784597	1	1
TMEM164	0.0417357830991224	0.08051525101182318	14	0	0.32131794924159196	1	1
WDR41	0.019576579239900624	0.8194917316400968	9	0	0.32110093715632515	1	1
ISOC1	0.039620282745895824	0.013026165574597423	3	1	0.3208649926942372	1	1
ARMT1	5.6240299352833034e-6	0.0025844526882475988	7	2	-0.3198739250383006	1	1
AK2	1.0763657977255506e-4	0.010763084337292474	5	1	-0.31972576648638995	1	1
GNE	0.029173912468247	1	15	0	0.31885029598035075	1	0.8333333333333334
LOC113250851	0.025514029441965156	1	15	0	0.3188115297067071	1	1
PPP3CB	0.003465645743512437	0.03937406592845159	7	1	-0.3184126376980726	1	1
ASCC3	0.040481530548267114	1	11	0	0.31756993158645413	1	1
GKAP1	0.01799282471890022	1	5	0	-0.31712672907431344	1	1
LOC113255141_ATP6AP1L	0.004392716143720085	0.14118642040164756	12	0	0.3163952380450837	1	1
ISCA1	0.0022956363939411013	0.002088654722225042	4	1	-0.31639513397486674	1	1
NEB	0.014869382319950017	1	31	0	-0.31539408768105925	1	0.6666666666666666
PAFAH1B1	1.4299699781027112e-6	0.01885991349916292	10	1	-0.31530383504649684	1	1
PPIP5K2	0.009664606780228999	0.5360924306129972	11	0	0.31348183778042427	1	1
VRK2	0.02229509079561622	0.1934061651021743	8	0	0.3130960385904552	1	1
XPA	0.04708522782243501	0.009208678547177442	3	1	0.31306074600554856	1	1
NUMA1	0.02760961095155743	0.2949476485840861	8	0	0.3121479211475327	1	1
HELQ	0.026742034200020515	0.11218934530537507	8	0	0.3120573742414631	1	1
SLC41A3	0.014284833717829385	1	7	0	-0.3119702318672984	1	0.8333333333333334
FBXL17	0.0016473995457826245	0.3010662372335458	4	0	-0.3117245134156893	1	1
FAM208B	0.04855652658083775	1	8	0	0.3110459325132315	1	1
PIGN	0.01622267501050768	0.26139795458934256	5	0	-0.3101184062408424	1	1
RBM26	0.04332611293074479	0.07324387877000518	6	0	0.30992356371283547	1	1
MAP4K4	0.011634627231662182	0.8848444880894315	12	0	-0.309194938822486	1	1
IRF2	0.0011722132042552976	0.001099457291354814	6	1	-0.30855117578269786	1	1
HNRNPA2B1	7.969077632254031e-10	0.004124379020445906	11	1	-0.3083014322381915	1	1
SMUG1	0.04447028286941103	0.7830789807372597	9	0	0.30811501255769347	1	1
VNN1	0.04483758958609598	1	9	0	0.30803321356322827	1	1
ZDHHC4	0.03293412468316732	1	7	0	-0.3079289871039417	1	1
ESYT2	0.005184802699181157	0.8853753097749464	9	0	0.30791311361906004	1	1
CAV1	1.4445616184531365e-4	7.154147480465866e-4	6	2	-0.30768558158191706	1	1
MAST4	0.0051697247694232635	3.447535206235337e-4	4	1	-0.3073836743624605	1	1
RPS24	6.23890027361017e-7	0	2	2	0.30639364793872803	1	1
KIF1C	0.031218433351927446	0	2	2	0.30638784012799736	1	1
AMZ2	0.03290442141376446	0.10562984385116507	6	0	0.3062153717507436	1	1
TJP2	0.043954259216738914	1	9	0	0.3060788383469967	1	1
PPP1R2	0.0417357830991224	0.18981898377427914	4	0	0.30565890960103625	1	1
BTBD1	0.010911752187677473	8.134609628800489e-4	4	1	0.3056177759057006	1	1
CBX3	0.03199712488159638	0.03846932876994732	4	1	0.30538662750665735	1	1
RNF207	0.043858258815282915	0.5355420490034988	4	0	0.3051034877600942	1	1
IDE	6.7120383381281556e-9	5.757292141371242e-6	4	1	-0.30496661796169844	1	1
RUSC2	0.01978537588517267	1	15	0	0.3048359334213161	1	1
YTHDF3	0.0015345550288626932	1	11	0	0.30460782936651154	1	1
TIAL1	0.0018010210443183574	1	11	0	0.30452573474773015	1	0.8333333333333334
FBXO3	1.7435693373025286e-4	0.13789917501139443	7	0	0.30406939222824303	1	1
LOC113245319	2.7329093174742714e-7	0.003869772287492642	5	1	-0.3034387500360138	1	1
ZNF462	0.002786890666653509	0.035004029069725905	7	1	0.30288057584921746	1	1
LRRC41	0.0036971800385643375	0.5904171700049847	4	0	0.30284605881263316	1	1
RAF1	0.0027764904244586917	1	7	0	0.3024499119464228	1	1
RAPGEF6	0.021241555218012402	1	8	0	0.3022065490394609	1	1
MTUS1	0.002369494562190057	0.16106144464285208	11	0	0.30192445609588675	1	1
MITF	5.4080234518407946e-5	0.018580561792876184	8	1	0.30127168593546155	1	1
VAPA	0.012153416591015277	0.05288127394560822	4	0	0.3007900207937614	1	1
CTSC	0.0094018580543792675	0.09878958191587668	5	0	0.3007479721685124	1	1
AFDN	6.19656064682078e-11	0.28532897704551347	13	0	0.3006045476949542	1	1
MAP4	1.3621469612713581e-11	0.0011534468809699678	12	2	0.2994650293257961	1	1
AHCTF1	0.0038443770040348544	0.6615519249870357	9	0	0.299066131070958	1	1
LRRCC1	0.0033429501020772155	1	5	0	0.2990474675052374	1	1
SLK	5.4324721390603215e-5	0.16562851504208756	3	0	-0.29901276408715366	1	1
SLC25A37	0.012173276891834665	0.11323673090018894	8	0	0.29893328703487	1	1
PLEKHA5	1.0635978191497765e-5	0.00216421357765093	9	2	0.29841685707622045	1	1
MBD1	1.6980257573852853e-4	1	24	0	0.29834478264835373	1	0.6666666666666666
ENOSF1	0.03204758498712613	0.6433324144541324	6	0	0.2982460291118241	1	1
LRRC28	8.742069693931572e-4	0.007237976125147838	12	1	0.2979959257133244	1	1
WDFY2	0.047570889831999585	1	3	0	-0.29790667986349173	1	1
HUWE1	0.03857500692334786	1	8	0	0.29762589593386335	1	1
CAST	2.6778206050045538e-15	8.481708083778627e-7	12	3	-0.2975748683118935	1	1
LOC113254378	4.931670913688729e-7	0.002321681515356381	9	1	-0.2960500209548143	1	1
PLAA	0.0038274551512411446	0.09713308671856274	7	0	0.2951229938390969	1	1
MATR3	1.4882225633631194e-4	0.02298941719091336	9	1	0.2950874396476918	1	1
ZRSR2	0.012771696833781392	0.2803853724931186	9	0	0.2947781863746277	1	1
BCL6	0.030002230929254716	1	4	0	0.29452961725678806	1	1
UGGT1	0.04638857090542024	0.34818471583822114	6	0	0.29385401088192376	1	1
CACNB2	0.0064652035753664586	0.12721833649590955	4	0	0.29314932629597357	1	1
SMARCE1	0.026161098103733973	1	5	0	0.29245218954440677	1	1
ERBIN	2.984025016714451e-7	2.9787920032145403e-5	7	2	0.2915113567590773	1	1
LYRM7	0.009532108382076467	0.17056164552556682	7	0	-0.2911532266764305	1	1
DLAT	2.889933912467027e-4	4.103126144417501e-6	4	1	0.2909907776503824	1	1
COPA	0.0017493740903250859	1	12	0	0.29030107211980927	1	1
RNPS1	0.005586893054836894	0.05365038677344633	5	0	0.29015887705527965	1	1
LANCL1	0.010755967032060814	0.20995068929804783	5	0	0.29003518209785295	1	1
KIF21A	0.0013107735844904926	0.35689127084251854	12	0	-0.2896893659356613	1	1
MTHFR	0.010808241280511896	0.2545503517944773	10	0	-0.28954242299447935	1	1
GNPAT	4.941206611388609e-4	1	16	0	0.2894767688414027	1	0.8333333333333334
ARIH2	0.0074328518308292854	1	8	0	0.289276570266433	1	1
FGFR1OP2	0.010307544435148131	0.17594735776732542	5	0	0.28924283703083314	1	1
MSN	0.00964513206021824	0.33160266244901	5	0	0.2890030272911006	1	1
RABGAP1L	1.0763657977255506e-4	0.07921059013901711	6	0	0.28869533189463736	1	1
CD99L2	0.025493482492336142	1	9	0	0.28827231165029055	1	1
TSEN2	0.022359220954176463	1	12	0	0.288104147352361	1	0.8333333333333334
N4BP2L2	1.5137770490671516e-10	5.965309565504087e-5	9	2	0.287782994147774	1	1
BICD2	1.5278390742234644e-4	2.274758682319668e-4	3	2	0.28746869113312484	1	1
DNM2	1.6918300818041468e-6	0.25489610653001915	10	0	-0.28736342937802895	1	1
LAMB1	0.010490858369298512	1	16	0	0.2871016401109479	1	1
XRCC5	0.029880336054322335	0.2431930501811903	8	0	0.2870479453922459	1	1
SGMS1	0.009622408276085258	0.9702747212882871	9	0	0.28692062142674	1	1
KIDINS220	2.6625284115337105e-4	1	12	0	0.2868846909255465	1	1
SMARCC1	0.006673922235322865	0	2	2	-0.28651375943630464	1	1
GIT2	0.0040140120678384475	1	15	0	0.2863163083154785	1	0.8333333333333334
MARK3	0.0022956363939411013	0.023262592277627062	8	1	0.28563471441730676	1	1
ANP32A	0.04875348236215332	0.00973199858716928	4	1	0.28505659858369514	1	1
NDUFAF5	0.003087841616965471	1	8	0	0.2836556890328709	1	1
MAP1LC3B	0.001355391162248686	0.002421544701102432	4	1	0.2833851050286734	1	1
USP4	0.013187707487065457	1	10	0	0.28317963490708586	1	1
DLD	0.0012456635215763673	0.0031890430040841023	5	1	-0.28267933039362503	1	1
COPS3	9.413679714210346e-4	0.21247390862475207	8	0	0.2826166895274709	1	1
PSMA2	0.04683701827343026	0.502854745561317	4	0	0.2825822894794525	1	1
APPL2	0.0014070756140652219	0.3453646103232175	14	0	0.2825573718814762	1	1
KLHDC3	0.010786647278554875	0.13655842434834986	11	0	0.2816471602647993	1	1
ABRAXAS1	0.012519550704753817	1	9	0	0.2814426332207054	1	1
TBC1D14	0.01486471227270117	1	12	0	0.2812095027384387	1	1
AP1B1	0.013187707487065457	1	13	0	0.2807888742485337	1	1
GPAT4	4.778968448990241e-7	2.6045588100558834e-5	9	1	0.28055431871851777	1	1
ENAH	3.589669474501396e-5	0.35232035965946334	6	0	0.28032032936685575	1	1
FKTN	0.018254312928943826	1	8	0	0.2802779776424753	1	1
MEIS2	0.01384210102636062	0.18113073307993555	5	0	0.27944647441738646	1	1
GDI2	0.001987413544060286	0.4448077599169936	8	0	0.2794323247903077	1	1
ZNF7	8.653475486616981e-4	0.27699146566070987	17	0	0.2794157937525218	1	1
ZFAND2A	0.03597643584037457	1	7	0	0.27922088142057844	1	1
TTC17	0.01628717320513063	0.02729541456539022	4	1	0.27895071499326796	1	1
PKIA	0.007737476061163046	0.16590459754363782	7	0	0.2779035678894099	1	1
GMPS	0.015728817852750834	0.1010831191989437	6	0	0.27712791383712276	1	1
ASH1L	9.643371365722793e-5	0.030373480267998493	6	1	-0.27699866132181145	1	1
RILPL1	0.00468384620220715	0.002448602352575947	3	2	-0.2763633510730751	1	1
SYNE1	1.2238857356303443e-7	1	14	0	0.27620729306465963	1	1
CDC37L1	0.024893929689997565	0.05297281933976764	4	0	0.2760072345110986	1	1
FUOM	0.003284970867807255	0.010046577409315173	7	1	0.27570221750077195	1	1
PRKG1	0.04060659110147825	0.39812961303496247	4	0	0.275672521496234	1	1
AAK1	0.004038406845265353	1	14	0	0.27563351050415935	1	1
CAMK2D	7.199280584565217e-13	7.677837643848158e-8	7	2	0.27364063457460497	1	1
FBP2	0.014675705573719422	0.041791580320613524	3	1	0.27331791251368376	1	1
SNRK	0.03066273927086654	0.020625392949538655	6	1	-0.27304777719766893	1	1
ARFRP1	0.01543281910886477	1	10	0	0.27279020742489063	1	1
ADAM10	0.0027162730355791962	0.041118336516170126	7	1	0.27266173683226447	1	1
TBC1D23	0.03535511884310586	1	8	0	0.27172018576974366	1	1
MTOR	4.937025890704017e-4	1	8	0	0.27143132145019705	1	1
SNX2	0.002346317796781309	0.3389923696902078	6	0	0.27129966824686963	1	1
PAM16	0.010249995295977145	0.018952608663959147	6	1	0.27128441593887953	1	1
LAMB2	0.0051222183303263735	0.2777739658005591	8	0	0.2709610571959433	1	1
SLC25A12	1.634103129620177e-7	0.08181411622689655	13	0	-0.2707194109025412	1	1
IKZF5	0.01041862611099029	0.4886078232495627	8	0	-0.27071634711342063	1	1
KLHL31	0.02321415688024811	1	7	0	0.26990010531605035	1	1
OSBPL8	1.3218704876152627e-7	0.9737665162570948	19	0	0.26972541697931174	1	0.8333333333333334
USP19	0.03433090677855512	1	10	0	0.26804444569014163	1	1
KLHL24	3.062480464713393e-4	0.17916700221730147	13	0	0.26741736474703304	1	1
ZRANB2	0.017106877512051116	1	9	0	0.26679881413691636	1	1
ALDH1L1	0.0028071144791210535	1	14	0	-0.26665942217565397	1	1
IBTK	0.026918172883242202	0.319417939676432	12	0	0.26665130037861906	1	1
ARHGEF10L	1.856740393171059e-6	0.0458271743063664	7	1	0.2656572288263912	1	1
EXOC1	8.713498135352342e-5	0.04211899080818249	9	1	0.26463961432250055	1	1
ABCB7	0.011920007929248053	1	7	0	0.2637393319052851	1	1
HERC3	0.043518230651826736	1	16	0	0.26372234904084513	1	1
MFGE8	0.0020589896756079305	1	8	0	0.2635048550266587	1	1
MIA3	2.1140180627302574e-9	0.07496182308719725	14	0	0.26304686748010875	1	1
MVB12A	0.04603608734987886	1	5	0	0.26289218428214195	1	1
THOC2	0.019736073773756944	1	17	0	0.2623144216529915	1	1
S100PBP	0.01860367107775439	1	14	0	0.2623042529782514	1	0.6666666666666666
RPAP2	0.023172794640175094	0.676966730559267	6	0	-0.26206268026018387	1	1
ALPK3	0.012746825278985994	1	5	0	-0.26203437025818394	1	1
CHTOP	4.849066335777994e-5	1	18	0	-0.2613237251250796	1	1
EXOC3	0.030165065311752722	1	8	0	0.2610186566836555	1	1
DHX30	0.011044347199441822	1	9	0	0.26025052679059213	1	1
ABCC5	0.023990230559619147	0.02013131614031405	5	1	0.2601809859581204	1	1
EMC1	0.0019097444252275677	1	9	0	0.2592068152037491	1	1
USP15	0.0011384728049831654	1	14	0	0.25793763604904263	1	1
CNTRL	0.048124368223208286	0.04302085281460011	8	1	-0.25770915749373824	1	1
POPDC2	0.0012863809902503834	0.052812890780924125	4	0	0.25630201330221664	1	1
YBX1	2.4872837170196594e-10	0	2	2	-0.25601557776810213	1	1
TNS1	7.757916552558985e-7	0.027571485566316035	9	1	-0.25487799051944166	1	1
KANK1	0.00178067337797641	1	13	0	0.25484488156502716	1	1
DST	3.6054551572047783e-22	1.1103979489290527e-7	22	1	0.25476170024369643	1	1
TMX1	0.012778306569878222	1	7	0	0.254169499340847	1	1
WNK1	1.5937723504976926e-7	0.12611772330222626	13	0	0.2533532721776374	1	1
BNIP2	3.513256426454168e-4	0.27525964802281916	8	0	0.25312307491321406	1	1
GMPR	0.026918172883242202	0.703662024287618	5	0	0.25272522580899937	1	1
PLIN2	6.1774709377118e-5	0.944179332036911	8	0	-0.25243400024167173	1	1
CLCC1	0.017909402972173902	1	16	0	0.2520032342004585	1	0.8333333333333334
CAT	0.004589256179283376	0.04394448299924602	12	1	-0.2512141684532698	1	1
DPP3	0.025267624102617323	1	8	0	0.25044925962760944	1	0.8333333333333334
SLC30A4	0.015978606388377115	1	3	0	-0.250376790839788	1	1
NRDC	3.2916392878588923e-4	0.047860728986248505	13	1	0.24988194826996046	1	1
GCC2	0.04390121230014578	1	4	0	0.2495582820806292	1	1
SDCCAG8	0.01976311234970694	1	9	0	0.24949973352045368	1	0.8333333333333334
HIBADH	1.6326010875045116e-5	0.029240760233088463	10	1	0.24878011795982483	1	1
AP2B1	7.881459123233618e-6	0.03308531705912508	5	1	0.24854894427090823	1	1
APPL1	6.7120383381281556e-9	0.004222763652568481	10	1	-0.24845781799480862	1	1
SORBS1	6.4462449530311e-16	0.02252355178473229	17	1	0.24785221213723185	1	1
DGKZ	0.038195396528405236	1	11	0	-0.2477984543473394	1	0.8333333333333334
ALB	0.013187707487065457	1	13	0	-0.2477413396649548	1	0.8333333333333334
DDX46	0.010011474706798851	0.7473387970327394	11	0	0.24710610101800448	1	1
FXR1	2.914551729923366e-10	0.35214306069588097	13	0	0.245706689479308	1	1
IWS1	0.01628717320513063	1	12	0	0.2453876735546457	1	1
CSNK1A1	1.091793068755666e-14	1.8355708199914644e-8	9	2	0.244597448966668	1	1
LOC113251518	0.010107457908824953	1	14	0	0.24456528104684508	1	0.8333333333333334
MAPK9	0.03519055056375228	1	8	0	0.24319577907227602	1	1
DPM1	0.012771696833781392	1	3	0	-0.24252492806445955	1	1
CALM3	0.023990230559619147	0	2	2	-0.24119121550385947	1	1
LOC113263209	0.037099706042149634	1	12	0	-0.24105298485131496	1	0.8333333333333334
ACADVL	0.006036095780403336	0.0022524152878829334	4	1	0.24023147253973653	1	1
RBL2	0.017357768819821272	1	10	0	0.2400728307716518	1	0.8333333333333334
SARS	0.04638857090542024	0.24468572023260668	3	0	0.2399670892591711	1	1
NUP98	0.0015041894216940369	1	11	0	0.2387718760272758	1	1
CCDC90B	0.009746428224447027	0.570251809988105	8	0	0.23850724696840442	1	1
LOC113253249	7.092586342881665e-42	6.577405530392052e-27	5	1	0.23818461643429323	1	1
GLMN	0.0033429501020772155	1	11	0	0.2381306496167116	1	0.8333333333333334
ACAD11	4.8001911751576935e-15	2.072512653952237e-4	7	1	-0.23756880140812553	1	1
BNIP1	0.005436209055979626	0.4952691872511994	6	0	0.2366312311712258	1	1
SPTAN1	2.053877345889107e-8	0.0407316620808933	9	1	0.23654063758284177	1	1
RBM12B	0.0035166382456927755	1	12	0	0.2360826623763114	1	1
DOCK1	0.04168802166135975	1	11	0	0.23558615917608805	1	1
CANX	3.7506592834359406e-4	0.5420095657587445	6	0	-0.2353212403325651	1	1
PHLDB2	0.03306513806876942	0.33778611276480447	13	0	0.23522882481840324	1	1
LARP7	0.01206367173911553	1	7	0	-0.23493397978407166	1	1
LOC113258542	0.031079484971991183	1	14	0	0.2348635371044841	1	1
GYG1	0.006566688599980598	0.017099414051349012	7	1	0.23481430818648377	1	1
FAM118B	0.0039378399075301425	0.5086292603672841	9	0	0.23442709805619283	1	1
OSBPL1A	0.03130443346045225	1	7	0	-0.23423822863397037	1	1
LOC113253952	0.019631237834815737	1	6	0	0.2341067073309828	1	1
GPBP1L1	0.003371285115096549	0.6490555666401527	13	0	0.23394092644717002	1	1
SOX6	0.0024434552502773962	1	13	0	-0.2338631567624316	1	0.5
LPIN3	0.039757204347403	1	5	0	-0.23357306046397616	1	1
PCMTD2	0.012277750524848587	1	6	0	-0.23352091418412635	1	1
TMEM38A	0.007464927061080203	1	8	0	0.23246856870420207	1	1
AFF4	0.048681728714291245	1	5	0	0.23168608499083615	1	1
PCSK7	0.002536334356393288	0.7121074970620648	9	0	0.23138811594683056	1	0.8333333333333334
LOC113242529	0.029443146734800977	0.08294296286173561	4	0	-0.23025775754529426	1	1
WIPI1	0.024757279447226426	0.3608038426409905	6	0	0.22983530906870903	1	1
SLC25A30	0.009645713583912438	1	13	0	-0.22943277626119596	1	0.8333333333333334
CD36	0.0038308529704652585	0.24590769178107805	9	0	0.22875203888401194	1	1
CENPC	0.03199712488159638	0.012687947048513067	5	1	-0.22748822158021492	1	1
COMMD3	0.040840506656829166	1	4	0	0.225663199749788	1	1
ND4	0.006030589821558229	0	2	2	-0.22490028056152012	1	1
SON	0.012935519488009452	0.02581204078449317	10	1	0.22442612602156697	1	1
PCBP2	2.898212177783277e-5	0.33523682513168823	14	0	-0.224394552664116	1	1
ZBTB38	0.0032095416373821625	0.9189824126870241	12	0	0.2242846397861403	1	1
SPTBN1	0.0025171373507536557	6.404868092530615e-5	7	1	-0.2236773176014497	1	1
COPS7B	0.043954259216738914	1	10	0	0.22335960130686888	1	1
TENT2	0.04946571917261924	0.14605007823695845	7	0	0.2232780616399399	1	1
CNOT4	0.03200461935776723	0.14542879487026006	13	0	0.22232688704312503	1	1
CLK4	0.004307569028454589	1	19	0	0.22095930836331695	1	0.8333333333333334
NDUFA9	0.008656463159588151	1	4	0	0.22086898861423587	1	1
GYPC	8.077456801410858e-4	1	5	0	-0.22074995560364835	1	1
COPS4	0.013084205205662102	1	7	0	0.21939672181417724	1	1
GORASP2	0.02216122362382174	0.09074917356896449	8	0	0.21924853164516	1	1
STX17	0.007625695452048203	1	10	0	0.21865147264855522	1	1
STT3A	0.01731628964590194	1	6	0	-0.21856626306430693	1	1
LOC113244843	0.012153416591015277	0.005118416122230474	3	1	0.2183790984004853	1	1
NDUFS3	0.03546947268033571	0	2	2	0.21815553844070512	1	1
DCUN1D1	0.01840604794659521	1	13	0	0.21807830745544277	1	1
MBNL1	8.693424180609556e-4	0.011148508395964082	14	1	0.21731645637031158	1	1
PDE1C	1.2174542418630724e-4	1.4409072253870816e-4	4	1	-0.21686919554270798	1	1
DMXL1	0.033473020505826	1	6	0	0.2168290854284989	1	1
HSD17B4	0.009812069089111372	0.015167030853590077	10	1	0.21676252659080547	1	1
MYO18A	0.002802380832194924	0.7245638255435822	10	0	0.21638675108590127	1	1
LCORL	0.01484707799169005	1	11	0	0.21592715357474618	1	1
ARF1	0.032662981963068424	0.20354986749067597	3	0	0.2157960237332054	1	1
SERPING1	0.028282608070781683	1	6	0	0.21534246253868475	1	1
NAP1L4	1.0635978191497765e-5	1	13	0	-0.21519641584017873	1	1
DCP1A	0.006055614075100733	1	7	0	0.2144564454993692	1	1
RANBP3	0.017397419104800048	1	14	0	0.21297150550176847	1	1
PPP2CA	0.028455779490668583	1	8	0	0.21277946660277647	1	1
IDS	0.001566913723513707	1	5	0	-0.21247970245811273	1	1
PAM	6.454962393696345e-4	1	12	0	-0.2122189522248818	1	1
ABR	0.018502231867753394	1	4	0	0.21204778217687145	1	1
ADAM33	0.015211229378479567	1	9	0	-0.21133444545320137	1	1
CTNND1	1.2054720960353512e-5	1	14	0	0.21055797204071325	1	1
RGS3	6.647705734125786e-4	1	8	0	0.21029779466074938	1	1
N4BP1	9.995424903515509e-5	0.2530607601040623	4	0	0.21019292880769613	1	1
UROS	0.011763996042046681	1	12	0	0.21009298704722063	1	1
NFIA	0.034205526258097134	0.9537699329657593	5	0	0.20899772555623575	1	1
ANK3	5.327611041297253e-11	3.2627871962339467e-4	8	1	-0.20891689499168742	1	1
CAMK2A	0.010383079115283368	1	9	0	0.20890775552529742	1	1
TTN	5.726431839131359e-9	0.164190338634388	12	0	0.2082411261389878	1	1
WDR37	0.00582162372607308	1	9	0	-0.20568101335396563	1	1
PABPC4	0.01981609120228654	1	7	0	-0.2056542310086253	1	1
PARD3	0.00679894334876225	1	11	0	0.20532864512030152	1	1
PEAK1	0.040483275176302756	0.24591158472542338	13	0	0.20515371340620864	1	1
SRP54	0.005621299818814301	1	9	0	0.20507117877272205	1	1
NDUFS1	3.8025188725249495e-5	1	9	0	-0.20412566055809764	1	1
TARS	0.0012057851906498247	1	8	0	0.20404577002495342	1	1
MRPL39	0.00679894334876225	1	7	0	0.204011535561877	1	1
TTC3	8.096251122591028e-5	0.0078123964742700955	12	1	-0.20253801505888994	1	1
ATP5MC1	7.325765497553913e-6	0	2	2	-0.20240235897567652	1	1
USP14	0.031246662274932845	0.7753495699354344	6	0	-0.2021823799532746	1	1
ANXA6	0.005104682247639316	0.0012308767266460895	6	1	0.20176751442986887	1	1
MEF2A	4.891923540228796e-5	0.11049968770547325	15	0	0.2014679551919581	1	1
TIMM21	0.026498192723601134	1	3	0	-0.20101429602962656	1	1
HSBP1	0.009645713583912438	0.28505742632242187	5	0	-0.20017252636584942	1	1
KLHDC2	0.010705333541171477	0.046412251180094066	3	1	0.19914680232952187	1	1
PICALM	0.02667868677836175	0.02177303934849656	8	1	0.19791797293915717	1	1
GFM2	0.0013592841070578622	0.2385827501322803	13	0	0.19732765696008084	1	1
OXR1	0.016190596143112624	1	10	0	-0.19665404884273968	1	1
ANXA11	0.00219603120318278	1	12	0	0.19660675792373097	1	1
DMD	0.008581713133032291	1	10	0	-0.19404091288820483	1	1
PPP6R3	0.004895828270160804	1	19	0	0.19235972347070612	1	1
RAB7A	0.007268665016797619	0.7454675175014716	7	0	0.19197107762190757	1	1
ETFDH	0.011302733165360937	1	11	0	-0.19165022145877467	1	1
CCDC93	0.03535511884310586	1	6	0	0.1909794093895787	1	1
MKRN2	0.009228931709879304	0.1344073919573931	6	0	0.1909666130787273	1	1
SMG5	0.031079484971991183	1	4	0	0.19059770026261358	1	1
CUL4A	0.0027988594476686477	0.1599500347002218	4	0	0.18810223006831184	1	1
LOC113255514	0.0298713098002076	0.5863586224269796	5	0	0.1877529154278087	1	1
AKAP9	0.01628717320513063	1	13	0	-0.18718080181187666	1	1
SNURF	0.026974107870285483	0.010703117526130781	3	1	0.18690582088943608	1	1
ADD1	9.872185342224443e-5	1	8	0	0.18660302642745089	1	1
BPTF	0.005774613360232393	1	9	0	-0.1860456226159506	1	1
GHITM	0.021586908484369484	0.11329148925140256	5	0	-0.18592631471290755	1	1
ND5	0.012771696833781392	0	2	2	-0.18549059338501062	1	1
PDE2A	0.02410692683830176	1	9	0	0.18500172048720298	1	1
IFI44L	8.077456801410858e-4	1	16	0	0.18489200931180994	1	1
MTFR1L	7.162672772154897e-4	1	9	0	0.1848283227081653	1	1
POLDIP2	0.035478669351798026	1	6	0	0.18470371260858096	1	1
TSC22D1	0.01384210102636062	1	10	0	0.18407555451456104	1	1
ADRM1	0.022359220954176463	1	13	0	0.18383480938122024	1	1
AKAP13	0.014457916650249288	0.08857311725903015	18	0	0.18031048940792435	1	1
HADHA	0.005621299818814301	0.05633422107001153	10	0	0.17954142949042287	1	1
G3BP1	0.025718956419837572	1	4	0	0.17846591799892952	1	1
HNRNPM	0.014249799460911327	1	12	0	0.17798060977888172	1	1
UAP1	0.012428157555228702	1	14	0	0.17688160264975164	1	1
TPM2	0.014675705573719422	1	7	0	0.17583778573574618	1	1
CMC2	0.0015169999389984586	1	12	0	0.17576500808993942	1	1
TJP1	3.232108233006623e-5	0.3220005992496391	11	0	-0.17495322254738455	1	1
GOLGA4	3.0764338276518334e-5	1	11	0	0.17453157298013391	1	1
WWP1	0.004690182367245699	1	15	0	-0.17361942886041343	1	1
SPAG9	0.040274333735572515	1	7	0	0.17341987882403098	1	1
HNRNPK	0.03212507067512071	0.685010454974058	12	0	0.17173628319958192	1	1
THRAP3	0.028455779490668583	1	9	0	0.1706897567791078	1	1
PRKAR1A	0.005124518660485436	1	6	0	0.16949486296351288	1	1
VCL	0.0033429501020772155	1	6	0	0.1686661817757824	1	1
HERC1	0.009203044765057804	0.21453100866511107	12	0	0.16865274911408207	1	1
ZC3H11A	0.011121917671378614	1	16	0	0.16856008263289965	1	1
LARP1B	0.008227202091167174	1	12	0	0.16850763930099133	1	1
OPTN	0.009812069089111372	0.0011123983177744798	8	1	0.166160127639716	1	1
RAB14	0.0018304631850720723	1	7	0	0.16376421544964148	1	1
COL3A1	0.011419187299682956	0.4686991362100504	8	0	0.1635383839841832	1	1
EIF2S2	0.034267456573485504	1	7	0	0.1629543960178033	1	1
GART	1.678408511536593e-6	1	14	0	0.16005006809904151	1	1
MYOM1	9.474364828438843e-9	0.11637119282363435	14	0	0.1550811843225013	1	1
MAP7D3	0.028455779490668583	1	12	0	-0.15403682425646018	1	1
PPP2R2A	0.0012964528483661792	1	6	0	0.15379801938291227	1	1
TRAM1	0.01247042126972903	1	4	0	0.1525673608027499	1	1
PNISR	0.04491225506165853	1	12	0	-0.15178546218604178	1	1
IVNS1ABP	0.001998073480445929	0.5889308025127016	9	0	-0.15105364993350345	1	1
YWHAE	4.89455231507501e-9	1	7	0	0.15052442318576567	1	1
ETFB	0.0033429501020772155	1	4	0	0.1492789636809606	1	1
ITGA5	0.025493482492336142	1	7	0	-0.14899847122022336	1	1
NAP1L1	1.0218596046234495e-4	1	10	0	0.1489072536404947	1	1
NBN	0.01247042126972903	1	13	0	0.14791642395436172	1	1
TACC2	0.03483358085433246	1	14	0	-0.1478966816110693	1	1
EIF4G3	0.03203253759077673	1	9	0	0.14678788688826386	1	1
LOC113261698	0.002205564540475257	0	2	2	-0.14669188106576714	1	1
TTLL7	0.035478669351798026	0.5238859149370315	5	0	-0.14629627675124665	1	1
BAZ2B	0.031079484971991183	1	28	0	-0.14590258844452159	1	1
CCNG1	0.014675705573719422	1	9	0	-0.1450432111685555	1	1
CHMP1B	0.0036352576026726833	1	3	0	0.14488479528372045	1	1
LOC113267549	0.024719096912938315	1	8	0	0.1420270977156216	1	1
C1D	0.0038661510609816463	1	4	0	-0.14131205265364757	1	1
DARS	2.4598909084053063e-4	1	11	0	-0.14108277197556865	1	1
SNX14	7.222874982699551e-4	1	19	0	0.13946282895510614	1	1
STARD7	0.0035178235146163025	1	3	0	-0.13632934731365304	1	1
BIRC6	0.017659392938991655	1	9	0	0.13621265662312984	1	1
ATP2C1	0.03593820080044494	1	14	0	0.1330591633030823	1	1
UBE2D3	2.0199256166000937e-4	1	13	0	0.12740923472092114	1	1
ACADL	0.012153416591015277	1	8	0	0.12374428143014699	1	1
PHF14	6.142474996302052e-4	1	13	0	0.12345539511339813	1	1
CREBBP	0.037295816764067076	1	3	0	-0.12061695567861284	1	1
TRIP12	0.012093714815782784	1	22	0	-0.11932965958736622	1	1
YBX3	1.5767339321469692e-5	1	5	0	0.119091766717371	1	1
RNF141	0.01072951928675535	1	9	0	0.11874058053115877	1	1
LOC113253526	0.007838724920982802	1	7	0	0.11801912842447027	1	1
TXNIP	6.063501530805324e-9	1	8	0	0.11796299000060806	1	1
ND1	0.010490336421324442	0	2	2	-0.11566391746605387	1	1
WDFY3	2.3958031112985976e-4	1	5	0	-0.11299383581493176	1	1
ETFRF1	0.02216122362382174	1	3	0	0.11081713709671404	1	1
HSP90B1	1.3500186898125343e-4	1	4	0	0.10522838778616181	1	1
YME1L1	0.03506777375964006	1	7	0	0.1043463100238694	1	1
MCRIP2	0.008511104494626573	1	4	0	-0.10032842738677228	1	1
MKKS	0.038075452912860616	1	5	0	0.09901296962337791	1	1
LOC113249364	0.005570326502932896	1	8	0	0.09730818386386575	1	1
MPP1	0.009146748733546544	1	7	0	0.09511044754316453	1	1
LOC113242918	0.03622811987458615	1	9	0	0.08859914471277963	1	1
HSDL2	0.011359774231764513	1	7	0	0.08129709776143221	1	1
MPRIP	0.028539879918482607	1	5	0	0.0789713235251748	1	1
ABCE1	0.01037165516326041	1	7	0	0.07466914268077879	1	1
SDHA	0.021550859177001596	1	7	0	-0.07389504232476407	1	1
NDUFS7	0.012778306569878222	1	4	0	0.061290846277596005	1	1
