gene_ID	gene_qvalue	minimal_tx_qvalue	number_tx	number_significant_tx	max(Skin-Liver)	pct_gene_expr	max_pct_tx_expr
LOC113257933_NECAP1	3.029329630502778e-4	1	3	0	-0.9999114891966401	1	0.5
LOC113245842_TMEM41B	5.732024368351575e-6	4.918041854331981e-8	3	2	0.9996818367993653	0.5	0.5
FAXC	0.009627882644879212	8.164021885597038e-4	3	1	-0.9762088269854463	1	0.75
KYNU	3.447442264501181e-5	1	3	0	-0.9344526608167925	1	0.75
HSD17B13	2.1744814635197486e-9	1.6879855156131446e-5	4	1	-0.9194774764965074	1	1
PLEKHA4	8.385264181903632e-13	3.7566871973150506e-14	4	2	-0.9177172499666398	1	1
HECW2	5.415823647582997e-4	4.49927010626044e-4	3	1	-0.8838035712973441	1	0.75
LLGL2	4.1821464503713046e-5	5.483563955380242e-4	3	1	-0.881752242818607	1	0.75
GRHL1	5.164585653926048e-5	1.4004091730412904e-6	3	2	-0.8678777804631062	1	0.75
WDR47	1.515811583064692e-5	3.480719263316247e-6	4	1	-0.863735731207174	1	0.75
PIDD1	0.03680937776117865	0.007338753329683316	3	1	-0.8573260769030412	1	1
ARHGAP30	0.0014965076746956238	3.100139437565879e-4	3	1	-0.8452768193388293	1	0.75
ZNF365	0.002152834224917093	1	5	0	-0.844844138983557	1	0.75
IRF8	7.20588804616777e-4	0.9455153961214867	3	0	0.8428841608450699	1	1
POU2F1	0.024322519989007745	0.004544371595007914	3	2	-0.8345943717234952	1	1
CLSTN3	0.010922865665658272	0	2	2	0.8246350288054107	1	0.75
SLC2A9	9.738421772781853e-8	1	9	0	-0.8206006064043077	1	0.75
IL1R2	0.010183476747887495	0.1260339289092224	3	0	0.8205307119657418	1	1
PARP11	0.029928717637022324	0.23888420612552042	3	0	-0.8178104627422751	1	0.75
ZBTB7B	0.004574756755662265	0	2	2	0.8177135061499676	1	1
BHMT	4.8044020092849807e-4	0.014158826275422838	4	1	-0.8058467559747634	1	1
RAB27A	0.009409067944926875	0.006881660676070825	4	1	-0.8006769851636141	1	0.75
CARMIL1	0.01595934870029478	0.00653874094788162	4	1	-0.7942183885433076	1	1
CLCN5	0.02234891937801047	0.18546853581219006	3	0	0.793853592684912	1	0.75
PFKFB1	0.038163932414824804	0.004476674457944613	10	1	0.7929437900438319	1	0.75
ACKR2	0.02234891937801047	0.007562216410729585	4	1	-0.7917965376944713	1	1
OCRL	2.1225828166066118e-5	5.6484356036245486e-5	5	2	-0.790539052289996	1	0.75
DCAF1	0.015416470183924686	0	2	2	0.7889299262932472	1	0.75
LOC113246844	0.010671276062574384	0	2	2	0.7887220653984137	1	0.75
CEP162	0.00113922502714924	0.0029007139901478882	5	1	0.7883429418098686	1	1
E4F1	0.0015078442394148041	1.6415286707430147e-4	5	1	-0.7867823403111772	1	1
CNTN4	0.01370412116617856	1	3	0	-0.7854944241339509	1	1
LOC113257928_SLC2A3	0.025912021662881878	0	2	2	0.7796755853444093	1	0.75
DCLRE1C	0.009612455111303467	1	4	0	-0.773448499128532	1	1
LOC113252104	0.018390761025144583	0.004081124125999427	7	1	0.7721932842226166	1	1
MFAP5	0.049031636111008484	1	5	0	0.7710285013315351	1	0.75
AOC2	1.2580209717076172e-5	0	2	2	-0.7703011639140426	1	1
EXO5	0.005192792769804906	0.037565519684759	4	1	-0.7689652064923982	1	1
PIGR	6.041810078916195e-5	4.996974585305184e-6	5	1	0.7686466002895493	1	1
DOCK4	0.034246387027695925	0	2	2	0.7665900816653357	1	0.75
STAB1	0.013298710543198726	0.02286641820478954	3	1	-0.7654556446867509	1	0.75
OTC	1.2656804658890763e-12	3.3874806166860846e-6	5	2	-0.7591655692349439	1	1
PCSK6	3.3361095022584176e-5	4.854916523618383e-6	3	2	-0.7586513826148311	1	1
MMP12	0.017188605018741365	0	2	2	0.7575812990466086	1	0.75
KLKB1	6.041810078916195e-5	5.901660931622943e-7	7	1	0.7549522543714606	1	1
ABCC2	4.856494182232382e-13	2.5509904562215528e-11	6	2	0.7544061687340254	1	1
PNKD	0.018748439599660115	1	5	0	-0.7543503920580051	1	0.75
ANKRD6	0.031762172698551666	0.8595109714565442	5	0	-0.7538039845292237	1	0.75
SLC10A1	0.042305906983100994	0.8509095817047638	4	0	-0.7532422238881147	1	1
HGD	0.04830020856812433	1	8	0	0.75231255901497	0.75	0.75
EML6	0.018748439599660115	0.906951654785086	3	0	-0.7522689882277557	1	1
TMEM106C	0.02992863176539146	0.04712212828140617	3	1	-0.7520233386204064	1	0.75
DDR2	9.763688081758939e-4	0.0029665014790994345	4	1	-0.7493167783691511	1	1
ACSL5	1.0512307667969147e-5	0.014005407587501307	4	1	-0.7476292316411172	1	1
LOC113244531	0.037434953655446475	0.030481263405963018	4	1	-0.745617806164258	1	0.75
FES	0.0029063465848398955	1	5	0	-0.7437935475245931	1	0.75
PDE4A	0.036835181565988695	0.10390165874426285	4	0	0.7369853954055966	1	0.75
TNNI3K	0.012031404038402648	1	4	0	-0.7357803028840398	1	0.75
C4BPA	2.1331269680495332e-8	0.0026016825150209193	6	1	-0.7353820303567971	1	1
CUNH1orf116	0.008753543609113524	0.2592717574035695	3	0	0.7352087804058405	1	1
MRPL4	0.0027275969910916945	0.0018832151005470261	3	1	-0.7298486341737196	1	1
FGG	1.687932517027636e-5	0.03680556171827948	4	1	-0.7293606712365502	1	1
AP5Z1	0.0013616367279636644	4.485331765284738e-4	6	1	-0.7230319820259092	1	0.75
SERPINA3	3.447442264501181e-5	9.232049628141571e-6	3	1	0.7225540720968853	1	0.75
SPARCL1	2.019316562862549e-7	1.271333027335968e-4	8	2	-0.7174050804618797	1	1
ADGRG1	0.005958206821024626	0.0016619991866520046	3	1	-0.7078335833432343	1	0.75
RCL1	5.543145380031982e-19	1	8	0	-0.7062971694376097	1	1
PQLC2	0.0014826692958026107	0.019778559917359	3	1	-0.7041006589652847	1	1
LMTK2	7.250833715019269e-6	0	2	2	-0.7040932098914343	1	1
ASGR1	0.04335079156001563	0.13096868299125858	4	0	-0.6959802672994855	1	0.75
TCEAL1	0.020884637802717612	0.005301326648992679	4	1	-0.6951336818936383	1	0.75
C2CD3	0.002045898841133284	8.697594701928516e-4	3	1	-0.694838369928203	1	1
FLOT1	0.0012503110556773014	0.005991458269613491	9	1	-0.6840217046221404	1	1
TUBE1	0.0333296433480417	0.07488912060199189	3	0	0.68259086272102	1	0.75
CEP170B	7.52610443096278e-6	0	2	2	-0.6768573926206954	1	1
ASTE1	0.028318771836092098	0.15155611644623776	6	0	0.6767674702329816	1	0.75
HDAC5	0.016554240347020053	0.09787404627124027	4	0	-0.6727522674930317	1	1
FITM2	1.2479173869495486e-8	5.590011072163581e-9	4	2	-0.6708799200914823	1	1
novelGene_OGFOD2_AS	0.012255292974373989	0.15358019903930487	4	0	-0.6690004091779692	1	1
NCAM1	1.4864116114346766e-4	0.017209161107193387	5	1	0.66595465160465	1	0.75
RBBP5	0.03466299104911567	1	13	0	-0.6628107865169927	1	0.75
SYNGR1	0.015233076666039236	0	2	2	0.6620987715949691	1	1
RAB40C	0.017155815024998813	0.010869092120702637	3	1	-0.6616211262697189	1	1
DLC1	2.333256530962014e-7	0.0019529612021529574	5	1	-0.6606193223095277	1	1
SLC22A3	0.017155815024998813	0.06895345269443376	4	0	0.6590068125713688	1	1
HLF	0.0017191562362944034	0.0013875635928761538	4	1	-0.6560132383175603	1	0.75
COL18A1	2.6970601420511316e-6	0.002362393969382773	7	1	0.6541921694645918	1	1
CSF2RB	0.006807198970433652	0.6342609663436646	3	0	-0.6501149144105768	1	1
INIP	0.011379497389486355	0.01180754482190145	3	1	-0.6452340596172853	1	1
SLC7A2	1.0541130745212133e-11	1.516865580064028e-8	6	1	0.6414775010394611	1	1
SUGP1	0.03819719754891704	0.1173960067025591	6	0	-0.6403155440501879	1	1
ELOVL5	4.886161940257384e-4	0.008866208371366514	14	1	-0.6398428444097701	1	0.75
DTX3	0.042305906983100994	0.3882538743780331	4	0	0.6391325153177834	1	0.75
MRTFB	9.120261206144506e-5	0.00726046285139362	6	2	-0.6371308615062554	1	1
BPIFC	0.02510908688360358	0	2	2	0.6364319432289999	1	1
DCN	2.798289200443433e-8	0	2	2	-0.6354367371497434	1	1
GPT2	0.04701633450723423	0.032538558337056565	5	1	-0.635011977656264	1	1
CAMKK2	0.0012660496379607543	0.07726233881146564	11	0	-0.6337690002143515	1	1
SLC7A1	0.047687548493771714	0.01285531414831624	4	1	-0.6335056573934594	1	1
PHACTR1	0.03929901043578729	0.06799722428227079	5	0	-0.6324647035167555	1	1
DAGLB	0.0011840472018312715	0.005387950156091412	7	1	-0.6323120399170024	1	1
CPA1	0.0415843265387525	1	3	0	-0.6295443528450867	1	1
STAB2	0.020932882695978733	0.005035196040736725	3	1	0.6283152177886747	1	1
SLC39A14	1.5264835708911053e-4	0.011425442087896823	5	1	0.6276955128635853	1	1
ALG13	0.005575203099886786	0.013333405098258514	4	1	-0.6246193845280736	1	1
RHBDF2	0.020587035455019033	0.014349270360176065	4	1	0.6231521974172494	1	1
HSF2	2.941461273434247e-10	0.2803454633942737	6	0	0.622858639388271	1	1
WRAP73	0.017155815024998813	0.0053765555859883836	7	2	-0.616992724482803	1	1
LOC113252115	0.011393691374850355	0.0023428146173515834	3	2	-0.61684311603449	1	1
PARN	0.034246387027695925	0.012174220209002369	8	1	-0.6109399599421772	1	1
IRAK4	9.82828809591297e-4	2.776482818118574e-4	13	1	-0.6071229937184164	1	1
RTN4	5.70014959734233e-4	1.636359319963503e-4	5	2	-0.6067838681515837	1	1
PPP1R13B	0.0385939662674861	0.16142373062162874	5	0	0.6045043476587035	1	1
IDO2	0.00297213689150361	0.0015313419700719335	3	2	-0.604189222203984	1	1
ZNF229	0.008027362696900828	0.012243332506722701	3	1	-0.603232349479997	1	1
APEH	6.813066786477284e-6	0.005277820080796456	9	1	-0.6002983322891968	1	1
RPS24	5.297598448553642e-17	9.613565010661176e-18	3	3	-0.5973761481394745	1	1
LIMA1	0.002453944274452428	0.04084372558641724	5	2	-0.5963242842641059	1	1
KLHL12	0.033094661772352166	0.1918870422946316	8	0	-0.5953981008104192	1	1
HIBCH	0.03929901043578729	0.01990429129165824	7	1	-0.5944859427545771	1	1
APOL6	0.01782709522558997	0.01905013670434574	4	1	-0.5906634046197471	1	1
TBC1D8	0.001244587087537405	0.0555435301371069	5	0	-0.5903831991439167	1	1
TULP4	0.0061658656674110695	0.0015897442688966124	3	1	-0.5902052047914619	1	1
LOC113244018	0.0016502923298600497	0.41061773426830545	3	0	0.5901326554647545	1	1
FBXW7	0.036835181565988695	0	2	2	0.5891092081098198	1	1
SUV39H1	9.502129440232611e-4	9.392601504398719e-4	3	2	-0.5884576229502112	1	1
PDE2A	0.034246387027695925	0.5541518713795385	7	0	-0.5884478039906786	1	0.75
LOC113248767	0.0027275969910916945	0.052243321676745454	4	0	0.5877905023887214	1	0.75
TMEM135_LOC113269409	0.002943480555345714	9.35739614701989e-5	3	1	-0.587675616891436	1	1
HPN	1.6641356140133675e-7	6.24593433213872e-8	6	2	-0.5837948217591283	1	1
CENPC	2.3393596190758495e-4	2.592594475058999e-4	5	1	-0.5836014910622117	1	1
EIF4A2	3.736626130680621e-12	6.765104841134183e-10	6	2	-0.5831425866762606	1	1
RNF157	0.048134692601872496	0.7000059399499211	4	0	-0.5809515343660858	1	0.75
RAPGEF5	3.616621314817368e-8	1.4095885448478846e-8	4	2	-0.5804961116591623	1	1
GLT8D2	0.0038832907183783596	1	10	0	-0.5784297857752763	1	0.75
LIAS	0.028552364810946272	0.0370175470708948	6	1	-0.5760274658357116	1	1
NDUFV3	0.008587462882496504	0.002090674308518068	3	1	-0.570019715554561	1	1
DOCK11	0.005946092528185413	0.0013580609949325742	5	1	0.5689275820381614	1	1
TULP3	0.020070528382147262	0.1602236887770185	5	0	-0.5682785775927804	1	1
KIAA1522	4.99093282939791e-4	0.0029682763757215734	3	1	-0.5682656310276232	1	1
COLEC11	0.00994453832366118	0.09342964577834331	4	0	-0.5662882810944728	1	1
LRRC8A	0.020468928470610073	0.05488321753617525	4	0	-0.5655890077075576	1	1
TIMD4	0.022791511675778846	0.45512161192742034	5	0	0.5644704172485834	1	1
BIN1	0.0016542553621660947	0.15761738263855413	11	0	-0.5616787917424565	1	1
ACO2	0.04950065219057243	0.2958743108226146	8	0	-0.5594845205538079	1	1
AAK1	6.512182314798367e-4	0.01895525107262623	12	1	-0.559251658478921	1	1
ARHGEF28	0.011022384854394893	0.01949145012065704	4	1	-0.558993703880901	1	1
PFAS	0.031788115337813325	0.40388306198509516	5	0	-0.5583321641191122	1	1
CFL2	0.005634246017309653	0.002027703519136639	7	1	-0.5578739811554058	1	1
LAMA3	6.576839715870669e-4	0.0022660656007761873	5	1	0.5566986897057604	1	1
CBLB	0.004796310543458364	1	7	0	-0.5564502938099696	1	0.75
SEMA6A	0.028409960900327044	0.008412867522906814	3	1	0.5558288246684884	1	1
SYNE3	0.017155815024998813	0.005895621537773739	7	1	-0.553379057876541	1	1
HDAC4	2.0837377655179726e-4	0.007417385433387931	5	1	0.5526637413189052	1	1
ACP5	0.031320223294080185	0.021228306211256015	3	1	0.5521234803979899	1	1
LOC113247244	0.0023253507865856294	0.009728466747437095	4	2	0.5497309749859389	1	1
SSH3	0.044556965939322	0.0949509752854907	9	0	-0.5481034339348364	1	0.75
DAPK1	0.01429815250579767	0.05372224003640985	3	0	-0.5475920903931586	1	1
MDM2	0.013298710543198726	0.12272694543914359	8	0	-0.5443625823095972	1	1
ACSF3	0.037426768135440505	0.2948850143953958	8	0	0.5442198963726073	1	1
HPD	0.0020254338524345592	0.25619101611763534	6	0	-0.544117358827292	1	0.75
NFATC4	6.512182314798367e-4	0.5422998331128129	7	0	-0.5401016739400862	1	0.75
BAIAP2	0.01077436894833214	0.022714955253065373	5	1	-0.5379339994396268	1	1
RIN2	6.471194045957289e-5	8.925366403156616e-5	10	1	0.5363318220647477	1	1
HTD2_RPP14	1.085908816172319e-6	3.744417278496175e-7	7	1	-0.5357704012286164	1	1
TRAF1	0.04020553358744735	0.12095198619439101	6	0	-0.5349557667620375	1	1
PROSER2	0.027476439584587332	1	6	0	0.5349064726962807	1	0.75
GTPBP8	0.020070528382147262	1	6	0	-0.5343626358109144	1	1
COG6	0.024530769608831805	0.13805263882915964	4	0	-0.5341913480962321	1	1
RBBP8	0.003675128188074356	1	6	0	0.5341464689653144	1	0.75
RABGGTB	3.8207032000069405e-5	3.192380374466662e-5	4	1	-0.5324368808018138	1	1
TMEM45B	0.016698329151060738	1	5	0	0.531777161042888	1	0.75
ERC1	0.0014826692958026107	0.0022933043173710686	4	2	-0.5314876394769585	1	1
CD44	0.031788115337813325	0.17777630490518898	6	0	-0.5290727135821268	1	1
SLC27A5	0.0031310261824413826	1	9	0	-0.5281644108987095	1	1
CUNH15orf40	0.007378269852140092	0.006583364804432684	8	1	-0.5273655611235675	1	1
PGF	0.04701633450723423	1	6	0	-0.5249161932912706	1	0.75
SLC23A2	0.008476806712344836	0.003563490726795131	4	1	0.5241682841513888	1	1
LOC113248754	0.035787588271658316	0.009347430108371262	3	2	-0.5206606231193196	1	1
ATR	0.031236358246269642	0.015798605251327463	5	1	-0.5189189228940442	1	1
AMDHD1	0.04477386707342414	1	8	0	-0.5187509513524009	1	0.75
GUF1	0.0061658656674110695	0.004060192407763304	7	1	-0.5157242610782772	1	1
RALB	0.003675128188074356	0.029060594972336498	5	1	-0.5142058744640635	1	1
CD99	3.7160456568770056e-12	6.750507650879953e-13	4	2	0.5135598216378858	1	1
UVSSA	0.009236678073379044	0.18077158141842176	6	0	-0.5133793742533825	1	1
WDR37	0.023144272143978024	0.864842222778958	8	0	0.5130024481658181	1	1
DPP9	0.003252828729098022	0.37791118099828014	5	0	0.512717657867733	1	1
NFIC	0.02483038557787341	0.018990557505941818	3	1	-0.5092493160249734	1	1
FMO2	0.0043581183648487825	0.235717230484382	7	0	-0.5080024951758926	1	1
PCDH7	0.015822982337830502	0.0015004837357219685	3	2	0.5037278640512369	1	1
LOC113244055	0.02751723723754981	0.002394059152071617	4	2	-0.5036968162029187	1	1
ADCY6	0.009013473672552529	0.27874421624775975	6	0	-0.5008100895905654	1	1
EBF1	0.0029338142279769367	0.3425147135285809	4	0	0.5007516929480281	1	1
INO80D	0.0032457147202479154	1	5	0	-0.5000505549301864	1	1
FAM219A	0.008906544822948738	0.015104945314380383	3	1	-0.499980251664586	1	1
FPGS	0.007335388076031953	1	4	0	-0.4995025885276055	1	1
TEX10	0.003675128188074356	1	6	0	-0.4993664751574387	1	1
TMEM97	0.001757596311487565	0	2	2	-0.4963024501141864	1	1
TPM4	4.1821464503713046e-5	0	2	2	0.49445611632256464	1	1
LOC113253457	0.007670613596624452	0.021470391220908026	8	1	0.49418684352637365	1	0.75
ZNF41	0.02666705568109725	0.09943520866508106	3	0	-0.4941738676900389	1	1
NAGPA	0.002605610839267998	0.025921576742879312	4	1	-0.49352848458008586	1	1
KRT10	0.004722045815392068	0.0011384788854932521	3	1	-0.4924883850651782	1	1
MINDY2	0.008598051591760135	0.08910463490751812	4	0	-0.48972976783185324	1	1
SUGCT	2.243072579391963e-4	0.022146547762849966	5	1	0.48832260374144004	1	1
MMS19	6.041810078916195e-5	0.6160609982905745	9	0	-0.4880427633258775	1	1
WIPF1	0.007368658792941534	1	4	0	0.4842351541094755	1	1
PRTFDC1	0.04977865844198541	0	2	2	-0.4837871503568183	1	1
CTBP1	0.028552364810946272	0.03773713951486576	3	1	-0.47884958633393016	1	1
EIPR1	0.017661654667088723	0.042580315734650334	5	1	-0.47829979489463825	1	1
ALKBH1	0.0153807270091929	0.18909375316968224	5	0	0.47621368249626317	1	1
POSTN	1.3820672806361069e-10	6.170316267560557e-10	7	2	-0.47465870703213503	1	1
EXPH5	0.0325843548185452	1	4	0	-0.4741940565044701	1	1
THRB	0.02162032407051152	1	10	0	-0.47384438560800934	1	1
SLC39A7	0.01782709522558997	0.03967671288822868	3	1	-0.47349074825933246	1	1
SLC9A8	0.0019486135609280372	0.01345922954740693	6	1	0.47277094801661995	1	1
KRIT1	0.04413937327061658	0.02649745070288458	6	1	-0.47249218615438376	1	1
SH3D19	5.70014959734233e-4	0.004268439815763787	6	1	0.4716687339141684	1	1
LMF1	0.023144272143978024	0.003326480812700469	3	1	-0.46772973586187705	1	1
PIAS3	0.03334284180375208	1	6	0	-0.46644058666279054	1	1
PPFIBP2	0.022736537790984748	0.032758031133869076	8	1	-0.4663841646994327	1	1
POLDIP2	0.0042136897857651895	0.06635261937373906	4	0	-0.4661191387203455	1	1
SLC39A11	0.00810679603319318	0.5579729935075596	10	0	-0.46464066649336544	1	1
NECTIN2	0.03929901043578729	0	2	2	-0.46452137629612755	1	1
ALKBH3	0.0015078442394148041	0.011287489016513158	6	1	-0.46410049532192654	1	1
PDGFC	0.0012660496379607543	0.03498756662628767	3	1	-0.4615597518383525	1	1
PSAP	4.488574009845497e-5	4.994615292816033e-7	3	2	-0.46068288306431593	1	1
YWHAH	0.040622294408888	0	2	2	-0.4601537580792012	1	1
LOC113252430	0.020932882695978733	0.23984822769832598	4	0	0.4598928844087835	1	1
HEXA	0.04621187109876467	0.13104163267188837	7	0	-0.4592248240509105	1	1
ABCG2	4.254430657227052e-8	0.005572230250809208	13	1	0.4577560687309782	1	1
UTP20	0.039709609251841325	0.007053274896556065	3	1	-0.45734366411102234	1	1
STX3	0.008906544822948738	0.1950206602282543	4	0	-0.45627616950225053	1	1
CDON	0.023404081807772828	1	5	0	0.4561892298171413	1	1
MPDZ	0.004506586826031646	0.5464007507662839	10	0	-0.45607928693981725	1	1
SCP2	2.1680256218328217e-19	1.42733324378993e-8	6	2	0.4553772621539352	1	1
PQLC1	9.342742814543199e-4	0.01349117418597768	6	1	-0.4542626170519485	1	1
EPSTI1	0.0020254338524345592	1	5	0	0.4540437213191417	1	1
SLCO2B1	9.025079050834895e-5	1	12	0	-0.45125970760282824	1	1
ZNF146	0.005946092528185413	0.14000628984274488	5	0	0.4508015007986447	1	1
MTSS1	1.8841620806020687e-5	0.0018253767969511894	9	2	-0.4496139246137466	1	1
PLS3	4.315609571049239e-6	9.379150167368039e-7	3	2	-0.4468328624665697	1	1
CRB3	1.3471605258987522e-4	1.689343696273829e-4	4	2	0.44589219415441966	1	1
DDX41	0.019514461491276964	1	12	0	-0.44528158588844763	1	0.75
DDX56	0.030281016178830118	1	11	0	-0.44341693859855685	1	1
SREBF1	9.750441065708441e-6	3.465335610294284e-4	6	1	-0.44301146521223916	1	1
UBE2G2	0.006839702267502049	0.0021526935239897203	3	2	-0.44238879347162596	1	1
ZNF236	4.910996445306891e-4	0.03661579404507227	4	1	-0.43953732871608964	1	1
ULK2	0.0010645598048250108	0.004046086178796418	4	2	-0.43675587211253103	1	1
RAB6A	0.007845823755127898	0	2	2	0.43653777863820736	1	1
ANKRD28	0.027476439584587332	1	10	0	-0.43519993879278684	1	1
HNRNPA2B1	0.0014139683571406938	9.991181600731136e-4	8	2	0.43487637771506515	1	1
LOC113247645	2.006128900367602e-6	4.643670995583481e-4	7	1	0.43410356347669665	1	1
SLC25A39	0.0017825549445720824	1	3	0	-0.4337349945123501	1	1
TSC1	0.003252828729098022	0.12281123787133702	7	0	-0.4326410287035067	1	0.75
PRDX5	0.0070838859662509055	0	2	2	-0.43242494411952614	1	1
VNN1	0.008775546563482416	1	10	0	-0.43241221397525503	1	1
SMIM19	0.00925071508514011	0.15430331314334178	9	0	-0.4320022835541233	1	1
ATP6V0D1	0.03501395069398138	0.008705265283640472	3	1	-0.43019686451006384	1	1
SPAG9	0.01569765351947397	0.01972266832205935	5	1	-0.42991385147027766	1	1
FAM189B	0.039709609251841325	0.1737913538731024	4	0	-0.4265478871202498	1	1
MBTD1	0.001621872876357231	0.6991640193703741	6	0	-0.42640981621119106	1	1
PABPC4	0.036835181565988695	1	7	0	-0.42612792956480305	1	1
TMX1	0.013920988699396572	0.0015173828452738844	4	1	0.4250399792563205	1	1
XG	0.00247072944287485	0.057282975883340984	5	0	0.4233933493571309	1	1
COL6A3	6.799575658074383e-4	0.011603399230772886	6	2	-0.4230896004660285	1	1
ENPP3	0.020198324953235786	0.6085320683123069	8	0	0.42241470045005414	1	1
HPGD	0.044556965939322	0.8809106011893537	3	0	0.4223521733722491	1	1
AP5M1	0.03232678114534513	1	6	0	-0.4208814706750078	1	1
FAM208B	8.993416589870123e-4	0.005302687003923206	6	2	0.42083499773334326	1	1
TATDN2	0.018497905566778477	0.009642405339493107	4	1	0.42066873266962646	1	1
PRXL2A	0.04536850147565628	1	7	0	0.4204576214412595	1	1
WDR45	0.04838504144689065	0.7808957461973307	10	0	-0.41984019307752796	1	1
MYO1C	8.292050211779796e-4	0.31031113061113935	9	0	-0.416528413522411	1	1
ACOX1	2.3614851838892714e-6	2.3181918073683418e-5	8	1	-0.4160415219228136	1	1
RGS14	0.029928717637022324	0.6359807715560737	7	0	-0.41437380479731933	1	0.75
MAP3K8	0.008349664397999241	0.180970067655527	5	0	0.4134891109469987	1	1
SLC35C2	0.01077436894833214	1	11	0	-0.41189524777291575	1	1
DNAJC9_MRPS16	0.0466373456751309	0.010175537969318237	4	1	-0.4099764612215876	1	1
C3	0.039665611886349476	0.10486171788809985	9	0	-0.4094782992469749	1	1
TGDS	0.020684483391194657	1	9	0	-0.40818505677853334	1	1
LAS1L	2.243072579391963e-4	0.22022800566617529	11	0	-0.40793708067944234	1	1
ARHGEF10L	0.005856728949943397	0.8091550449119289	6	0	-0.4072903466324327	1	1
WNK1	0.0012970843286034752	0.04622212843318119	9	1	0.40616806751457735	1	1
FAM118B	0.038143839144745686	1	7	0	-0.4059699082125267	1	1
DERL1	6.198575163524337e-4	0.6517587086474093	6	0	-0.4057212415575339	1	1
SHC1	0.03680937776117865	0.2277061314280631	7	0	-0.40400783395614404	1	1
GEMIN5	6.942948205598686e-4	1	4	0	-0.401823764722002	1	1
OTULIN	0.00297213689150361	0.010854414281765692	4	2	-0.4016656148018911	1	1
MYO9A	3.371436722327325e-7	0.0020412048877478926	6	2	0.4013688638683606	1	1
CPN1	0.00297213689150361	0.026594728612954626	7	1	-0.39982917745826624	1	1
RRN3	6.182991364075805e-5	0.029809561151183932	6	1	-0.39831011209112943	1	1
CADM3	0.010052218151920506	0.9422125838173524	3	0	0.39814515548566626	1	1
CDH5	0.0017665352823781645	0.423564715475785	9	0	-0.39787310822478805	1	1
SLC41A2	0.035787588271658316	1	4	0	-0.3960890155673939	1	1
LOC113260329	5.415823647582997e-4	0.03612829286856419	7	1	-0.3943198482450007	1	1
PHACTR4	0.04838504144689065	1	7	0	-0.39356582104042803	1	1
TCOF1	0.0018834286722293004	1	10	0	-0.3934895592735561	1	1
IL13RA1	0.0016542553621660947	0.3214114311146726	6	0	0.39260979660512674	1	1
CFLAR	0.040622294408888	0.058614920256306276	9	0	-0.3913812134565447	1	1
MKRN1	0.008919369163665524	0	2	2	0.39015682415317854	1	1
COL12A1	0.047687548493771714	0.2777853212639482	4	0	0.3891426059444345	1	1
ECI2	1.2580209717076172e-5	0.04788322012146906	7	1	0.3890818733031997	1	1
RALY	0.006109327063613	9.392510607888243e-4	4	1	-0.38844845351205426	1	1
IQSEC1	0.005856728949943397	0.0865292189114317	7	0	-0.38839511917629954	1	1
LRRFIP2	0.024915550106994033	0.05779806568302324	6	0	-0.38634075607559143	1	1
SH2D4A	0.04064304966811768	0.02049278336876554	4	1	0.3850163482758565	1	1
LOC113246291	2.0837377655179726e-4	0.0715636588289676	8	0	0.38378607105740764	1	1
DOP1A	8.191365785485092e-4	0.15254738991238992	4	0	0.3831866068386352	1	1
IRF9_REC8	0.04227178698828508	1	9	0	-0.3823610919975591	1	1
RANBP3	0.003675128188074356	0.042773068890326886	13	1	-0.38230022386684726	1	1
RAD54L2	0.04267684899427051	0	2	2	-0.3811352082436915	1	1
KANK1	0.021305098642621246	1	8	0	0.38080586086666024	1	1
MYL6	0.008476806712344836	0	2	2	-0.38037599711694714	1	1
LOC113244749	0.037808960387591205	1	4	0	-0.3784148712983953	1	1
C5	0.007280337359328908	0.06234738787073721	7	0	0.378015940793696	1	1
TMEM260	0.0011537574402243705	0.22401395023876464	7	0	-0.37769027629956153	1	1
BBIP1	0.003675128188074356	1	7	0	0.3766400306692585	1	1
SLC38A4	0.016654131869300245	1	8	0	-0.3762354250016507	1	0.75
STK3	0.006542415008218829	0.2306064094715501	8	0	-0.3754779035389249	1	1
SPINT2	0.03680937776117865	0.007570015157327417	3	1	-0.3739365208262422	1	1
CUNH9orf43	0.012560210593017422	1	8	0	-0.3729235765942151	1	0.75
TBL3	7.718908307405102e-4	0.014608682437014645	8	1	-0.3724932508229438	1	1
ECM2	0.018864325368798493	0.6654745132193439	9	0	-0.37228001551424744	1	1
LRRC61	1.715786406304706e-4	0.353397669125854	8	0	0.37225670533524635	1	1
ZNF516	0.036835181565988695	1	4	0	-0.3719368340333303	1	1
TRAPPC11	6.942948205598686e-4	1	8	0	-0.3716549664578677	1	1
MPRIP	0.010177985625273004	0.014389668105626066	6	2	-0.3708265819019948	1	1
JADE2	0.0115408927232723	1	8	0	0.3703572345898127	1	1
COL14A1	0.031762172698551666	1	9	0	-0.36902904905485967	1	1
NUP107	0.014825471594071155	1	5	0	-0.36893705460401965	1	1
FBLN1	2.630265337722746e-6	2.5444986877547563e-6	4	2	-0.36740475933127004	1	1
SENP7	0.004938224342182321	0.0020170295220473945	5	1	0.3669835813270449	1	1
RAB3GAP1	1.6124661039535723e-4	0.061018611330935356	6	0	0.36613797065442283	1	1
LOC113262286	1.5717774471102891e-9	1.0072732132387408e-5	13	2	-0.36594063155602113	1	1
CFI	5.126973536003667e-4	1	11	0	-0.364599977280977	1	1
GNE	0.007004957769131738	0.22846926455374264	9	0	-0.36236945232175904	1	1
UGGT1	0.004938224342182321	0.17134974353762375	6	0	-0.36139281256320416	1	1
CES3	0.01077436894833214	0.5888182489636494	9	0	0.36026819289430106	1	0.75
C2CD5	0.02521345379149704	0.7238437156240599	12	0	-0.3587786054507549	1	1
TBC1D15	0.049031636111008484	0.7592345944020168	8	0	0.35839580669612303	1	1
FAM214A	0.010671276062574384	0.4109487756738243	7	0	-0.35757103881759145	1	1
AKTIP	0.005856728949943397	0.44503042084579875	9	0	-0.35722534467757033	1	1
PRKAB2	0.011379497389486355	1	9	0	-0.3572013575196308	1	1
TSC2	0.010177985625273004	1	9	0	-0.35719507642352655	1	1
UAP1	6.782930878741913e-4	1	10	0	-0.3558639899005223	1	1
PRRC2C	4.856831474988402e-7	2.925995039847198e-4	8	2	0.355118481839016	1	1
WARS	0.03597059374481333	0.2781438738110389	10	0	-0.35506436696961025	1	1
ENOX2	0.008848446401597307	1	11	0	-0.35360813396054147	1	0.75
ALDOB	0.020070528382147262	0.2537980190965824	6	0	0.35175838446178637	1	1
PPM1G	0.020684483391194657	1	3	0	0.3511564281163762	1	1
RPL38	0.005293057041204468	3.7215247142686813e-4	3	2	0.34937742334541044	1	1
NDRG2	1.1290838082701607e-7	2.0101246763305163e-5	8	1	0.34743106512426364	1	1
LOC113264906	0.029769349592824686	1	6	0	0.3459613830081823	1	1
LOC113251245	3.8610753926674005e-4	1	12	0	-0.34572836238839744	1	0.75
ABCA9	0.044686276268139646	1	8	0	-0.3457081441587118	1	1
CFH	0.004796310543458364	2.230105052258323e-4	5	1	-0.34513375140612207	1	1
MAST3	0.0016542553621660947	1	6	0	-0.34464805779553875	1	1
DGLUCY	0.043183133691215424	1	9	0	-0.34201598273849104	1	0.75
C1S	0.002041142783196417	3.305688973939461e-5	4	1	-0.34194517472862124	1	1
CEPT1	0.01116101591565073	1	13	0	-0.34165528465970024	1	1
VPS13A	0.03499344466824452	0.03323121452670719	5	1	0.34030383603700814	1	1
LOC113248432	0.04937778125388289	1	5	0	-0.3390127947136446	1	1
THUMPD2	0.030050624520893753	1	10	0	-0.338155100648179	1	0.75
JAG1	0.018924270691253534	0.0032358920184399264	3	2	0.33779077062930607	1	1
CFB	0.04494893854335356	1	8	0	-0.3359534652646609	1	0.75
ADA	0.035787588271658316	1	11	0	-0.3335112278656813	1	1
CTNNB1	0.012435773195327604	0.011395143821047537	6	1	-0.33301840254920007	1	1
ARHGAP24	0.008848446401597307	0.6993118590503105	5	0	0.3323694734048036	1	1
FAM234A	0.03501395069398138	1	8	0	-0.3321187969797051	1	1
LOC113243547_LOC113243545	0.04539058109305765	1	12	0	-0.3319972773412042	1	0.75
LOC113245319	0.018351660986858715	0.004628203671956167	4	1	-0.3318256818325901	1	1
ZCCHC8	0.0141780365248397	0.11790731375311735	5	0	-0.3258233805399431	1	1
GRAMD2B	0.0062331374844207844	0.022721038379473445	4	1	-0.3255389015597097	1	1
FAM45A	0.0153807270091929	1	10	0	-0.32306593949744977	1	1
MDN1	0.024824461449588834	0.0034525727238792054	3	1	-0.3226767788877974	1	1
TACC1	0.005856728949943397	0.979526727545958	11	0	-0.32257824453377676	1	1
SLC33A1	0.004506586826031646	1	6	0	-0.32112215664988997	1	1
MIA2	0.0031979843393070135	0.6024961881492732	11	0	0.31995313751824017	1	1
PREPL	0.012255292974373989	1	9	0	-0.3199147377289016	1	1
JADE1	1.7847460362111297e-5	0.019608051295116277	7	1	0.31891509959608244	1	1
CTCF	0.03501395069398138	0.55745886081863	4	0	0.31856425239791053	1	1
RAB43	0.03178553353902764	0.67693380917046	3	0	-0.3173777796969899	1	1
NFRKB	0.02347970817595666	1	8	0	-0.3173201743928775	1	1
CC2D1A	0.029471226017847067	1	5	0	-0.3172306832841998	1	1
MYLK	0.018296904473777596	0.023078015092594318	7	1	0.3164693953282586	1	1
ATXN7L1	0.039804690741952274	1	7	0	-0.3156253437582223	1	1
CCDC186	0.010671276062574384	0.20890240273751715	4	0	-0.31533709011916267	1	1
TRPM3	0.04359402578957784	1	4	0	-0.31505660513431644	1	1
MED25	0.011393691374850355	0.0995230159775477	3	0	0.3141024226892018	1	1
KCTD9	0.027703590532017115	1	8	0	-0.31284598425654764	1	1
MIA3	0.0015078442394148041	0.3960134035564523	8	0	0.3124272354495212	1	1
AKAP13	0.0021630765303525565	0.3142842074784666	11	0	0.3110299039009433	1	1
CUNH17orf80	0.022736537790984748	1	10	0	-0.3109420469220424	1	1
TRAPPC13	6.198575163524337e-4	1	4	0	0.31059868401468316	1	1
SIRT2	0.04701633450723423	0.10473440491285099	4	0	-0.3103994196304515	1	1
GGACT	0.032464864083733384	0.5353509786576452	5	0	0.30672469866579255	1	1
NRAS	1.7277020988240545e-5	3.185684413436756e-4	7	2	0.3038983769545211	1	1
NAPRT	0.042636025535783786	1	8	0	-0.3037513487099786	1	1
WDR75	0.020985556188950635	0.04669972320767496	7	1	-0.3036225214415364	1	1
LOC113246847	6.333726136010159e-11	0.23834941162359202	9	0	-0.3036140375741022	1	1
SASH1	7.525295262111977e-4	0.4927270262874993	7	0	-0.30351382695234025	1	1
DPM1	0.03146344747807718	0.029356799515005555	3	1	0.30346454538708134	1	1
CYTB	0.02951212703844027	0.005993670026478215	3	1	-0.30252639017020466	1	1
LMO7	0.017155815024998813	1	9	0	-0.3023211598222885	1	1
SLC39A8	0.002171989325179113	0.11606954032090433	3	0	0.30198380873391406	1	1
KIF21A	0.004747095731024497	0.30303487866909906	10	0	0.30086404594377364	1	1
MAGED2	5.162051329180928e-5	0.12953749866991926	6	0	-0.300381396011213	1	1
CBS	0.022830155079816745	0.8960612359571951	11	0	0.29905057600351814	1	1
PML	0.042636025535783786	1	8	0	0.2985510001845907	1	1
AFDN	1.1290838082701607e-7	0.04102061902135513	10	1	-0.29789637832994975	1	1
GTPBP6	0.024008610512884936	0.9010753245864265	5	0	-0.29674252063607626	1	1
VIRMA	0.001621872876357231	1	10	0	-0.29653471820339977	1	1
GALNS	5.196743475653023e-4	1	6	0	-0.296445027289722	1	1
COBLL1	0.0017804070252350787	0.0017895953754720742	7	1	-0.2964040746020899	1	1
BLOC1S1	0.023091289729255077	0	2	2	0.29615227743081346	1	1
PTCD3	0.001391067430951848	0.16070040053725193	11	0	-0.2958081350395828	1	1
ARSD	0.031097498354371773	0.8618185750398464	7	0	-0.2956251533934401	1	1
CTDSPL2	0.022736537790984748	1	7	0	-0.29547566579658663	1	1
KIDINS220	0.002389965157242931	0.005433827573971855	6	1	-0.29476617700923996	1	1
U2AF2	0.022239462087543793	1	8	0	-0.29429569615961026	1	1
GORASP2	0.043036274091146534	0.01693696845458585	6	1	0.2920797599861226	1	1
ZFX	0.0032404340091200666	0.25179381694785397	3	0	-0.2915497373093952	1	1
FPGT	0.043476783280411185	1	5	0	0.29152012053882187	1	1
ACTR3	0.011329058966792753	0.0021369164440264952	3	2	-0.29128728273396964	1	1
TUBGCP2	0.005856728949943397	1	9	0	-0.29091527109262305	1	1
UROS	0.007900413132211287	0.7314552394225142	13	0	0.2906812376399827	1	1
VCL	0.0069095871249493495	0.052395102854620075	4	0	-0.28997888095189583	1	1
SEPT4	0.04116886814705036	1	6	0	-0.2889311038899166	1	1
ZHX1	0.0014550541852355284	0.7802420500181838	5	0	-0.28870553165693663	1	1
VCAN	0.0038832907183783596	0.03292690584933199	8	1	-0.28804393598840716	1	1
LOC113250606	1.1290838082701607e-7	0.14459158433038832	13	0	-0.28634821254158127	1	1
CYLD	0.01048518313015634	1	10	0	0.2856263220475254	1	1
COPS3	0.03721601312002054	1	5	0	-0.28557770711178443	1	1
SPTAN1	0.007329739542920033	0.13071983629411435	10	0	-0.28526317242840865	1	1
SLC18B1	0.02132213548550573	1	13	0	0.28508341801262105	1	1
GAA	0.0027255164298776078	1	8	0	-0.28495942453420453	1	1
CDC42BPA	0.0012953634347580654	0.0018605460771898537	6	1	0.28477649246513076	1	1
KLHL24	0.02816529580337408	0.23321139203683997	11	0	-0.2844265678331691	1	1
DCTN2	0.014273394559526661	0.06597276530990714	3	0	-0.283997606801198	1	1
ACSL1	0.008027362696900828	1	7	0	-0.28347571301483504	1	1
TMED10	0.020070528382147262	0	2	2	0.28332665397749646	1	1
PTPN13	0.018755810906934282	1	11	0	-0.28325537441755977	1	0.75
RBMS2	0.007767505867929644	1	9	0	0.28296132564757315	1	1
PAM16	0.03680937776117865	0.04661420823211745	5	1	0.2827768424770337	1	1
KLHDC3	0.016698329151060738	1	8	0	-0.28223127903057665	1	1
RICTOR	0.049377381673022344	1	6	0	-0.2820753311308353	1	1
TNFSF10	2.315341465613758e-4	0.19981041421987505	8	0	-0.2813779328503787	1	1
CAMSAP2	0.008707307151925615	0.0026697506601147877	3	1	-0.2795168288096359	1	1
FN1	0.0061895338241458545	0.03155983058845968	11	1	0.2786762626504085	1	1
ACAA2	6.687245397199086e-4	3.389924546326838e-4	4	2	-0.2777267771058297	1	1
MARK3	0.012031404038402648	1	8	0	0.27771056159620455	1	1
ST6GALNAC6	0.014027613241424756	1	7	0	-0.2770710177421741	1	1
FNBP1	6.633733784642664e-5	0.0465069340961157	9	1	0.2767704106943626	1	1
EFCAB14	0.04830020856812433	1	7	0	0.27667027587015075	1	1
FKBP15	0.007845823755127898	0.7591314552605948	12	0	0.2762959821059468	1	1
UBTF	0.042636025535783786	1	9	0	-0.2756900750385275	1	1
BTD	8.696480545015076e-4	1	9	0	0.2755782764505534	1	1
ELMO1	0.02521345379149704	1	10	0	-0.27440122092998165	1	0.75
CREBZF	0.0019228701658087915	0.7778910251328394	8	0	-0.27439754538432476	1	1
STK38	0.0011531649438472878	1	9	0	-0.27438843857120654	1	1
FGFR1OP2	0.013298710543198726	0.8919745690492749	4	0	-0.2736742328502284	1	1
SYNJ2BP	0.029663142844460352	1	4	0	0.27332817686817074	1	1
ACBD5	2.0837377655179726e-4	1	9	0	0.27257609156901746	1	1
LTBP1	0.006584326627784636	0.2816240461621068	8	0	-0.2718663183056574	1	1
TNS3	0.01429815250579767	1	9	0	-0.2693920194611124	1	1
TTPAL	0.036835181565988695	1	7	0	0.26765437056927277	1	1
ERI2	0.004938224342182321	0.026103845580227224	9	1	-0.2672403824335797	1	1
IRF6	2.385878931489863e-4	0.02130213601073767	5	1	-0.2671702780840143	1	1
DYSF	0.036835181565988695	0.7996653713703947	12	0	0.26570355165312304	1	1
LRBA	0.0153807270091929	1	10	0	0.26547884500462554	1	1
NR2C1	0.008598051591760135	0.005817751969558372	6	1	0.26427033109836323	1	1
SRBD1	0.04587301715381628	1	6	0	-0.2637279000052586	1	1
ACIN1	0.008424719107027944	1	10	0	-0.26317083006417197	1	1
CHTF8	0.025912021662881878	0.5473103240834172	8	0	-0.2619513908683207	1	1
GTF2H1	0.005741804541324857	1	11	0	-0.2617352602481896	1	1
ATP6V0A1	6.833791170530256e-4	0.08716555267749232	8	0	0.2616390812867667	1	1
TTLL5	0.008880602610743589	1	9	0	-0.25858269503962344	1	1
RORC	4.8044020092849807e-4	0.024707257417434788	8	1	0.25824074470407105	1	1
DCTN1	0.002389965157242931	1	12	0	-0.2577662523390546	1	1
ALDH4A1	0.008753543609113524	0.1894782328955267	8	0	-0.2574474660890016	1	1
DAZAP1	0.0038153791324721112	0.4517786420398671	6	0	0.25674470368645713	1	1
PSMA3	0.039709609251841325	0	2	2	-0.25447666610848185	1	1
DOCK1	0.008497209708794006	1	8	0	-0.25318172964993274	1	1
ZNF638	0.029663142844460352	1	14	0	-0.2530502893055614	1	1
GTF2I	0.043183133691215424	1	11	0	0.25112259949629206	1	1
PPP2R2A	0.024530769608831805	0.1286445527485119	6	0	-0.250846787862824	1	1
PHKA2	9.342742814543199e-4	1	9	0	-0.25066884844899057	1	1
CPEB2	0.03721601312002054	1	5	0	0.24558354491760284	1	1
MEAF6	0.0070395643408361335	1	8	0	0.24480754779270064	1	1
CELF1	0.0047777995910161025	0.4508345302657023	12	0	-0.24424544355928218	1	1
DAB2	0.009558213429956114	1	7	0	-0.24408406088048495	1	1
ACSL4	0.017394100498093572	0.0031344121404613305	6	1	0.24354834162259675	1	1
GPAM	0.0047777995910161025	1	13	0	-0.23746315405077134	1	0.75
RBPJ	0.007335388076031953	0.34441794723559227	6	0	-0.23725573554106358	1	1
ESYT2	6.896853191357685e-9	1.3109982384648658e-7	6	2	0.23676433069869618	1	1
HERC3	0.0038687485089324057	1	17	0	0.23625556005965348	1	1
DDX27	0.04102913943679411	1	4	0	0.23580068509528493	1	1
PRPF4B	0.00113922502714924	0.701216189299855	13	0	0.23514344112497543	1	1
HLTF	0.007845823755127898	1	9	0	-0.23307473601837836	1	1
BZW1	0.001621872876357231	0.00813745185886239	5	1	0.23178901160232435	1	1
RSRC2	0.00810679603319318	0.93496388537841435	10	0	0.23153711900412946	1	1
SIPA1L1	0.03690967023918352	1	4	0	0.23076700145641663	1	1
USP11	0.040673014833784236	1	15	0	0.22596710298290135	1	1
USP9X	0.018828155039774662	0.028890051783779035	6	1	-0.22463325783505897	1	1
BET1L	0.0012660496379607543	1	6	0	-0.22449129212814778	1	1
CREM	0.0030399234067801802	0.9082593334584342	13	0	-0.22393823936164586	1	1
SFMBT1	0.0019851603300617285	0.10750743625189287	11	0	0.2236128809086741	1	1
TMCO3	0.003077415957533138	1	16	0	0.22236000291458313	1	1
DDX6	0.037808960387591205	0.18904206059883827	5	0	-0.22145113519898885	1	1
LOC113242918	5.732024368351575e-6	1.3712139434730226e-5	6	1	0.2214048287171022	1	1
HTATSF1	0.009409067944926875	1	6	0	-0.22067962202626146	1	1
KIAA1191	0.003228026265224805	1	7	0	-0.2205628721667062	1	1
UCHL5	0.0093687035554355	1	5	0	-0.21932765034511398	1	1
LOC113262783	3.572844168875793e-4	1	14	0	-0.21926597838432227	1	1
RBM23	0.02548125977625656	1	8	0	0.21781894564981963	1	1
TMEM9B	0.005858880165268264	1	4	0	0.2172273481472507	1	1
SEC31A	0.0016238755861145298	1	16	0	-0.21554775394799863	1	1
SH3GLB1	0.002171989325179113	0.002404767037614393	8	1	-0.21549685379507547	1	1
PARP6	0.04383608703428257	1	11	0	-0.2140120179370506	1	1
WDR33	6.942948205598686e-4	0.002119404870222748	9	2	0.2132963064224871	1	1
NEBL	0.012538574592560178	0.09704288032263693	4	0	-0.21278625049418154	1	1
RNF13	0.03552976720502371	1	10	0	0.21223193307192606	1	1
REPS1	0.02871278911339476	1	4	0	-0.2118100381557806	1	1
ZNF514	0.0039325743715689305	0.5411728769056574	8	0	0.21144027079175792	1	1
CHD4	0.01682189780202463	0.07387450519521575	4	0	0.21049211119635738	1	1
KIF1B	0.04064304966811768	0.10826346161656711	4	0	-0.20893369657107277	1	1
CCNL2	0.043070772982134596	1	11	0	-0.2081969252734696	1	1
ARNT	2.2914593499979465e-4	1	8	0	0.20802113233651548	1	1
DCUN1D2	0.04481417324019781	1	16	0	0.20781097275317137	1	1
CRAT	0.02772563041826253	1	4	0	-0.20697198299989134	1	1
SLC25A40	0.009409067944926875	1	10	0	-0.2061209777405641	1	1
SENP2	0.029928717637022324	0.23386446541449246	12	0	-0.2055108249398695	1	1
SMAD5	0.038020460214513316	1	4	0	0.1996411965532969	1	1
MYO18A	1.4864116114346766e-4	0.436749671932452	9	0	0.19956882397481213	1	1
ALS2	0.038020460214513316	1	14	0	-0.197889219380256	1	1
PAFAH2	0.02951212703844027	1	11	0	0.19628668402779723	1	1
NPC1	0.0488719481664946	1	4	0	-0.19586116627104316	1	1
LOC113268059	0.024824461449588834	1	4	0	0.1952053792639148	1	1
NCOR1	1.6124661039535723e-4	0.14660608841891168	9	0	-0.19488233973656563	1	1
PPARA	0.0053909669758707745	0.005274113864345699	6	1	0.1933728227552063	1	1
IPO7	0.0015881733408617202	0.06878305456593233	7	0	0.19204973996821428	1	1
ZNF331	0.005856728949943397	1	14	0	0.1908918147398576	1	1
SDHD	0.028481672747890915	0.43378589955766234	5	0	-0.18878471964721766	1	1
RMDN2	0.03524696645772239	0.12080545868469414	5	0	-0.1864091391733162	1	1
LOC113250851	0.02871278911339476	1	8	0	-0.1859804601693476	1	1
AQP9	0.019458734781265762	1	6	0	0.1858304290278474	1	1
MARCH6	0.024425609576922892	0.003975382990178313	5	1	0.18577410355152232	1	1
HDLBP	0.013397320915175145	0.011793197166523177	8	1	-0.1857554264118131	1	1
HSPA4	1.6124661039535723e-4	0.4846364054288479	4	0	0.1833857000686243	1	1
LOC113265994	0.007335388076031953	1	11	0	-0.18140259390628655	1	1
LRRC59	0.04121267040343132	1	6	0	0.18116736146703954	1	1
DNAJC13	0.0010477269768115395	1	5	0	-0.17911927218689672	1	1
PPIP5K2	0.01977280451890109	1	13	0	0.17899475291472994	1	1
TRAM1	0.012031404038402648	1	4	0	0.1769152798311491	1	1
GALNT11	0.027270939010222754	1	13	0	0.17187173355029978	1	1
TSN	0.043725176901452154	1	3	0	0.17146870565633987	1	1
IVNS1ABP	0.02035551997897257	0.11282887814786696	8	0	-0.1713597498071727	1	1
CAST	0.003252828729098022	1	10	0	-0.17130386522929217	1	1
MBNL1	3.1475168948069984e-5	1	11	0	-0.1698844920235195	1	1
IFI44L	0.027476439584587332	1	8	0	-0.16871910336553184	1	1
EPS15	0.0011531649438472878	0.6988180824845414	10	0	-0.1668492808714398	1	1
ATG9A	0.017155815024998813	1	16	0	0.16555655456356252	1	1
LOC113244552	0.01109636676536659	1	4	0	0.16399592782911485	1	1
DRAM2	0.04599034828944236	1	8	0	-0.16082805221974406	1	1
CTNND1	1.4256831308889822e-10	1	7	0	0.1573917278122495	1	1
LOC113243115	9.472475664580181e-4	1	14	0	-0.1557167425170258	1	1
SMAD2	0.02816529580337408	1	3	0	-0.15518264417018457	1	1
HSP90B1	0.017773832866607473	1	4	0	-0.1525046051970408	1	1
TRIP12	0.012031404038402648	1	9	0	-0.15230640140760165	1	1
SPTBN1	0.015636490589459096	1	6	0	-0.1498099650034742	1	1
ITSN1	1.715786406304706e-4	0.670235890055129	15	0	-0.14601767049719327	1	1
RPL5	0.018260650937773428	1	4	0	0.1452922218448633	1	1
FUBP1	0.01678042693992988	1	11	0	0.14180130821710035	1	1
BCL6	0.03135390391496281	1	5	0	-0.14176090369260455	1	1
TIAL1	0.024630920724548647	1	8	0	-0.14155787328302474	1	1
GPBP1	0.0347202736404641	1	8	0	0.12784140499989946	1	1
CNBP	0.011135360249171654	1	7	0	-0.11286633271667182	1	1
RBMX	0.01678042693992988	1	5	0	-0.11049517626143524	1	1
