gene_ID	gene_qvalue	minimal_tx_qvalue	number_tx	number_significant_tx	max(Skin-Kidney_cortex)	pct_gene_expr	max_pct_tx_expr
CRTC1	0.018236292108620464	0.00325461680155176	3	1	0.8914827796646522	1	1
UNC5B	8.988878266710623e-5	7.782742982224765e-6	3	2	0.885962401905168	1	1
SLC10A3	1.4866140783992317e-4	1	3	0	-0.8835842240091749	1	0.75
GSE1	2.2887498183235243e-4	2.2316552585108216e-5	3	2	-0.8710553775237015	1	1
ZNF365	0.0010873847977801816	1	5	0	-0.8700987302347036	1	0.75
MRLN	2.2887498183235243e-4	1	7	0	0.8647580849205706	1	0.75
BHMT	1.8493740063086245e-4	0.008325414930554009	4	1	-0.857305341745456	1	1
ERBB4	0.017652073495855233	0	2	2	-0.8489220188024006	1	1
PROSER3	0.005219588720111858	1	5	0	0.8414036150272773	1	0.75
SEMA4F	0.007226196757411185	7.647030140411942e-4	4	1	-0.8408923942914024	1	1
TSPAN8	0.0016652838946615313	2.0658962795910116e-4	3	2	0.833832620529611	1	0.75
CDK14_CLDN12	0.012343344494200019	1	3	0	-0.8290850977056171	0.5	0.5
LOC113246330	0.002563849073912659	0	2	2	0.8256710163931638	1	1
TTC12	0.001157165264633939	4.56245042202269e-4	6	1	-0.8136076702226157	1	1
ATRIP_TREX1	0.02912179580994509	1	3	0	0.8112205432033561	1	0.75
MFAP5	0.005828348593933979	1	4	0	0.8100702801149485	1	1
DFFB	0.018791897046701377	1	6	0	0.8057084502904448	1	0.75
SESN3	0.01209370582810602	0	2	2	0.799783127527202	1	1
MAP2K7	0.0048123483002117445	4.0554389541407575e-4	3	2	-0.7989837046488208	1	1
FES	1.3501956617226237e-4	0.23032565221000334	5	0	-0.7986904178858	1	0.75
ACVRL1	3.1299957269543107e-5	1.4024175458948144e-6	3	2	-0.796803125564233	1	1
FAXC	0.016280005044208175	0.026665593909790182	3	2	-0.7967172312818365	1	0.75
TLK2	0.0015309243346875029	0.0014997755422677978	3	2	-0.796564758612253	1	1
CD109	1.8511848485434447e-6	1.6829444742805964e-8	3	2	-0.796429412836887	1	1
CNTFR	0.03169303891646797	0.16063646036119672	4	0	-0.79140115629560015	1	1
TUBA8	0.039233697417828596	1	4	0	-0.7894551128058488	1	1
LOC113242943	0.013701954136384257	0	2	2	0.7830895209297865	1	0.75
LRRC8A	0.004241796548635355	2.2630516910804378e-4	4	1	-0.7796582339093754	1	0.75
ZBTB7B	0.004723831184081792	0	2	2	0.7755004971859446	1	1
NCMAP	0.009955253592320065	0.012365827744566278	3	1	-0.7739322418274921	1	0.75
IRGQ	0.02666878307064282	0	2	2	0.7714098387566699	1	0.75
CARM1	0.005728524858207893	0.001466565774547733	3	1	-0.7689487807039467	1	1
PRICKLE2	0.004552508040890804	0	2	2	0.7654182070644847	1	1
RAB36	0.010006940764759104	0.017189679954108167	3	1	-0.7648707737811754	1	1
DHRS1	0.011339348740598843	7.128288608524186e-5	10	1	-0.7593259412117821	1	1
AFAP1	0.04311912460697642	0.05825340753792269	4	0	-0.7529580494966156	1	1
TSR3	0.017652073495855233	0.020137617091558938	3	1	-0.7526674588003066	1	0.75
KYNU	2.860328962368127e-6	1	5	0	0.7522582061365106	1	0.75
NFKB2	0.04494777456290194	0.05147346870933643	3	0	-0.7513550741391253	1	0.75
GK	5.211728170947726e-10	0.7886593013589975	7	0	0.7510920843962174	1	1
SAMD4B	0.03190654006535881	0	2	2	0.7509311758312569	1	1
PDCD11	3.435310678972435e-4	0.0030917528056694367	6	1	-0.7503270759847573	1	0.75
PRLR	2.563309800112842e-9	2.5031426594067916e-11	3	2	-0.7464518467871047	1	1
SGSM3	0.038089751632412634	0	2	2	-0.7411981638464318	1	0.75
PEAR1	0.02816634186903902	1	6	0	-0.7369129820582518	1	0.75
RPS24	4.314918954910628e-25	1.1318477042833357e-25	3	3	-0.7349313661775861	1	1
NT5DC3	0.048165216919052276	0	2	2	0.7321253521302657	1	1
CKMT1B	0.027740064947102346	0	2	2	0.7312549193042508	1	0.75
TULP3	3.650663123650735e-4	1.8484624596893422e-4	4	1	-0.7309274485754874	1	1
ANPEP	0.0010726129781564453	1.8739749109782853e-5	3	1	-0.7285083876876505	1	1
SLC23A2	7.784887792932223e-4	0.030491316299075092	4	1	-0.7272971843922224	1	1
DIO1	0.027740064947102346	0.004208077980892656	4	1	-0.7250780491028418	1	1
PSAP	6.337065833566973e-18	1.8587313007863972e-20	3	2	-0.721504114233901	1	1
CRLF3	0.025337597132054423	0.10860040620935028	5	0	0.7194933300769927	1	0.75
FRAS1	1.3639113737219686e-5	2.801473866924531e-4	4	2	-0.7137680066037094	1	1
LAMB3	0.0049003190785634814	8.162277980295567e-4	6	1	0.7115919261554657	1	1
NAT8	3.146590751364857e-5	5.151573583834981e-6	3	2	-0.7110312031732227	1	1
UBN2	0.02846951746739292	0.03322773684518215	3	1	-0.709045301093561	1	1
HIVEP2	0.017652073495855233	0.009447643096326834	5	1	-0.7016232461271582	1	1
COL6A3	8.528097266597354e-6	1.1435571604151305e-4	6	2	-0.6999315594013495	1	1
SIM1	0.002201978750028211	1.249262500291491e-4	3	2	-0.6994710040521627	1	1
VPS26C	0.0032467508523736123	0.01090183927804011	7	1	-0.6931113795589199	1	1
VEPH1	6.728943035694808e-11	2.850546010789692e-8	8	2	0.6917956901265849	1	1
CFAP44	5.520429373374992e-5	9.983897740150722e-4	6	1	0.686235040263952	1	1
TMEM218	0.0017978969840971076	1	6	0	-0.6845988225475583	1	1
ACSL5	0.011932920640093759	0.4305213650857638	4	0	-0.6843405471721551	1	0.75
FAM200A	0.04694677213567606	1	4	0	0.68061573803454	1	0.75
LOC113259016	0.009358553090720584	1	3	0	-0.6794519201747724	1	0.75
LOC113249678	0.006936042388946665	0.0014985800762803167	5	1	-0.6785751206947289	1	0.75
MCM8	0.008749576031311643	0.0020211011782968104	6	1	-0.677902359798711	1	0.75
EIF4A2	1.692914126604861e-17	2.3406365825444436e-14	6	2	-0.6759893650951051	1	1
LAMA3	0.0017575682410608555	1.5882554935501238e-4	3	2	-0.6751759523088905	1	1
DCUN1D3	0.0030855760347095057	0.021027797613564096	6	1	0.6728845960625736	1	0.75
SGSM2	0.02545137083367515	0.0026483583446931555	3	1	-0.6723688163220464	1	1
ELMO1	1.2979569969201041e-6	1	8	0	-0.6716682426420505	1	1
AMMECR1L	0.0038268619924096896	4.7357463135562966e-4	4	1	-0.6709642087229103	1	1
FNDC1	0.002768822769646931	0	2	2	0.6629588688786275	1	1
LOC113244018	1.1670183940954465e-4	0.0010160384410268033	3	2	-0.6613613176975672	1	1
YWHAH	1.3870141075700984e-4	0	2	2	0.6612340690839168	1	1
PAPSS2	7.372331920177102e-4	0.02834505599846724	6	1	0.6606072410243223	1	0.75
P4HA2	6.37614759827673e-4	0.009951924320024343	8	1	0.654404453069211	1	1
FGG	0.005417447350600079	1	5	0	-0.653324238740578	1	1
LUZP1	0.038964256471310105	0.11561627895819802	3	0	-0.6494433257691714	1	1
ABLIM1	4.801839834412798e-6	3.869246008361014e-6	4	2	-0.648628529843704	1	1
MAN2C1	6.37614759827673e-4	0.005484131749840456	8	1	-0.6486059035573589	1	1
LACC1	0.028433348297203873	0.058734065616565315	6	0	-0.6462503671279716	1	1
LOC113244055	0.014889213134705525	0.009358069842134583	4	2	-0.6460814605436961	1	1
STK38L	2.8722585176974352e-5	0.004407033398140572	5	2	-0.6425519204063067	1	0.75
TMEM184A	4.3049465617934715e-6	1.5812450317712614e-5	7	1	-0.6415015298491589	1	1
ZNF620	0.04471263163185123	0.1145106919290947	7	0	-0.6409488343408172	1	1
DCN	3.843756965854624e-7	0	2	2	-0.6396818443640355	1	1
TRMT44	0.014017837372759393	0.7429615555981709	4	0	0.6379213889624441	1	1
PDHX	2.8722585176974352e-5	1.7749750123985637e-5	5	1	-0.6358235709529304	1	1
EGFLAM	0.03128309952912031	0.013923260690205724	3	1	0.6347906192818012	1	1
HSD17B6	0.028067623484116535	1	7	0	0.6346426561215787	1	0.75
PLEKHA4	6.398728725652994e-4	0.007104889845504272	5	1	-0.6312768180401903	1	1
ULK3	0.03732138997977621	0.19105416425262256	4	0	-0.6312180237732857	1	0.75
SWT1	1.4034583241019772e-5	9.102616872240546e-4	7	2	-0.628657459550236	1	1
LRRK1	0.02298598321019553	0.002959958867071047	3	1	0.6235369202301169	1	1
SLC2A5	9.096191398059895e-5	1.3257342216913046e-5	5	2	-0.6227064726830149	1	1
R3HCC1	0.010569212176662375	0.03962126815607534	7	1	-0.6223205989511197	1	1
MYO1C	0.004822852729738885	0.12185289872086666	9	0	-0.6207667612609411	1	1
BPIFC	0.037881402652327395	0	2	2	-0.6202993128952884	1	1
MYO7B	0.00556561162562979	0.04291167566162833	4	1	-0.6141497490281117	1	1
DCLRE1C	3.8504955675280894e-4	1	4	0	-0.6130947418655117	1	1
SIPA1L3	0.011754283190393728	0.02181355815368715	4	1	0.6115308187028073	1	1
SLC39A14	0.003006335500550303	0.15502592830165085	6	0	0.6062196766665565	1	1
HTD2_RPP14	0.001295414679673615	1.867799302616003e-4	8	1	-0.6046879240879506	1	1
DLC1	0.0064098453951469455	1	6	0	-0.6045399340714644	1	1
CSF2RB	0.012616294646576503	0.7695292168301762	3	0	-0.6031516495664135	1	1
HIPK2	0.0032561195436509598	0.005187213934704921	3	2	0.603005196102777	1	1
FGD6	0.012681138395554731	0.0031980139209552777	3	1	0.6004731978147767	1	1
ARHGAP17	0.03819846477769459	1	7	0	-0.5993348728165871	1	0.75
CSGALNACT1	0.001439415922715626	1.962016100181544e-4	3	2	-0.5981651394886394	1	1
SPOPL	0.019636085922649732	0	2	2	-0.5929482488556349	1	1
INO80D	0.01988839995336504	1	5	0	-0.5920960123359981	1	0.75
LOC113267246	0.02910915883217465	1	9	0	0.5915786905843151	1	1
KLHL8	0.00290048663929977	0.28530086865503285	8	0	-0.5909900172696354	1	0.75
EXTL3_LOC113269942	0.010100873398532119	0.1385752680284916	6	0	-0.5900874979389776	1	1
PPT2	0.017120112356258686	0.3794358672886855	8	0	-0.587172959156666	1	1
MED16	6.130961628177182e-5	1	11	0	-0.5821166019078196	1	0.75
FAM234B	0.0018825626973063435	2.8595406822089342e-5	5	1	-0.5792876180412679	1	1
PDGFRA	0.04268517077855646	0.49451507797395505	8	0	-0.5784213431342909	1	1
LMF2	0.002563849073912659	1	12	0	-0.5768028677063549	1	0.75
CAMKK2	0.005828348593933979	0.2005347085689078	10	0	-0.5757821640610021	1	1
SENP5	9.494039798604238e-8	3.86604311130796e-6	7	1	-0.5750996396693803	1	1
LRRC66_SGCB	0.005314322610895344	0.0012687297710431322	4	2	-0.5740851788238647	1	1
SAMD9L	0.04345845293722973	0	2	2	-0.5736665826268262	1	1
TBC1D15	0.02209855707642478	0.0010998987368374827	6	1	-0.571537207603672	1	1
ATP6V1C2	0.038630322115236364	0.0028888704498522388	5	1	-0.5714773640927372	1	1
PDE5A	0.004553317273313331	0.05079112610773438	4	0	0.5703063882441545	1	1
BCL6	4.653300050212119e-8	0.003260343881415018	6	1	-0.5685686656911922	1	1
HNRNPA2B1	3.6869291924881297e-6	2.5297846134522176e-6	7	2	-0.5681256999029142	1	1
FAM129A	0.03912743846991773	0	2	2	0.5641917822156135	1	1
LARGE1	0.01820972307281349	0.01179905211167287	5	1	-0.5637517512437695	1	1
PRICKLE3	0.043995226904286054	0.5370366481791106	5	0	-0.5636615919531741	1	0.75
ZNF382	0.017267181618744153	0.10733615231060736	5	0	0.5611853271418933	1	1
USO1	1.015955215485719e-7	9.027259059287177e-7	6	2	-0.5598533300045784	1	1
ASB3	0.04023002288854432	0.32065921344465215	8	0	-0.556968962762753	1	1
ACSF3	0.015019983065439684	0.3747800307535179	8	0	0.5565343033480394	1	0.75
SOX6	0.027740064947102346	1	12	0	-0.5543564199594893	1	0.5
AP5Z1	0.0032467508523736123	0.0748180190273896	6	0	-0.5541712271938577	1	1
FITM2	1.6009080183591701e-10	2.340753207599457e-9	5	3	-0.5509348068689264	1	1
KLF12	0.027107608519673303	1	6	0	-0.5502337687685874	1	1
RAPGEF5	0.025552059262792092	0.03133531996028459	5	1	-0.5501829659932311	1	1
NF2	0.03754155276319172	0.25854581553809247	7	0	-0.5487333175941318	1	1
ECHDC1	9.443467916880912e-6	0.001594718385698214	5	1	-0.5472620213039403	1	1
VPS52	0.04956878410240872	0.4979081931134281	7	0	-0.5431172037777096	1	1
MAP7	5.211728170947726e-10	4.140165014923183e-4	4	1	-0.542230632328051	1	1
SH3D19	3.2996146202051444e-4	0.001292332669046397	7	1	0.5416213466397233	1	1
ANKFY1	0.0194449224358906	0.019214630860261317	4	2	-0.5406375357483802	1	1
MAPK1IP1L	0.03692337361489388	0.0017592838257046869	7	1	-0.5388002035735745	1	1
NRK	0.0049003190785634814	0.23350509872618203	4	0	0.5364910162526775	1	1
CLIC5	4.97174415697653e-4	0.05660214597399387	5	0	-0.5362848644051355	1	1
TMEM131L	0.02666878307064282	0.05404978835739796	8	0	-0.5358559310876945	1	1
ZNF572	0.0024873768298904735	5.572557472132392e-4	4	1	-0.534957751473376	1	1
MRPL4	0.02233554830387675	0.37952591775894684	4	0	-0.5344306978785707	1	1
APEH	0.04715370932548845	0.3376491182643709	7	0	-0.533071953213875	1	1
SOCS2	0.03339380272564243	0	2	2	0.5321426046847424	1	1
SYNE3	0.019361288285568812	0.2534361196789547	6	0	-0.5307229858348567	1	1
ZNF333	0.0032561195436509598	0.1634727947013588	8	0	0.5298896360992638	1	1
KIAA1614	0.013439521765695473	0.3223967177521116	6	0	0.5297790527545105	1	1
HDAC4	0.0012283934602075918	0.041622780888226886	5	2	0.5295105640423267	1	1
SUPT7L	0.00565061360509268	8.772011506353293e-4	4	1	-0.5294567125696158	1	1
PRKRA	0.002073070958317109	0.6300943849121563	7	0	-0.5263989849057114	1	0.75
ENO3	0.017091284411521745	0.10523208680532707	6	0	-0.5259826973167733	1	1
KIF5C	0.02664630295753283	0	2	2	0.5249515471410131	1	1
PDGFC	3.760309799015446e-4	0.41159318267328016	4	0	-0.5242783738678659	1	1
TFAP2B	0.04203281913554347	0.009528631051170116	4	1	-0.5233147146682303	1	1
POMP	0.01988839995336504	0.012782499244646698	4	2	-0.5201607655011148	1	1
LOC113250773	0.032011692621924	0.7250857258344475	8	0	-0.5191619997236023	1	1
JADE2	4.589629449813669e-5	0.006227449330930016	9	2	-0.5165870188579371	1	1
PRELID2	0.027983639063079095	0.3629081849024302	6	0	-0.5161516676339595	1	1
SMIM14	0.02298598321019553	0.004516218402489556	7	1	-0.511928082558554	1	1
PRKAB2	5.211728170947726e-10	0.097468410823074	10	0	-0.5110337921085332	1	1
UBE4A	0.005728524858207893	0.0040657232317481366	3	2	-0.5107103651231637	1	1
TMEM168	0.021266440324480083	0.023983655188054887	6	1	-0.5101263833032784	1	1
RNF152	1.5083016154286944e-6	2.1794932790199077e-6	4	2	-0.5094880769437413	1	1
LMF1	0.01435257812838224	0.0017045664574194686	3	2	-0.5094680276130839	1	1
RCSD1	0.014250086533304167	0.12813617536220404	5	0	0.5089677018339878	1	1
ZNF395	0.013519142108454122	0.009398874683136708	3	2	-0.5075111321937827	1	1
HPD	0.013239805527554303	0.5921009502060377	6	0	0.5072048019443371	1	0.5
NPC1	0.0049003190785634814	0.0015226968173742217	4	2	-0.5071578226533635	1	1
RAB6A	8.578921635454364e-4	0	2	2	0.5061694621271711	1	1
TANC2	1.3814436191609894e-7	0.0037973031060909435	7	1	0.5057536150750013	1	1
GSN	1.6330626641638293e-9	1.1909148336593174e-7	4	2	-0.5052981662262133	1	1
AQP9	0.04358781049867078	0.8203936705319983	5	0	-0.5040213206249783	1	1
BAIAP2	0.03496548459413164	0.16732092320294473	5	0	-0.503774433727975	1	1
AP5M1	0.03130207129701232	0.08902521658389091	6	0	-0.5036415276050145	1	1
IQSEC1	0.006306662175829292	0.03154120130827654	8	1	-0.5021681412176848	1	1
PIP4K2C	0.01560900450571383	0.2368140863541029	8	0	-0.5014212800279522	1	0.75
MORF4L1	0.031148939510149593	0.7101469885720589	5	0	-0.5010735148743226	1	1
P2RX7	0.049101297172339686	0.14676008290655668	4	0	-0.49948425923530726	1	1
POLR2B	0.0200434555637755	0.8862240588491137	7	0	0.4986968709502397	1	1
VSIG10	2.5660562676632567e-5	0.0042896324308968605	7	2	-0.49767836958759193	1	1
CUNH17orf49	8.988878266710623e-5	6.074373178835395e-7	4	2	0.49705655621364586	1	1
RNF125	0.022968003516563168	1	10	0	-0.49632779381123454	1	0.75
CAMSAP3	0.0015309243346875029	3.1877562159584943e-4	3	2	-0.4957725820843992	1	1
SEPT8	0.011706770772817399	0.21441585363756946	7	0	-0.4941815254918498	1	1
FMNL3	0.04694677213567606	0.2655169345400707	6	0	-0.4937097825047233	1	1
HSD11B1	3.842296875977267e-9	0.0012703960397187364	6	1	0.4928455707195728	1	1
IDO2	0.03401680310969247	0.03200814954146407	3	2	0.4927838891607421	1	1
ECI2	3.8848669932611173e-4	0.05187352774474044	7	0	0.49213783007505596	1	1
FBXO31	0.011520331084723959	0	2	2	0.49150017062139173	1	1
PSPH	0.03622251442043339	1	7	0	0.49137203472392293	1	1
TMEM135_LOC113269409	0.03653569837696952	0.004323943244832374	3	1	-0.4907477228640323	1	1
YIPF2	0.030611275608964643	0.2146881860139073	6	0	-0.4884692188497881	1	1
CHTF8	0.01732035402247623	0.005362171236773322	7	1	-0.487118995513891	1	1
KIAA1522	8.528097266597354e-6	0.04648765256772051	3	1	0.4838770078508306	1	1
SLC25A39	1.2536211941571738e-5	0.009248785962428804	6	1	0.48315024920813376	1	1
ATG14	0.021461181254672515	0.02005343037801256	4	1	-0.48295413679985133	1	1
LAMA2	0.017267181618744153	0.006790094395103192	5	1	0.48261994510521344	1	1
SLC18B1	0.004414198763386324	1	12	0	-0.4808283857871162	1	1
SCFD1	0.008446327048341352	0.003303306055110181	9	1	-0.4806324320831056	1	1
CA12	4.71027432819407e-6	7.328021014803136e-6	3	1	0.47975057842824004	1	1
UBE2G2	0.017495223231415724	0.21994133041390493	4	0	-0.4788165068663814	1	1
STRADB	0.0036798030948342105	1	10	0	0.47773825138745585	1	1
HSF2	0.04088770905358712	1	6	0	0.4768935013849622	1	1
DPM1	0.001533557681369476	0.0020960610859440767	3	2	-0.4763935780418588	1	1
SLC2A9	0.011520331084723959	1	10	0	-0.4755457945005143	1	1
XG	0.00520337568116949	0.9219507100594242	4	0	-0.4734990967529786	1	1
FBLN5	0.0015749479944414256	4.989922731697095e-4	3	2	-0.47297588033744664	1	1
KRT10	2.556365708291272e-4	1.3065717692326345e-4	3	1	-0.47169261940699425	1	1
RNF138	0.002550236829415913	0.702319357316516	7	0	0.46974784595774266	1	1
FAM219A	0.00958102840458917	0.04845361653091945	3	1	0.4696011138321231	1	1
ZHX1	1.3646770700108364e-6	0.1327554482495521	5	0	-0.4694079787997539	1	1
CDK14	0.03452601530614985	1	7	0	-0.46830818242288974	1	1
CTPS2	0.03754155276319172	1	7	0	-0.4682895882356981	1	1
SLC5A6	0.038151672017749515	0.31034060693928933	12	0	-0.46798568362402493	1	1
B3GNTL1	0.03435964349729741	0.5683530110147853	5	0	-0.4674870803806607	1	1
EPHA4	0.019126282484326785	0.009210594457081656	3	1	-0.46740952698331006	1	1
TRIM2	0.003156270795635221	0.008047013800821992	3	1	-0.4660821476584301	1	1
MINDY2	2.2494514591604115e-4	0.003015995543247549	4	1	-0.4656270644887009	1	1
ACSL4	0.02298598321019553	0.7086755995079731	7	0	-0.46399740834780645	1	1
INPP4A	0.002768822769646931	0.004440265265286368	4	1	-0.4635442301413124	1	1
TSC1	0.012832254033066466	0.3981874102721786	7	0	0.46352559559224	1	1
ITM2C	0.013765116592962713	0	2	2	-0.46247970817777884	1	1
ICK	0.04708131546637001	0.07452600787548196	3	0	-0.4618577283085323	1	1
PTK2	0.030348744187911555	0.11953691647228742	6	0	-0.4617920527704198	1	1
CPLANE1	0.001719717787590748	0.5721017740273947	9	0	-0.46177797595882003	1	1
BLNK	0.01088424387668901	0.4350194035114108	7	0	0.4617193036102284	1	0.75
WDR44	0.00393693353623176	0.02250162676824416	3	1	0.46068918963974476	1	1
CENPU	6.099896359178123e-4	0.3719024878592223	6	0	0.459965728908609	1	0.75
RNF6	0.004171121164386122	0.011691982978615664	9	2	-0.4594100091383135	1	1
ASB1	0.0015309243346875029	0.0016567931260044622	3	1	-0.4592241052719043	1	1
RFWD3	0.0038061529496477065	0.06590341492139173	5	0	0.4581452339655547	1	1
SEC24C	0.04956878410240872	1	8	0	-0.4554356802917706	1	1
TPM4	1.7163671861122515e-6	0	2	2	0.45496182437874866	1	1
DAB2	2.9628779625509926e-14	1.4666159544139553e-6	7	3	-0.45419846154283566	1	1
SSX2IP	0.012965245240484402	0.47846986548347303	6	0	0.452965126474814	1	1
WWOX	1.7671077790263847e-4	0.12797232358992477	6	0	0.45226066263558645	1	1
IP6K2	0.017424377137134777	0.05742614473922044	9	0	0.45038562275836813	1	1
TMTC3	0.018236292108620464	0.12257923789443521	5	0	-0.4487736955546395	1	1
TRIM35	0.016280005044208175	0.1237459267445945	3	0	-0.4477484703577278	1	1
HOGA1	0.03498790294721301	0.03620478200131474	7	1	-0.44742536365410046	1	1
ADD3	1.1945965631821406e-4	2.319252186762993e-6	6	1	-0.44650337404587515	1	1
FLT1	0.03190654006535881	0.08418367286100403	6	0	-0.44524249725411796	1	1
FBXW9	0.025496335870115072	0.06668094736718021	4	0	-0.4434341370687117	1	1
OGFRL1	0.03134965060267894	0.09940446826584848	3	0	0.4433787889823771	1	1
TUBGCP2	0.03169303891646797	1	8	0	-0.44233510367151413	1	1
STK3	0.016497904469277947	0.001052573503125822	7	1	-0.44222209472346785	1	1
NFATC4	0.01963533940707468	0.6689090975783883	7	0	-0.44144383030068346	1	1
ADGRD1	0.011119810060572369	0.917795379609218	8	0	0.4391339174837934	1	1
LOC113247645	0.0043917940545396125	7.118774748646634e-4	7	1	0.43825926975110674	1	1
PTGES3	5.5092715743425595e-5	1.7745251018628663e-6	6	2	0.4374391836055239	1	1
SRBD1	0.0035843776790867657	1	7	0	0.4366908239089898	1	1
TMED10	9.021455342627675e-4	0	2	2	0.4366362344244934	1	1
ZMYM4	0.010959679492358688	1	5	0	-0.43566262810875694	1	1
FBXO48	0.03501520474630824	1	7	0	0.4332915039763535	1	1
EI24	0.009134506505910392	0.02263544281465976	4	1	-0.4321468509126344	1	1
ULK2	0.00622913074243742	0.004757562030512008	4	1	0.43192271713264474	1	1
UTP20	0.009093208753117416	0	2	2	0.43135607848639046	1	1
PLEKHA5	0.002666071680293372	5.7267576752601094e-5	7	1	-0.42902988003008874	1	1
RAI14	0.027983639063079095	0.21579298329078128	10	0	0.42602517424765035	1	1
MYL9	0.030820367617947438	0.005429868056824354	3	2	0.4259597008926466	1	1
GTF3C3	0.02298598321019553	0.056682504827012335	4	0	-0.4241089125060223	1	1
KCTD9	1.1981917053244299e-5	0.0398065604854015	9	1	-0.42355050547958883	1	1
CAV1	0.047842957181443393	0.06624622800782998	5	0	-0.4221773438914786	1	1
CD99	3.6869291924881297e-6	5.804970553969777e-6	4	2	0.4221053599268568	1	1
LMO7	1.0106579845603455e-5	1	8	0	0.4215039331619037	1	1
CUNH1orf198	0.04694677213567606	0.016410001020054608	3	2	0.42132161431122006	1	1
TMEM260	3.2344340072729285e-4	2.627891611025277e-4	6	1	-0.4203643618887791	1	1
OSBPL6	0.02880620173914137	1	7	0	-0.42030937646644445	1	0.75
NUCB1	3.6869291924881297e-6	9.602951922947517e-4	5	2	0.419158545731791	1	1
RTF2	0.04956878410240872	0.15112244493470167	4	0	-0.4181206730621442	1	1
ADSS	0.01296335434715374	0.007321484148711384	3	1	-0.4173951410694356	1	1
PDE4D	0.009113259858700484	0.0010881738898790045	6	1	0.4154573589450729	1	1
ZNF529	0.0028081458241635314	0.11714859985266683	8	0	-0.4153313595404352	1	1
SLC39A8	0.0022892884447911228	0.0425955365021075	4	1	0.4149386016419523	1	1
FAM45A	0.00199775849468318	1	8	0	-0.41331165357108995	1	1
TBC1D20	0.001274758663704732	0.6454229394084708	11	0	-0.4132384737139982	1	1
BCL2L11	0.002085876478819688	0.005480783752231128	10	1	-0.4131109493393795	1	1
NFKBIZ	7.372331920177102e-4	3.1827430299642997e-6	6	1	0.409494557828251	1	1
IFT122	0.03552500206680546	1	8	0	-0.40913367853847404	1	1
CUNH20orf194	0.015642100824035374	0	2	2	-0.40706481150545637	1	1
RNF145	0.01088424387668901	0.7756911813126336	4	0	-0.4065049483434579	1	1
ZFP36L1	0.007667815391038704	0.005165981767981542	3	1	0.4058966235493925	1	1
ZBTB21	0.036108626392060514	0.7474580985739738	4	0	-0.4057327057144501	1	1
MAP3K3	0.037141402585984445	0.007446428094093045	3	1	-0.40429519033784594	1	1
ARID1B	0.048165216919052276	0.2875421465707935	5	0	0.40426503979989203	1	1
UACA	0.0015309243346875029	0.3737239460913499	8	0	-0.40297658040899376	1	1
C1S	0.03269071914644473	0.19327160416219769	4	0	-0.40229110058723877	1	1
WNK1	1.6332417043969154e-7	0.04831183138698866	8	1	0.40090922363725634	1	1
PPFIBP1	0.004131720156632203	0.047467731960238436	6	1	0.40027509736934064	1	1
NSMCE1	0.04199004117966389	0	2	2	0.4002340258492042	1	1
PCBP2	3.590713905164921e-5	0.0052646872215665564	10	1	0.40000490530580046	1	1
EXOC1	0.028067623484116535	7.353727871971106e-4	7	1	0.39860789367089333	1	1
PPP2R5B	0.008424039506856983	1	6	0	-0.39849568801946567	1	1
ADCY6	0.002737940828829632	0.2681949719835051	7	0	0.3955536096712636	1	1
ARAP3	0.0298270923332115	1	7	0	0.3947930730441559	1	1
CMC2	0.0033449418428100957	0.10689599122309759	10	0	0.3935202181322867	1	1
SLC33A1	0.0034753642664562758	1	6	0	-0.39307865588736157	1	1
FAM135A	0.01753388494745129	0.3375018865698928	7	0	-0.3926569926040201	1	1
PLEKHA1	0.04663691494219999	0.0037014311779842665	7	1	0.39262407192055776	1	1
ARNT	0.031213344302761344	0.14635013567289948	7	0	0.39107558776643575	1	1
CBLB	0.001719717787590748	0.02915504691961602	6	1	0.38917889925874916	1	1
HAUS3	0.009195873534742318	1	7	0	0.38900225337384786	1	1
NOX4	0.036772282988619176	1	7	0	-0.38839606094108164	1	1
KCNJ15	0.019872272693329182	0.027579205134476814	5	1	-0.38810039323779794	1	1
IL1R1	0.01078545135134264	0.004240368690271335	5	1	-0.38792149328649617	1	1
STK40	0.03338170321985531	0.12622351900659523	3	0	-0.38786123264073313	1	1
SGPL1	0.002550236829415913	0.2235553619587964	6	0	-0.38779229661724457	1	1
SORBS1	0.001295414679673615	0.486141978831523	13	0	-0.3869315532339466	1	1
NOSTRIN	0.010558547473920267	1	13	0	-0.3867913741305069	1	1
FZD6	0.0010558866082427882	5.409760246147329e-5	3	1	-0.38515052747025186	1	1
EMID1	0.04345845293722973	1	5	0	-0.38514255107448053	1	1
PC	0.0038268619924096896	1	14	0	-0.3843483982407535	1	1
CD44	0.01202465093727393	0.17025219363512717	5	0	-0.3821713885668207	1	1
TEX10	6.666133045943097e-12	1.1934821068816952e-5	8	2	0.3820181869860316	1	1
BNIP3	0.02545137083367515	0.004521158881168733	4	1	-0.38124075652367334	1	1
TNC	0.028529073994802888	0.004368868221596362	3	1	0.38040148390151324	1	1
NSRP1	0.005546540277758134	6.932508800897431e-5	5	1	0.37799135232531733	1	1
ICA1	0.04761027910814273	1	8	0	-0.3773790914307364	1	0.75
PEX3	0.02992774935320079	1	5	0	-0.377153121854457	1	1
RAD54L2	0.03130321358999665	0	2	2	-0.3770357084417425	1	1
PGPEP1	0.02539880222918324	0.08573324958432854	4	0	0.3766525235368259	1	1
DOCK9	0.026053314612790205	0.20517587148672228	6	0	0.3748147237621825	1	1
LOC113267060	0.008542692741627896	1	6	0	0.3745996498940821	1	1
SMG5	0.03338170321985531	0.05381804853736089	4	0	-0.3745403844367282	1	1
NEK4	0.03722737172133699	0.5837298427806531	6	0	0.3744225260784709	1	1
CLCN4	0.014889213134705525	1	5	0	-0.37162644659761307	1	1
SUGCT	9.021455342627675e-4	0.7811376679501489	5	0	0.3711859823918291	1	1
PHF20L1	0.02485667338297663	0.02466589655874336	5	1	-0.370840065003026	1	1
FRS2	0.01945731496949835	0.06436869984225747	5	0	0.3688986314036898	1	1
MARVELD2	0.03435964349729741	1	5	0	0.36794594020076227	1	1
KIAA1109	0.010237252924260875	1	9	0	0.3676978455651456	1	1
ZNF286A	0.04761027910814273	0.04329594413327255	4	1	0.36356395308156614	1	1
COPS7A	0.032727383722372515	0.402771337287784	3	0	-0.3629410328536077	1	1
PLS3	0.0012198825094320448	9.324144049081354e-5	3	2	-0.3626253824820774	1	1
ARHGAP18	0.002685591193087169	0.007358217626240119	4	2	-0.36230795987537334	1	1
CES3	0.021677965331121138	0.3779801583189328	8	0	0.3621929115796121	1	0.75
COG2	0.0032561195436509598	0.9326704171510042	6	0	-0.3611275608409076	1	1
LOC113269674	0.009747256259630655	1	7	0	-0.3604727821221798	1	1
GPATCH11	0.012007512341563198	1	6	0	-0.360307438281068	1	1
SELENOT	0.001856736104753687	5.338534325904244e-5	5	1	-0.36019218686776966	1	1
MEF2A	1.3672593659705502e-6	0.0022678413587613674	9	1	-0.3590147878896554	1	1
LOC113252152	0.010558547473920267	1	11	0	-0.35699791012553717	1	1
ZFP90	0.01747340883171199	0.006110129698034206	7	1	-0.35671676161110677	1	1
APP	1.0371048308354102e-5	6.086781230602968e-4	7	1	0.3556400909725122	1	1
TANGO2	0.016989158542295477	1	9	0	-0.35442005452054787	1	1
GALNT11	1.4340193231175777e-8	9.798883358127664e-4	10	1	-0.35441017861735025	1	1
MRTFB	0.003744194754307295	1	6	0	0.35398529529782796	1	1
UGGT1	5.612870222385461e-4	0.06533473857096717	6	0	0.35295767088544594	1	1
LIFR	0.005346013570763531	0.041309058075127934	4	1	0.35290382268375964	1	1
LOC113262286	0.018913060855776178	0.252212437761466	12	0	-0.35273750445781005	1	1
RHOBTB1	1.015955215485719e-7	0.1747979828299548	12	0	0.35244362800135154	1	1
ALDOB	0.009640128106904572	0.10484728442622006	6	0	0.3497927430615715	1	1
IPO11	0.01187771910022312	1	12	0	0.3495541630423924	1	1
B3GALNT1	0.018059714856209802	1	13	0	-0.34820407762635747	1	1
PML	0.024855204844844603	1	9	0	-0.34801554615706526	1	1
LOC113246261	0.011819479069985754	0.3777157590235962	9	0	-0.3460006306366054	1	0.75
LOC113250780	0.0032561195436509598	1.5403162944509493e-4	3	1	0.3455321842233311	1	1
RANBP3	0.0014516933911809633	0.09796873715323949	12	0	-0.3451488595397873	1	1
MYO6	9.13403682706993e-6	1	10	0	-0.34374765383266526	1	1
HADHA	7.743345286526058e-5	0.026241255289708717	9	1	0.3434646939814321	1	1
CD47	0.028746089200352095	1	7	0	-0.34150487001480434	1	1
SCAF11	0.003156270795635221	0.0494106721370906	8	1	-0.33977972790004407	1	1
YARS	0.048165216919052276	0.5082791740138114	9	0	-0.33931174642121054	1	1
CHIC2	0.032011692621924	0.12161205545378226	8	0	-0.3383636723865512	1	1
RIN2	0.015405280895163747	1	9	0	0.3380450513226209	1	1
HIPK3	0.01311811627625067	0.0171451934343055	5	1	0.3371889098319563	1	1
FMO2	4.6789437528170595e-6	0.06770753363093246	7	0	-0.33663829863498246	1	1
MTHFSD	0.044539381548615156	1	10	0	-0.3361246796156423	1	1
RBPJ	0.03190654006535881	1	6	0	-0.3358949125812237	1	1
HAUS4	0.008711876684205175	1	7	0	-0.33587103046452593	1	1
RABGGTB	1.8219456506538656e-5	2.6960374717433057e-5	5	2	-0.3354600605931156	1	1
SMU1	0.0015998420397914624	9.85395814966908e-5	4	1	0.3354157645307665	1	1
TMEM43	3.4960970930452236e-4	0.006680220326525202	5	1	-0.3354128673091923	1	1
IDH3B	0.0017978969840971076	0.10753474246948622	6	0	-0.33469166263348316	1	1
CUNH5orf22	0.03752617129201823	1	10	0	0.33442381348655237	1	1
FHOD3	0.02473476501734407	0.0900163756824036	7	0	-0.33421385291857164	1	1
SPTAN1	7.784887792932223e-4	0.028882919076799324	7	1	-0.3339058524023495	1	1
SUOX_RAB5B	0.030422802622167035	0.030621964793953706	3	1	-0.33380206832924264	1	1
SLC35C2	0.0018451852146605093	1	12	0	-0.3332719415885886	1	1
NF1	0.01340968769543112	0.4644064195140026	7	0	-0.3324077663676014	1	1
GHITM	0.0050022898019008435	2.548233857067801e-4	3	1	-0.3322860648852739	1	1
DNAJB4	0.012647155616514746	0.049555310937569076	5	1	0.33153149062536474	1	1
CARMIL1	0.037315353073000226	0.21500995776001156	4	0	0.3308755078777903	1	1
DYSF	0.046006897592886314	0.20589617386374973	12	0	-0.3307019430268843	1	1
ERBIN	0.030820367617947438	0.007080860557530203	4	2	0.32956021457571816	1	1
COPS3	0.013239805527554303	0.2845751500910147	6	0	0.32908263645671726	1	1
VIRMA	6.130961628177182e-5	1	9	0	-0.32879796129078587	1	1
ZSCAN22	1.4780520744216117e-5	1	7	0	-0.3286677259879212	1	1
LGALS8	0.0032561195436509598	1	7	0	-0.32857989993793474	1	1
TMCO3	0.0049003190785634814	0.11648658166990797	14	0	-0.32772655820070024	1	1
ZNF638	0.0024171097185622346	1	15	0	-0.3275873380410993	1	1
PJA2	0.024847623699383682	0.6157991367507252	4	0	-0.32722252153307385	1	1
CYTB	0.0200434555637755	0.0017599491136479442	3	1	0.32675786842523635	1	1
SARAF	0.012159800861902251	0.0017462376627263134	5	1	-0.32624759908216544	1	1
CRYAB	0.011692121439969864	0	2	2	0.326215149345782	1	1
MKRN1	0.04358781049867078	0.009506891108932554	3	2	0.3256579368712408	1	1
RNF111	0.01993853370902858	0.04191728994052792	9	1	0.3251070127605975	1	1
FAN1	0.03622251442043339	1	10	0	-0.3225999519727015	1	1
DERA	0.04311912460697642	0.08906198468747777	5	0	-0.3208052236491241	1	1
SPAG1	6.37614759827673e-4	1	4	0	-0.32070314341191797	1	1
IPO7	2.5660562676632567e-5	0.0016915983549561017	7	2	-0.32016253270353423	1	1
NIPBL	0.02532637903010605	0.013233038108413628	6	1	0.31832667436467627	1	1
ADK	0.04890255801036347	1	8	0	-0.3175809148587221	1	1
TTPAL	1.555236885589951e-4	1	8	0	-0.3172621822385953	1	1
PNPO	0.020902103111977238	1	10	0	-0.3166855271780756	1	0.75
EFCAB14	0.0015749479944414256	0.43430403503549486	7	0	-0.3162942600429295	1	1
CFI	0.004552508040890804	1	11	0	-0.3158885894896981	1	1
HSPA4	2.6013780012999825e-8	4.7513862305681165e-7	4	1	0.3155509587003821	1	1
MYL6	0.0033272472307754207	0	2	2	0.31370478479380304	1	1
BNC2	4.022888058964377e-5	0.003751497003836794	5	2	-0.3130303511624271	1	1
MBNL2	0.03722737172133699	1	9	0	-0.3125967952828672	1	1
USP4	0.00960276919105464	0.16789312237563972	7	0	0.3125128516779974	1	1
RXRB	0.04595035632647415	0.09182758073755469	5	0	-0.3106641950983493	1	1
DVL1	0.0174463920184195	0.8953816628321811	5	0	0.3100770023784043	1	1
IVNS1ABP	2.5481296696015906e-4	2.4403975628326115e-4	8	2	-0.30809242623776967	1	1
RPRD2	1.1670183940954465e-4	0.005396981163416717	6	1	-0.3075061851982186	1	1
LIMCH1	1.2536211941571738e-5	0.006130681914716365	8	2	-0.30730382732279227	1	1
EPB41L2	0.008903597025159615	0.003773721154374964	11	1	-0.3070277244986457	1	1
CHD9	0.018913060855776178	0.42863730469409506	6	0	-0.30505438123690887	1	1
FZD1	0.007758838764965825	0.0025945552636932215	4	1	0.3049794647176554	1	1
ELOVL5	0.02189470956129499	1	15	0	-0.30478969987388066	1	1
MYNN	0.03169303891646797	1	6	0	-0.3027462449431436	1	1
COL12A1	0.04890409275788529	0.08400703532877338	5	0	0.3005157341294483	1	1
TRMT10A	0.031940993440940944	1	8	0	0.3002729430842663	1	1
ACER3	0.00910676107808055	1	5	0	-0.2988643063670965	1	1
ATL2	0.03603073839894344	0.08881218476621774	8	0	0.2987682602766669	1	1
ACSM5	0.007452068640584802	1	12	0	0.29788929242162776	1	0.75
MAT2B	0.01865018899187799	0.006847305048361166	4	1	-0.2978574122718927	1	1
RTN4	0.030422802622167035	0.6603127040582144	5	0	0.29628958300206953	1	1
ZMYM2	6.740822837004643e-4	0.1802500096195168	11	0	-0.29367179682615374	1	1
ETFDH	0.004951072740291199	0.6474441295388718	8	0	0.2933974853474621	1	1
MIA2	1.2080928420639295e-4	0.12907716213674597	8	0	0.2930006590877164	1	1
PKP4	0.02161970046414024	0.01664865814550186	7	1	-0.2928143585536909	1	1
B3GNT2	0.011754283190393728	1	5	0	0.292772062777629	1	1
DCTN2	0.04513123956611183	0.008137799305861683	3	1	-0.2922276034922149	1	1
FAM160A2	0.03232282329248038	1	9	0	0.29203064768741854	1	1
CEPT1	0.04181973264819038	1	15	0	-0.29085578164381176	1	1
LOC113248518	0.0032561195436509598	0.583239446759204	13	0	0.29068040054989686	1	1
TMEM87A	0.0012906180811977496	0.08867913287993526	9	0	-0.2905419840801209	1	1
AAK1	0.030093916396667007	0.4745879219473997	14	0	-0.2904754662063291	1	1
CSTF1	0.0013438896177893438	0.025879131175183874	5	1	-0.28942817285934064	1	1
ANXA6	0.028600193100558172	0.08045137317527812	6	0	0.28888480837180397	1	1
SYTL2	0.030093916396667007	0.4252945025319667	9	0	-0.28811931540180424	1	1
CLPTM1L	0.013249015284887687	0.04537247289315352	5	1	0.28783058290439695	1	1
SRGAP2	0.048908854202521425	1	11	0	0.2878221665690839	1	0.75
ARHGEF28	0.002685591193087169	0.008228441729255551	4	1	-0.2874322983296628	1	1
ENAH	0.01388662805478547	1	4	0	-0.287409189503767	1	1
SMARCA4	0.0018699034648530632	0.09557828721868081	12	0	-0.2871567156501816	1	1
MYO9A	0.01150177572952501	0.1726194477842692	5	0	0.28628614513098055	1	1
EHHADH	0.026488745794656172	1	11	0	-0.2862417907427319	1	1
ACIN1	3.146590751364857e-5	5.427204318806233e-4	12	1	-0.2858517684618206	1	1
CEP57L1	0.04311912460697642	1	8	0	-0.28580424019183603	1	1
TTC38	0.015580183345898578	1	9	0	-0.2856839342727387	1	1
DCXR	0.044539381548615156	0.004204612381740284	4	2	-0.2854544714003044	1	1
TRAPPC11	4.3049465617934715e-6	0.3194881232750122	9	0	-0.2851962638571255	1	1
LOC113251518	0.003602439714447399	1	11	0	0.28439417000606937	1	1
BZW1	0.011692121439969864	4.4088844060668515e-4	5	1	0.28307148235419716	1	1
RAPGEF3	0.0030682190419592877	1	12	0	-0.2810109521464098	1	1
MIER1	0.008036969349441352	0.9173539189197254	9	0	-0.27937086300113806	1	1
PXN	2.0396147619928842e-4	0.199436205973528	10	0	-0.27886154988391093	1	1
RIMS1	0.047754898299871125	1	4	0	0.2778007535549847	1	1
PRKAA1	0.01490809431304201	0.15367696370085432	6	0	0.277376798720668	1	1
AFDN	5.211728170947726e-10	0.06914895581587412	9	0	0.27733588390639524	1	1
LTBP1	0.0200434555637755	1	8	0	-0.27694020593285884	1	1
PQLC1	0.019361288285568812	1	6	0	-0.2754744413020979	1	1
CDH5	0.011692121439969864	1	10	0	0.2750047434789867	1	1
HSPA9	0.040038641722490304	0.2254631196418983	4	0	-0.2749862874033249	1	1
RUSC2	0.014807109780875216	0.4117485183030319	15	0	-0.2742703625466007	1	1
PCMTD1	0.048165216919052276	0.5676983201899056	8	0	-0.2718660972489998	1	1
BET1L	0.013239805527554303	1	6	0	-0.27049432596640566	1	1
NCL	0.0014425006370915568	0.015379413236742143	5	1	-0.270488620030701	1	1
ZFAND5	0.0018451852146605093	0.0010434726801437871	5	1	-0.2701579532929929	1	1
CTNNB1	0.006079423744547439	0.02705176222850578	6	1	-0.27013662996667576	1	1
APOL6	0.04663691494219999	1	6	0	0.26921971990854837	1	1
GID8	0.032925083188194953	1	5	0	0.26886244296428186	1	1
EHBP1	0.013240887741486665	1	10	0	-0.2687265421321627	1	1
BTD	0.00565061360509268	1	9	0	-0.2669006757128223	1	1
IZUMO1	0.025496335870115072	0.42656343232084254	6	0	0.2659011287118011	1	1
KANK2	0.025871967820144642	0.658468649963461	10	0	-0.26457784332746237	1	1
NUB1	0.02113121209464347	0.8170676097511421	4	0	-0.2632771578662372	1	1
ANP32A	0.009840536707851606	0.3241913043115708	3	0	0.2626940686118814	1	1
GCLC	0.01793547131952254	1	5	0	-0.26264393106652184	1	1
PLA2G7	0.02607927277608961	0.0891516918157351	10	0	-0.2620421589324922	1	1
NDUFA10	0.0033449418428100957	1	9	0	-0.2620332877587632	1	1
ACAD8	0.02775074680254642	1	6	0	-0.2583215343677929	1	1
GTF2I	0.0038061529496477065	1	10	0	0.2574198165003965	1	1
DCTN1	0.0033272472307754207	0.0895611952517836	12	0	-0.2569797815994269	1	1
SLAIN2	0.031198263207643087	1	4	0	0.25580289082767427	1	1
LOC113243115	0.012758213167050787	0.19248498290980384	12	0	-0.2554340419817924	1	1
SEC31A	0.03130207129701232	1	12	0	-0.2532254218947018	1	1
VNN1	6.130961628177182e-5	0.7253738697087743	8	0	-0.2515203893560005	1	1
C2CD5	2.786640887380048e-5	0.3124434634295023	13	0	-0.24959944244454488	1	1
ELF1	8.437665087738451e-5	1	6	0	-0.2478182085208097	1	1
ARHGAP24	0.029433624642081397	0.5960438827796374	7	0	0.24711160213509187	1	1
SRRM1	0.045095804369683745	0.26990339234500443	11	0	0.24693129297494681	1	1
PRPF4B	9.13403682706993e-6	0.014025531848726572	13	1	-0.24664389408724788	1	1
ASPRV1	0.04513123956611183	1	12	0	-0.2466040283923225	1	1
RBM10	0.023754213357897163	1	11	0	0.2459727920809468	1	1
APBB3	0.04216022658630424	1	12	0	-0.24470818855092047	1	1
ASCC2	0.02787974317221123	1	7	0	-0.24389501587811235	1	1
SEPT11	0.047274106296552744	1	5	0	0.24383208709297516	1	1
HAT1	0.03338170321985531	0.05832482871599933	5	0	-0.24179574085531108	1	1
LOC113244112	0.03151446847317767	0.20438467776752783	7	0	-0.24172655859248246	1	1
FBXO28	0.025663005078616262	1	3	0	0.24156916708186535	1	1
PPP2R5C	0.01490809431304201	1	10	0	-0.24132356583341524	1	1
SMARCA2	0.01202465093727393	2.259687818270705e-4	9	1	0.23973729618788944	1	1
DDX17	0.02579521994576607	0.07234687735297458	4	0	0.23958121004042499	1	1
AQP7	0.01963533940707468	1	9	0	0.2387634961432248	1	1
FTO	0.008026518474748737	0.9969102726122003	8	0	-0.23863663944444552	1	1
SDCBP	0.012832254033066466	0.06504082631024821	5	0	-0.23692796035798108	1	1
KDM3A	0.002207587858078393	1	6	0	0.2360324257745575	1	1
SPECC1L	0.00520337568116949	0.05475276883055145	5	0	-0.23589610348442167	1	1
PPP4R3B	5.211728170947726e-10	0.1211761653197036	6	0	0.23575111237653995	1	1
DDX6	9.426834303506236e-5	1.4841518995447461e-5	5	1	-0.2355750284446077	1	1
CSNK1A1	0.025552059262792092	0.09617104847011561	7	0	0.235394947111342	1	1
PSEN1	0.017220188593166343	1	5	0	0.23462077556334424	1	1
HDAC10	0.02885285843335731	1	20	0	-0.23394335074958345	1	1
CDC5L	0.003964576547534845	2.010239407247181e-4	3	1	0.23250698321964536	1	1
UAP1	0.02375461305596755	1	11	0	0.23021048864623558	1	1
MIA3	1.6330626641638293e-9	0.004056982283505278	9	1	0.22947193846605485	1	1
SPICE1	0.03190654006535881	1	6	0	0.22927604139151198	1	1
CAPG	0.0012198825094320448	1.4302385173620236e-4	4	1	0.22909970454821083	1	1
ACSL1	3.731086468098844e-4	0.12784185261284578	12	0	0.22881605258268092	1	1
USP14	0.02579521994576607	0.006711730418512711	6	1	-0.22837146541471393	1	1
LOC113246847	0.00556561162562979	1	10	0	0.22759034527565208	1	1
PPP1R12A	0.036107094745157206	0.1819877643800633	4	0	-0.22607994762509998	1	1
RBM12B	0.010227430410976233	1	11	0	-0.22587977722555722	1	1
USF1	0.0026591031432146974	1	11	0	-0.22492200856546912	1	1
TSC2	2.313965861513683e-5	1	9	0	0.22490113934604827	1	1
LOC113246573	0.0026483040422074352	0.45948803252491294	14	0	-0.22467913828761396	1	1
HNRNPH3	3.8848669932611173e-4	1	11	0	0.22319865124573757	1	1
GLYR1	0.006079423744547439	1	6	0	0.21803302698352955	1	1
LOC113265994	0.0023758979784267178	1	10	0	0.21776064887813915	1	1
GNG12	0.04698213139459854	0.2164676534124235	6	0	-0.21749879615683687	1	1
PTEN	9.13403682706993e-6	1	3	0	-0.21673607631278752	1	1
FBXO21	0.01571788629955668	0.15742330902218774	10	0	-0.2158448049463117	1	1
MAP4	6.37614759827673e-4	1	11	0	0.21583271588735872	1	1
OAZ1	0.006688720757179114	0.0018323658540085176	3	1	0.2156689284015041	1	1
RNF141	0.04329769628068368	1	8	0	-0.21531463072128426	1	1
PARG	0.038338167916830874	0.013762385768806475	5	1	0.21522534754353423	1	1
ARHGAP12	0.017220188593166343	1	8	0	0.21521749548818309	1	1
ZNF606	0.016031331417269853	1	5	0	0.21358863234542136	1	1
LMNA	0.003043495323290413	0.21934588332250235	3	0	-0.21356937953482635	1	1
DNAJC13	0.0064772825582710865	1	4	0	-0.21278406662448762	1	1
RBM6	0.0015795495296665129	1	14	0	-0.2127194152849356	1	1
EIF4G1	0.0025504832784146456	1	13	0	-0.21125188150287835	1	1
OSBPL8	5.5092715743425595e-5	0.007301257498968878	11	1	-0.21110667530123348	1	1
NAP1L1	0.036162072300652374	0.2551070736959264	6	0	-0.2106541794294385	1	1
CPD	0.017267181618744153	1	3	0	0.20669950837420908	1	1
CPEB4	0.03124621944863222	1	3	0	-0.20650942246138626	1	1
NEBL	0.015276953026183567	0.8459126405371167	4	0	-0.20545189371801761	1	1
COL3A1	0.012249393087900575	1	7	0	-0.20520202252546985	1	1
BRD8	0.01564443043917933	1	17	0	0.2046290091873619	1	1
LSM14A	0.04853120375609668	0.07403984791961972	6	0	-0.20161455035862508	1	1
KMT2E	0.030914804074733834	1	5	0	0.20156153177661462	1	1
PLXNB2	0.015556734584798495	0.8098857415614887	9	0	-0.20129600585415397	1	1
SIRT5	0.0012018272684264522	0.05065653767313549	6	0	-0.19931532089072534	1	1
SLC35A3	0.048165216919052276	1	3	0	0.19650529629383595	1	1
NMI	0.022850991067268935	1	7	0	-0.19604660828067447	1	1
FNBP1	0.019801749995655624	0.7466509617032174	7	0	-0.1927759278069251	1	1
PI4KB	0.0465999022135114	1	11	0	0.19256424966267033	1	1
CTSH	0.017220188593166343	1	6	0	-0.19089620751934133	1	1
CREBRF	0.038151672017749515	1	4	0	-0.1907453889085602	1	1
BIRC6	1.9315671960022957e-5	0.0086656540523977	8	1	-0.18949036841303693	1	1
MKLN1	0.026566597437243347	0.9138562829375674	9	0	-0.18893717835961557	1	1
USP8	0.02685141346890615	1	5	0	-0.18834096173231063	1	1
CPE	0.04939828451101879	0.011854789075374171	4	1	-0.18830124592401098	1	1
TPD52L2	0.04513123956611183	1	3	0	0.18745448297674006	1	1
SLC25A36	0.008624598637655509	1	8	0	0.184692869651927	1	1
ALDH1L1	0.01793547131952254	1	14	0	-0.18430743254674264	1	1
ITSN1	0.015405280895163747	1	11	0	-0.18244409101491701	1	1
LOC113258542	5.415609984522497e-4	1	12	0	-0.1796386749185177	1	1
STAT1	0.01772578227553276	1	7	0	-0.17956627763004157	1	1
GPRC5C	0.012037276751925981	1	11	0	0.17846021238430376	1	1
PPP6R3	0.005728524858207893	0.7388453933997235	21	0	-0.17820905431682665	1	1
PPP4R2	0.02885285843335731	1	4	0	-0.1766980559424494	1	1
EIF3L	0.012793034865329459	1	6	0	-0.17422114435487862	1	1
FAM192A	0.015380051036282743	1	9	0	-0.17292174909386784	1	1
LAMB1	0.0016017797141170938	0.29558025222315215	11	0	0.16928572247595766	1	1
LOC113244552	0.031429962089612185	1	4	0	0.168738335640811	1	1
DDX5	0.0015309243346875029	1	8	0	-0.16857937345418395	1	1
HNRNPDL	3.2344340072729285e-4	0.18845279878061472	5	0	0.16816466583514517	1	1
COPS2	0.02787974317221123	1	4	0	-0.16747561672029213	1	1
EPS15	0.030649303951711507	1	11	0	-0.16537805356810198	1	1
CTNND1	0.007226196757411185	1	9	0	0.16198336639853408	1	1
WDFY3	0.04358781049867078	1	5	0	0.1594849043072991	1	1
CDK20	0.002564380711857006	1	8	0	0.15689424244187009	1	1
CREBZF	0.011932920640093759	1	7	0	0.15588895185760565	1	1
LOC113250606	0.04956878410240872	1	16	0	-0.15579519805327222	1	1
GOLIM4	0.03338170321985531	1	8	0	-0.1539132886020303	1	1
CTDSP1	0.04513123956611183	1	5	0	-0.15330358935032917	1	1
LOC113250851	0.008744747623208272	1	10	0	-0.15114523355032075	1	1
BAG6	0.014587583219649652	1	14	0	-0.14693209500049703	1	1
HSP90B1	0.012777780380415734	1	4	0	-0.1457522784666323	1	1
FUBP1	0.025496335870115072	1	10	0	0.1449362582510851	1	1
ATF2	0.035623544882608014	1	9	0	0.14085497958359888	1	1
TRIP12	2.9692897510565487e-4	1	9	0	-0.13895100991013368	1	1
HNRNPC	0.01820972307281349	1	14	0	0.13625621308557379	1	1
SPARCL1	0.01287658563452803	1	8	0	0.13363724989286388	1	1
CLK4	0.03338170321985531	1	18	0	0.1243136425941182	1	1
ARGLU1	0.031148939510149593	1	7	0	-0.11827624582674001	1	1
PICALM	0.02298598321019553	1	8	0	0.11417989260606774	1	1
RBMX	0.045731303411061054	1	6	0	0.10429253414550795	1	1
LOC113249364	0.00910676107808055	1	7	0	0.10110610179317711	1	1
RPL5	3.435310678972435e-4	1	4	0	0.08231263866934768	1	1
PAM	0.0018451852146605093	1	13	0	0.07945543720947668	1	1
