gene_ID	gene_qvalue	minimal_tx_qvalue	number_tx	number_significant_tx	max(Kidney_cortex-Lung)	pct_gene_expr	max_pct_tx_expr
ZNF365	6.696529697619024e-10	1	5	0	0.8974077053279367	1	0.8333333333333334
ITIH1	0.04178363391486712	0.21545098745071392	3	0	0.8906359072676941	0.6666666666666666	0.6666666666666666
SERPINB5	0.044505222366506565	1	3	0	-0.8703491942364927	1	0.6666666666666666
IRGQ	4.854256099775769e-5	0	2	2	-0.8700918547445475	1	0.8333333333333334
RAP1GAP2	3.6882566913015366e-4	0	2	2	-0.8680325553444017	1	0.8333333333333334
ROS1	5.181630946979433e-6	6.106899353253429e-8	4	2	0.8660552054111008	1	1
CSGALNACT1	1.8191516182301986e-5	4.054082762168861e-7	3	2	0.8587737103747158	1	0.8333333333333334
KIAA1614	6.801920984158709e-6	8.15914068775293e-5	6	1	-0.855633464446542	1	1
MGLL	3.0387736503973575e-8	2.2071109430491255e-8	3	2	0.844958257121672	1	1
SLC10A3	1.217946298217475e-4	4.83492504899715e-5	3	1	0.8345595390342961	1	0.8333333333333334
SCML4	0.043725720595996574	0.008892885049436361	5	1	0.8195984842194897	1	0.6666666666666666
ALDOB	3.2540511426215956e-21	5.516723871166834e-17	6	2	-0.8075482018885745	1	1
LOC113269902	0.00674601291669415	0.0032522270392503216	3	1	0.8072566344971043	1	0.8333333333333334
LOC113249328	1.682967911222939e-11	5.191291045973708e-10	5	2	0.8071952613469633	1	1
CHAF1A	0.0045411360873197255	0.008227000404500038	3	1	-0.8059444781590703	1	0.6666666666666666
SLC2A3	0.003268366724184234	0.1309658616588926	4	0	-0.7977635121599339	1	1
ARHGAP9	9.586526302389197e-4	8.356943797113494e-5	7	1	0.795021440558133	1	0.8333333333333334
TRAF5	0.0012725690235190128	0.0014403575187488474	3	1	0.7888090322482141	1	0.8333333333333334
SLC26A4	1.6638595526966826e-4	1.7063433909957065e-4	3	2	0.7883348529960986	1	1
SCML2	0.013691722878412567	0.010398086966929183	3	1	0.7869109136831228	1	1
LOC113267312	0.00478737581147402	0	2	2	-0.7824269882864551	1	0.8333333333333334
STAB1	0.0036919362388451514	0.0019109453448976066	3	2	-0.7731873681373408	1	1
ATP10A	0.004167351568418516	0.01676714331957665	4	1	-0.7617510564969412	1	0.8333333333333334
COPRS	0.018280150532740527	0	2	2	-0.7568531268470602	1	0.8333333333333334
SLC12A8	0.013334049591189797	0.158032704329278	6	0	-0.755222613497804	1	0.6666666666666666
CCDC136	0.009922866909102697	0.022025820382901285	4	2	0.7476636195270812	1	0.8333333333333334
ATP6V0A4	0.010685479115121629	0.04715845888070217	7	1	-0.744144711615389	1	0.6666666666666666
PRLR	3.8279732273696214e-4	2.091325452699385e-5	3	2	-0.743923314265726	1	1
NAT8	9.447523846610154e-4	4.744897212420134e-5	3	1	0.7410014436499057	1	1
TMEM268	0.0022750408216066567	0.0014356324606944716	4	2	0.7402070956104047	1	1
CAMKK1	0.00581787239811675	1	4	0	0.7395672030778152	1	0.6666666666666666
LOC113249476	0.03511256188637632	0	2	2	-0.7395618089339324	1	0.8333333333333334
PDCD11	2.1500197845651453e-5	8.143462062562715e-4	6	1	0.7349727142086815	1	1
ICK	0.03505599787316054	0.010739881678743275	5	1	0.7284564471202761	1	1
FXYD2	1.4319495765402491e-10	1.0055546173820207e-12	3	2	-0.7216033220246563	1	1
CORIN	0.04106222708662734	0	2	2	-0.7204028029647346	1	0.8333333333333334
LOC113244018	5.671554460299879e-15	1.631610272117782e-11	3	2	0.7202993246026415	1	1
HIVEP2	0.00530101291319021	0.002202835106710947	5	1	0.7167942633170181	1	1
KLF15	6.312976248773434e-5	0.004699976600368711	7	1	-0.7165014787052696	1	1
DIO1	0.013471192261537052	1	6	0	0.7157015359845984	1	0.6666666666666666
CRLF3	8.550194577492779e-7	1.1666155102479742e-5	6	1	0.7091555696522428	1	0.8333333333333334
LOC113269262	0.027109683281933816	0.0866299444304654	4	0	-0.7085652436377126	1	0.8333333333333334
ZNF865	0.04310281536985028	0	2	2	-0.708550891866928	1	0.8333333333333334
FHL1	1.3877968917394945e-5	0.5551130075787979	12	0	-0.7043857943391699	1	0.8333333333333334
F7	0.014820799564829637	1	5	0	0.703990156041189	0.6666666666666666	0.6666666666666666
GAS2L1	0.028653041562886526	0	2	2	0.7035195211871254	1	0.8333333333333334
CHST3	0.020568953685513116	0.008166618997482602	5	1	0.700681009783362	1	0.8333333333333334
novelGene_FRMD4A_AS	0.04747416093531156	0.01173804373895719	3	1	-0.6920804941826126	1	0.8333333333333334
KLHDC8B	0.028851944893577203	0.5378134895046144	3	0	0.6901603859441633	1	0.8333333333333334
JCHAIN	0.0010953089805777487	1.1217167228692935e-4	3	2	-0.6899895118279207	1	1
NR1H4	0.020169301154327537	1	8	0	0.6877496932848259	1	1
CD109	0.008203352153434249	9.352224138460366e-4	3	2	0.6853043356789572	1	0.8333333333333334
SLC23A1	0.04747416093531156	0.026291666651528704	4	2	0.684436178454111	1	1
CD274	0.01366286173946444	0.0064208487405416235	5	1	0.6822791869279158	1	1
BMP5	0.006632832630823735	2.873143651079232e-4	5	1	0.6785422288232731	1	1
DOCK5	0.011312440639279806	0.48637143741542904	3	0	0.6762399477363145	1	1
TMEM184A	5.725758328859125e-7	1	7	0	0.6756925387346001	1	1
SGSM3	0.042476297746373556	0	2	2	0.6730280522218814	1	0.8333333333333334
FAH	6.892071618011324e-7	1.2218051934478562e-12	13	2	0.6698666994084141	1	1
PALM	0.007836845889590063	0.005537603106741195	4	2	0.6665342534398047	1	0.8333333333333334
RASA2	0.014386753456445243	0	2	2	-0.6636548274140842	1	1
TSPAN33	0.03302846780395214	0.006084221343033309	3	2	0.6602050775590289	1	1
TLK2	0.002705856647345598	0.0018783342482405461	4	2	0.6590306934664918	1	1
EGFLAM	0.008579069502332153	0.007129447580440106	4	2	-0.6580607656366759	1	1
EDN3	2.2691425000657557e-4	0.007689782421934064	3	1	-0.6470212171187447	1	1
AMMECR1L	0.010344057409567044	0.006611699453458174	4	1	-0.6469053397026078	1	1
CACNA1D	9.523911711905866e-5	7.757366671097762e-6	3	2	0.6446958463201479	1	1
AFAP1	0.017671603981931294	0.22463948869636272	4	0	0.6381034778851171	1	1
TBKBP1	0.045682657691127476	0.10531953194400268	4	0	-0.6370920987609892	1	0.8333333333333334
SLC43A3	0.0015015417703013116	0.007811813866761831	5	1	-0.6326259632379563	1	1
NAV2	0.047674040374285374	0.013639591872021054	3	1	0.6316103596484471	1	1
AQP7	3.381902306080891e-4	5.151355072757836e-4	7	1	-0.6301391978121516	1	0.8333333333333334
COLEC11	0.009136177758187255	0.03691338507775514	6	1	0.6286484216563318	1	0.8333333333333334
BAIAP2	0.029863525102216838	0.02316361487805474	5	1	0.6224905140081328	1	1
FCHSD1	1.8925465060325487e-4	0.12991602642658462	6	0	0.6205643760438695	1	1
EIF1AD	0.03242569826248176	1	5	0	0.6200070987680153	1	0.8333333333333334
SEC23IP	5.065171914988186e-4	0.0013409097874319625	9	1	0.6181217108308026	1	1
MACF1	7.68000014456859e-24	6.116597965509893e-17	8	2	0.6102032618072446	1	1
MPST	0.04012374547073701	0.07156304066058787	4	0	-0.6078000237962965	1	1
LOC113246291	2.6775595561337424e-49	5.689550990298701e-21	7	2	0.6066147175837976	1	1
LOC113259624	2.4332360301335835e-5	0.47782556318661223	7	0	-0.6060133306519607	1	0.5
BCAR3	0.03848572080488762	0.04780840143521549	4	1	-0.5984595861352722	1	1
B3GNTL1	0.008826025493130307	0.025182613857236472	5	1	0.5954447370866893	1	1
ZNF75A	0.041427805162208634	0.014990088563050308	5	1	0.5947821253962341	1	1
ABLIM1	8.996103262557842e-14	4.361566734350989e-13	5	2	0.593957299396295	1	1
IRAK2	0.042463009652658194	0.04908383478392215	5	1	-0.5935788502064085	1	1
LOC113249318	0.04934915143793783	0.009837632781366326	3	2	0.5926601075025044	1	1
PAH	6.981990361402561e-5	0.9612545279261508	6	0	-0.5898279629370471	1	0.5
CEP162	0.04249284846165552	0.13338970895265942	4	0	0.5892036627461577	1	1
RASAL2	0.0034308337997825374	2.1892129649432485e-4	3	2	-0.5889642895140513	1	1
LOC113250773	0.031676662502533495	0.10585002204499673	8	0	0.5865259046194935	1	0.8333333333333334
PLEKHA4	0.020624396211661938	0.2967201496101036	4	0	-0.5828534439789876	1	0.8333333333333334
COL6A3	0.007924856259571355	0.06471272939174257	7	0	0.5824787232794463	1	1
PAPSS2	4.6562422434955735e-5	0.0237201176262232	6	1	-0.5823612297270203	1	0.8333333333333334
STX10	0.002514803455046183	0.007952461356355927	7	1	-0.5763597836685123	1	1
LSP1	7.395266577728448e-16	3.696685730435785e-6	5	1	-0.5748413708080788	1	1
MED14	0.016090003058815108	0.12489777738552864	5	0	-0.5745189117489959	1	1
ILDR1	0.03174463611501683	0	2	2	0.5706812714231526	1	1
FOXP1	0.017416924489127517	0.14703588693548997	5	0	0.5692209735701635	1	1
STK38L	0.003981941702470729	0.07328858795790776	5	0	0.5678094664112838	1	1
LOC113249536	0.006464433985974471	5.450350668574002e-4	3	2	0.5668830451586474	1	1
SGF29	0.0031198000553839954	4.869969208617122e-5	7	1	0.5653788831580698	1	1
CPEB2	0.027847931574673655	0.29480993479433737	8	0	0.5653112457117406	1	1
MTMR2	0.0024454473043078197	7.618746328728555e-4	6	1	0.5580634502888884	1	1
PTK2	4.854256099775769e-5	2.7940088707036835e-4	6	2	0.5552367241377452	1	1
THAP4	0.028653041562886526	0	2	2	-0.5546511294904666	1	1
ABLIM3	0.002514803455046183	1.5480276262738968e-4	5	2	-0.5532576155502194	1	1
GSN	4.580058326366616e-34	1.5012725930087636e-25	4	2	0.5528646485710865	1	1
KYNU	0.005002160490774294	1	5	0	-0.5517317700587536	1	0.6666666666666666
CEMIP2	5.2496230945214273e-20	0.009594676794988963	8	1	-0.5505662528763183	1	1
MALL	0.010354216481000805	1	5	0	-0.5498214700670541	1	1
BHMT	0.002133484423933866	0.05815159397087991	5	0	0.547867254212169	1	1
MCOLN3	0.03363059894301072	0.07621507818303148	5	0	-0.5429623445538745	1	0.6666666666666666
HOGA1	5.397541438905349e-5	4.0746784913939237e-5	9	2	-0.542102700453524	1	1
CCDC50	6.801920984158709e-6	0	2	2	-0.5394136425316877	1	1
ATP5MC1	2.1209208506142123e-6	0	2	2	-0.538346796981636	1	1
BCL6	5.682193830824173e-9	9.19378565691246e-7	6	2	0.5378299091663933	1	1
NF2	0.01071575484729318	0.04448910068181579	7	1	0.5368828034567014	1	1
LMO7	1.6488068974075695e-36	1.7536340792585413e-7	8	2	-0.5333516259858542	1	1
PTK2B	0.0076887994047455084	1	6	0	-0.5296186767864031	1	0.8333333333333334
SIDT2	0.02393432909959661	0.33506723795852933	6	0	-0.5291059179711485	1	0.8333333333333334
DHX32	3.016264526787837e-4	1.7206025312993905e-4	4	1	0.5271774563303027	1	1
SCHIP1	0.003424091752811319	0.009436124053014083	5	1	0.5253544620296868	1	1
EXTL3_LOC113269942	0.016754999724446766	1	7	0	0.5245623748047856	1	1
TOPBP1	0.028653041562886526	0.093594016118891	8	0	0.5182356052131538	1	1
ARHGEF3	7.721163303849594e-6	3.7852341178099246e-4	10	2	0.515861429056343	1	1
CDK14	4.32023986675932e-5	0.04352783775003568	7	1	0.5151711005165633	1	1
NPNT	3.4774382185017826e-26	8.640525952424028e-18	4	3	-0.5150759051119278	1	1
HAUS4	9.596436167635302e-6	0.0030443943054359597	7	1	0.5137173965399467	1	1
NCKAP5L	0.005546392733040436	1	4	0	-0.5131161926590183	1	1
FGFR4	0.04629734435133124	0.014769844139199953	5	1	0.5130765195419178	1	1
TFB2M	0.02127886139632661	0.3882138458252191	6	0	0.5123374306184678	1	1
SMAD5	0.0013522190884620268	0.17260033045272768	5	0	-0.5111444669439105	1	1
LOC113244609_ANXA4	0.04149322122006784	1	4	0	0.5106504715183928	1	1
VPS13C	4.8823242343728074e-6	0.04018107083420427	5	1	0.506258391058204	1	1
RNF128	6.188505302844669e-5	0	2	2	0.5031881571752631	1	1
RNF125	0.00196303380460236	0.49898016813782575	11	0	0.49996399048432705	1	1
SYNCRIP	1.5604900324824202e-4	1	6	0	0.4993589570822146	1	1
LAMA2	0.021086682667275366	0.03496083981925847	6	1	-0.49843404889449955	1	1
FHOD3	0.008359530851389988	1	8	0	-0.4983179036732315	1	1
SLC2A9	2.2334403340037774e-12	5.122717523284198e-7	9	3	0.4975843060068648	1	1
DAB2	2.8821013410672472e-5	6.300384868656032e-6	6	2	-0.4971510970202514	1	1
STARD13	1.505013262862762e-6	7.521904358026845e-5	5	3	0.494643361432513	1	1
NPC1	7.583934167061176e-5	1.654680309895304e-4	5	2	0.49185463018947473	1	1
LRRK1	0.016472792254965354	0.023978587226975615	4	1	0.49029674746739343	1	1
CUNH8orf58	0.001561864507361181	0.5413709581288806	5	0	0.48541870165059875	1	0.8333333333333334
RBM15	0.004680143000169931	0	2	2	-0.4846598793198652	1	1
SPAG9	1.8191516182301986e-5	2.8560360875096605e-5	5	2	-0.4810539931739518	1	1
CAV1	5.5953522362085876e-6	7.956218457524936e-7	4	2	0.4756818911898538	1	1
FITM2	1.8191516182301986e-5	1.391787514481668e-4	5	2	0.47259480740103643	1	1
IRF1	0.014357022294164221	0.015532893743423794	8	1	0.47253985024878864	1	1
ZMYM4	1.3088475266373707e-8	9.389366245066188e-12	5	2	0.47135871279949954	1	1
APP	1.7662881621130965e-11	4.5364993567982924e-10	7	2	-0.4694718812516289	1	1
FMO1	4.32023986675932e-5	4.4487519717622314e-5	3	2	0.46762784985885864	1	1
MED17	0.021519968711951238	0.0029284553661058994	3	1	-0.4643609030971268	1	1
STARD8	0.0074517506051450235	0.027834172782395177	3	2	-0.4642696817104103	1	1
DAPK2	0.0414730506267629	0.8976731911015186	6	0	0.4629663957786217	1	1
FGD6	0.03520790806859548	0.042621593601451783	3	1	-0.4599713617421698	1	1
PRICKLE2	5.25839487417451e-4	1.6874565474182952e-5	3	2	0.45937270762723725	1	1
WDR72	0.010170714748257278	0.020455679058550273	3	1	-0.4588734523365069	1	1
ABHD4	0.01682452369500027	0.10250641662307222	10	0	-0.45725042161201146	1	1
TMEM125	0.018280150532740527	0.004465177295383965	3	2	-0.4551824538604572	1	1
RFWD3	6.296899561783117e-8	1.773625829187205e-6	5	2	-0.4549781911992438	1	1
BMI1	4.1815563846102485e-4	1.95129866171201e-5	3	1	-0.45321557094421805	1	1
SYTL3	0.006776125786906585	8.391575413200435e-4	3	2	0.4498212784199388	1	1
PBX3	0.037319877093545575	0.0608323004124606	4	0	0.44957158135660263	1	1
LAMB3	1.6855852026252923e-9	8.083563235215303e-8	9	2	-0.44866981283005	1	1
TNK1	0.03969008649990132	1	4	0	0.4474970697932368	1	0.8333333333333334
IL1R1	2.006811090302993e-6	1.670965708454348e-8	7	2	0.4467508140074935	1	1
RNF138	8.008787172455397e-4	0.04670792394824536	8	1	0.4450279690891409	1	1
COL21A1	0.04185857164122906	0.07269308696673897	6	0	-0.4443239267783191	1	1
KIAA1522	0.0021269759907967295	0.8849511459282954	4	0	-0.44363265526170936	1	0.8333333333333334
CDADC1	0.01071575484729318	0.16357119155590377	3	0	-0.4424191597355749	1	1
ECHDC1	3.171152845973898e-5	0.030397533270935678	6	1	0.44241729839606425	1	1
WNK1	1.142815773003546e-29	5.621342509602319e-18	6	2	0.4388317943299116	1	1
SRGAP1	0.031676662502533495	0.011412634567373011	5	1	-0.438425447491421	1	0.8333333333333334
PNPLA6	0.004988304556579854	1	15	0	0.43803743954050056	1	1
PLEKHA2	0.046465734767277805	1	6	0	0.43530122831572293	1	1
MGAT1	0.024241878772365166	0.010886382547524597	6	2	0.4329803212436051	1	1
RUNX1T1	0.00794365177921973	0.04756340205594584	3	1	0.4278121820304325	1	1
NEIL2	0.009228430071210807	0.01566208520488798	3	1	0.42618455822685103	1	1
PKIG	1.6154456533515565e-4	4.158305053756303e-6	4	2	0.42444966481924995	1	1
WWOX	5.512461452168484e-4	0.7195666423464786	6	0	-0.423567132535259	1	1
KIAA0513	0.01068202096440658	0.0019331836135956222	4	1	-0.419269005503131	1	1
JADE2	0.0014412571018507445	0.030314169638053532	10	1	0.4190143779475064	1	1
KIF3A	1.1813767673542352e-4	0.17382184350404567	4	0	-0.4177142433323566	1	1
MAP2K7	0.016090003058815108	0	2	2	0.41540061544378515	1	1
GYG2	0.008018913677625148	0.3289256866591461	10	0	-0.41254010863115953	1	1
EBF1	0.03341285602817278	1	4	0	-0.4122783488560181	1	1
PURA	0.009922866909102697	0.011414777369396977	7	1	0.41015775514332886	1	1
BRD3	0.04283752672462242	0	2	2	-0.4094147671964389	1	1
KLHL8	0.0012511415609410238	0.0015869348321223343	6	1	-0.40915368055935264	1	1
PPP1R26	0.03461986717023814	0.5394295262868045	4	0	-0.4074564631549604	1	1
GIMAP7	0.042476297746373556	0.23643665527957264	4	0	0.40456393519425304	1	1
SPOPL	0.005606182463591888	0	2	2	0.4023774199609057	1	1
PLD1	0.002133484423933866	0.12787482546142023	5	0	0.40122355650178926	1	1
MAT2B	4.6562422434955735e-5	6.778206772134349e-5	4	1	-0.39960832221337994	1	1
POLR3E	0.02736622803796913	0.10534772395815699	6	0	0.3987800240346445	1	1
SORT1	0.03341285602817278	0.09983836418326189	3	0	-0.39791130201054314	1	1
MYO6	2.4442994982713685e-9	0.4609721044572949	9	0	0.3959935149781061	1	1
FAM219A	0.020438736047177868	0.8577548327651981	4	0	-0.39485937390172887	1	1
GPR146	0.04747416093531156	0	2	2	-0.3946804253860019	1	1
YTHDF3	0.024315164880011734	0.0013262653632002148	11	1	0.39404213407405375	1	1
TMTC3	0.008773487960872633	0.3461400348034328	5	0	0.3940351938834853	1	1
LAMP2	2.3791948036107435e-5	6.284957880468238e-7	3	2	-0.39238740428273533	1	1
ADCY6	0.04125284909262167	1	8	0	-0.3920741273769421	1	1
OXR1	0.014357022294164221	0.0033613538478949987	6	1	0.3912349624099443	1	1
CELF1	6.635353390865821e-4	0.6721207420325889	11	0	-0.3908979627956799	1	1
FMO4	0.007877222616937433	0.006828613658977547	9	1	-0.38741685319415137	1	1
DOCK9	1.5112082845571945e-4	0.07487428460794242	6	0	0.3866235808965535	1	1
LAMB2	0.03425480983051361	0.03541582497894756	7	1	0.38448999582544013	1	1
LOC113247645	9.596436167635302e-6	1.798307920139751e-5	8	1	-0.38371633623302637	1	1
VWF	0.035218069601466215	0.05996005218206033	9	0	-0.3826252529845566	1	1
PRKAB2	0.007987445308653784	1	11	0	0.3818486162738358	1	1
TJAP1	0.03281285438369548	0.05048204201274891	13	0	0.3812997262209903	1	1
KTN1	1.464915455566741e-6	8.854781315581086e-6	7	1	-0.3803278820237092	1	1
CMC2	0.008018913677625148	0.18605354461497364	12	0	0.3785909948707392	1	1
ARAP3	1.3524841281083074e-4	1.054996070232888e-5	8	1	-0.3782596675521993	1	1
ICA1	0.002127044421352506	0.34884378920645587	10	0	0.37806596220249367	1	1
ERBIN	4.072299155256448e-6	1.1804586874979547e-7	5	2	0.3765327186581786	1	1
ZNF283	0.017411279202302492	1	7	0	0.37549841982298326	1	1
TMEM30A	0.02794962392605773	0.06455974609886096	5	0	0.37519950987594886	1	1
TBC1D32	0.04653016493578451	0.10457924409075565	3	0	-0.37360234719453655	1	1
PDZK1	1.1235341497773365e-4	0.0034619486588402626	7	1	-0.3729721978225172	1	1
NOX4	0.03146057378298172	5.306851289498467e-4	8	1	0.3720146452574532	1	1
VEPH1	6.422917828597181e-5	0.002843178972568397	7	1	-0.37088618363526193	1	1
EDRF1	0.03859375857233393	0.09920576988338206	7	0	0.3695188452895376	1	1
AKAP2	0.0016111284356630745	5.914753942012477e-4	7	2	0.3691318074454632	1	1
LOC113258085	0.012811087926677822	0.33561413081067626	7	0	0.3683348216047702	1	1
PTPA	0.026486957281232286	0.011944598255688967	4	1	-0.3683204852937001	1	1
ACTN1	0.016090003058815108	0.03358115799680994	6	1	-0.36520843243380496	1	1
BRD1	0.009846274851755526	0.017769192653033714	7	1	-0.36461541217288435	1	1
SUOX_RAB5B	1.8548654625145548e-6	9.495551710563147e-7	3	2	0.36273171070350996	1	1
DGKZ	6.395530416897244e-4	1	11	0	-0.361677276155258	1	1
SLC25A25	1.1842537675923514e-4	0.0056505908499478764	12	2	0.3614306762826093	1	1
CRTC3	0.0020692498108006215	0.13350335394091417	3	0	0.3611868482733967	1	1
ATP7A	0.00358639642780591	0.24719637040451628	3	0	-0.36105500954027725	1	1
TPM1	6.801920984158709e-6	3.8348432673866316e-4	9	1	-0.3606008522430324	1	1
GK	2.1070385288731397e-5	0.035637498555610936	9	1	0.3603681230198063	1	1
TMCC1	0.0016611907412127983	0.6210554507749141	6	0	0.3602600704816103	1	1
KIF1B	1.4042788074512175e-11	2.925295111541793e-14	4	2	-0.35994206096393716	1	1
AGPS	0.003754280658631787	1	7	0	-0.3592952997625708	1	1
TMX1	1.8548654625145548e-6	2.8093166424248364e-9	5	1	0.358409052835095	1	1
DNAJC3	0.030756206901538	0.1512574905387291	4	0	-0.35834497398140863	1	1
PDE5A	0.01330319903027004	0.001116054682296838	3	1	-0.3578832105286263	1	1
PLEKHM3	0.012226307740752465	0.08898877289482553	6	0	0.3578748114022509	1	1
GABPB2	5.664904283572973e-4	5.739494300697345e-6	4	1	-0.35786823477608537	1	1
MYOF	0.013317202320032957	1	7	0	-0.3543959707814799	1	1
PLD3	9.16406468614588e-4	0.049599512729286734	6	1	-0.35402195122009716	1	1
EPB41L2	2.7979161058364438e-8	2.9475696703319885e-5	9	1	0.3519765765186089	1	1
ZNF654	3.8279732273696214e-4	1.372821701845021e-5	7	1	-0.35188655189079876	1	1
TSTD2	0.014424850371210156	0.019907397307690086	5	1	0.3513229328372716	1	1
MFN2	0.015385352358795972	0.44417397062730446	9	0	-0.35075215136856186	1	1
ACVRL1	2.3085733272289145e-7	6.294015423384287e-9	3	2	0.3490743531083307	1	1
CALM3	0.04747416093531156	0	2	2	-0.3482845334070689	1	1
NIN	0.029645202537236643	0.8504370135647167	8	0	-0.34688625195898515	1	1
IL13RA1	0.014797085058175237	0.014996493633726115	7	1	0.3465529441423821	1	1
UPF3A	4.614533250667084e-4	0.0839275607176872	11	0	-0.34541299546215737	1	1
IQSEC1	0.012811087926677822	0.2017111784124049	9	0	0.3445256247678047	1	1
CUNH20orf194	4.2842066265670587e-4	0	2	2	0.34409241535308244	1	1
NUMA1	9.058590309458611e-5	0.6268044621300642	8	0	0.3421501996565144	1	1
CD47	9.780718216041476e-4	0.015078847082925024	8	1	0.34174077507895106	1	1
TRAM1	5.487314601350727e-5	0.1352463370878641	5	0	0.34158589535034284	1	1
MIDN	0.00483203456006107	0.0071914891146678235	5	1	-0.34125251329188633	1	1
PTPRA	0.010076284883369152	0.005437704106561197	5	1	-0.3411093050566316	1	1
RAB3GAP2	0.011304464672942896	1	6	0	0.3397059819129526	1	1
SAMM50	0.024433205099526078	0.002544640732873711	4	2	0.33756456504731236	1	1
RGN	0.020486322357430378	0.009405811801250953	6	1	0.3374424216632846	1	1
TTPAL	4.5186654488603625e-8	0.0017767413152546332	8	1	0.3372890731596478	1	1
SAMD9L	0.02387369667195316	0	2	2	0.3351205787428111	1	1
TMEM106C	0.029218173469747474	0.01634735434355589	5	1	-0.3348295525577104	1	1
SRD5A3	0.001561864507361181	1	4	0	-0.3339060041588012	1	1
ITGB6	0.016754999724446766	0.032183442651179936	8	1	-0.33158041456901705	1	1
GRAMD1B	0.027818534552230906	1	7	0	0.3309533871742344	1	1
RHOBTB1	4.864855626587468e-5	0.016250408872103512	13	1	-0.3293249962625717	1	1
TAOK1	0.04903256820831005	0	2	2	-0.3237126302668703	1	1
WARS	0.002070821785441226	0.023257112114265337	10	1	-0.3222186628244804	1	1
PPM1B	0.011385645864130423	0.057123875928434986	3	0	-0.32212571380904814	1	1
LIMS2	0.04834661723305277	1	11	0	-0.3193551788929381	1	1
ARHGAP27	0.017416924489127517	0.0074274077495124335	4	1	-0.31928150047085585	1	1
ARHGEF26	6.70201442121782e-5	0.025255127879042154	5	1	0.3190648818371271	1	1
SAT1	4.854256099775769e-5	0.02401841982977311	9	1	0.31869972684511255	1	1
LRPPRC	3.6882566913015366e-4	0.0016518757412245406	7	1	-0.3182963621033592	1	1
LRRFIP1	0.005649407073790029	0.013118695973356548	7	1	0.31736954031985143	1	1
TANC2	0.010304112575403269	0.16400699375860225	8	0	-0.3161742854580173	1	1
ZFP36L1	0.01366286173946444	0.03661087550850392	5	1	0.31559866297075156	1	1
RASGRP3	0.0034411540345969977	1	7	0	0.31548585334119716	1	1
LAMA4	3.853600652722438e-16	0.008716679809242766	12	4	0.31511486396443644	1	1
SMC4	0.005914021083010938	2.0642592608762953e-4	4	1	-0.3136948718128962	1	1
CUNH11orf58	0.028653041562886526	0.049327292292918316	4	1	0.313384862293015	1	1
ELN	0.027820594258350727	0.2596558032572541	9	0	-0.3118359742778137	1	0.8333333333333334
SLK	0.008808184874143785	0.011472800836824091	3	2	0.3111074946306478	1	1
CLSTN1	0.016754999724446766	0.1322547710113167	7	0	0.3103139283194835	1	1
PCNX3	0.00786775499879463	0.24131602931728685	6	0	-0.3091491061105487	1	1
ADGRF5	2.1954182454455536e-23	1.1308468630045963e-10	4	4	-0.30895788261803314	1	1
XRN2	5.397541438905349e-5	5.8638872395120936e-5	5	1	0.3080605182340577	1	1
C1S	0.03461986717023814	1	6	0	0.307662551547703	1	1
EHD2	0.03153766441380788	0.10941574288527407	5	0	-0.3030523365695552	1	1
PSPH	0.0024454473043078197	1	8	0	0.302478124695525	1	1
PDLIM5	0.023278783963713114	0.012970535089096567	9	1	0.30206822009168977	1	1
SPTAN1	1.2466496335295692e-11	0.0029528868845063345	9	1	0.3012758384909554	1	1
KIAA1147	0.029645202537236643	0	2	2	0.29842178376428175	1	1
PCNP	0.01841075232930812	0.08754286067650378	10	0	0.29755691151648195	1	1
USP8	0.007206083582277371	3.657389885282273e-4	4	2	0.2950330741485044	1	1
PCBP2	0.0030420331351831116	0.0029386087881306407	11	1	-0.29492322150530803	1	1
ZFYVE16	1.4298025078495478e-5	0.0025804617919408163	5	1	0.293497298934435	1	1
SEMA3B	0.0022973784340416274	1	6	0	0.2922235349979124	1	1
CDKN2AIP	0.014357022294164221	1	5	0	0.2912535591217611	1	1
CAPG	0.0029617736445084787	3.940011673597436e-4	4	1	-0.2911261727551583	1	1
CPEB3	0.03363059894301072	0.36737370698170096	5	0	0.2903039444854647	1	1
ADARB1	0.02601077632779583	0	2	2	0.2902256996837813	1	1
GOPC	0.009125784242590779	0	2	2	0.290115784561384	1	1
TKFC	0.0028248343952983652	1	5	0	-0.28865766374851565	1	1
CALD1	1.3022717137261965e-5	1	12	0	0.28703284007664925	1	1
NCK1	4.850031029711331e-5	0.04714901003433602	6	1	0.2869709107694133	1	1
FZD1	0.005219165171802324	6.993479635964557e-4	4	1	-0.2859522158161614	1	1
MEF2A	0.02601077632779583	0.09529218013746103	11	0	0.28556690593936473	1	1
KCNJ15	0.014990066708260249	1	5	0	0.28193741623555324	1	1
LDB1	0.01115046450374017	0.17732163142874097	4	0	0.2790787900897035	1	1
PRPF39	0.03141978490990765	1	22	0	0.27741029089234753	1	1
ACAA2	0.010986972703419945	4.22211735869998e-4	6	1	0.27627199027965516	1	1
KLC1	0.0016473333963623923	0.0011487348082787694	13	1	-0.2761490171092324	1	1
RAB1A	0.016754999724446766	0.067990394233683	4	0	0.2754277028608211	1	1
COL12A1	0.04478859327536911	0.04488908112800286	6	1	-0.2752888135386593	1	1
PHF20L1	0.013691722878412567	0.019041134976898407	5	1	0.27473070227016605	1	1
PPP4R3A	0.012257956812437496	0.023235254617081237	6	1	-0.27434091926512616	1	1
IMPACT	0.04996973291632985	0.4112638657209848	3	0	-0.27387020989987254	1	1
AMOTL2	1.2679285370258201e-5	0.011387037263852769	4	1	0.27283894639031603	1	1
NCOA7	0.0011723949921178102	0.7694248362884797	7	0	0.27261252124522145	1	1
LOC113248437	0.04032731677556153	0.16377025003905324	4	0	0.2720857020390761	1	1
ADIPOR1	0.027714746411603684	1	4	0	0.2703230289429326	1	1
SEC24B	0.010304112575403269	0.45732148553033264	10	0	-0.27026588570721516	1	1
SCPEP1	0.0012511415609410238	4.932990057559713e-5	3	2	-0.26951906455966806	1	1
MYO5A	0.002541353652354494	0.022022322236091043	6	1	-0.2688049446581221	1	1
USF1	0.009308821977673135	1	11	0	-0.2687265763231738	1	1
ADGRE5	0.04674720109780632	0.09911141793354725	10	0	0.2680096775014269	1	1
DOCK6	0.002166908285215796	1	9	0	0.2679612739794805	1	1
ABCG2	0.0061925246722903445	0.7361368148044897	10	0	-0.2661760506917493	1	1
XPO4	0.0415802825665279	0.01060626910465716	7	1	-0.26576662661311734	1	1
VNN1	6.546617210590682e-4	0.027831461267106748	6	1	0.2653449601776803	1	1
ARFGAP2	0.010986972703419945	1	13	0	0.2629068897078052	1	1
APLP2	0.010294971480629855	0.5633459995704799	5	0	0.2614223258660739	1	1
STN1	0.0306349826557758	1	5	0	0.2590197397183261	1	1
LOC113243704	6.77686328890018e-4	0	2	2	-0.2577693861743293	1	1
GALNT11	0.029218173469747474	0.14999741476622966	14	0	0.2560772853408374	1	1
DENND3	0.003856761115781453	4.676618088892252e-4	3	1	0.2557648226840228	1	1
RAPGEF3	0.00676708130908226	0.33350841472448944	13	0	0.2557114912693083	1	1
ILDR2	3.6882566913015366e-4	0	2	2	-0.2548475633249252	1	1
RTEL1	0.004247977552404362	1	9	0	-0.2544578220257483	1	1
CREB3L2	0.0014559450736389497	0.13997578614726877	4	0	0.2543553070420431	1	1
FAM13B	0.019012980760183054	1	7	0	0.25423007260729547	1	1
PPP1R3B	0.008579069502332153	0.03794479757638002	3	1	0.25385686283806685	1	1
LOC113270362_NUMB	0.019154324805871523	1	17	0	0.2530561326438614	1	1
BCR	0.02621729727406985	0.203546547664004	4	0	0.2530033870877384	1	1
C2CD5	0.04478859327536911	0.4091548635576044	12	0	0.25293627841184574	1	1
LOC113248376	0.026441383551517778	1	8	0	0.2525067738340554	1	1
NUP50	0.017757979387212075	0.44957594031788506	3	0	-0.252342299756511	1	1
MYLK	0.003782736172792033	0.004379699540815938	7	1	0.25143032126622433	1	1
NRP1	0.003121069360451677	0.0010472357707713253	6	1	-0.2489729945562534	1	1
FARP1	0.0013384000291679085	0.5330278685690627	6	0	0.24839835455059234	1	1
SLMAP	0.00369166795582886	0.9703445369416219	15	0	0.24835574195223376	1	1
SYNE1	3.37206739440151e-4	0.1135093938851644	8	0	0.24745702335995257	1	1
LIMCH1	1.0841512457266241e-5	0.15599477290500177	6	0	-0.24681389480875374	1	1
DOCK1	0.0014986328234332475	0.1319904056010606	7	0	0.2452862374250343	1	1
LMAN2L	0.033689423725412324	0.10299975168751212	9	0	-0.24507599250629014	1	1
BNIP2	0.028653041562886526	0.8349324891879493	8	0	0.2448431526867469	1	1
POLR2B	0.01071575484729318	0.04500608960626007	14	1	-0.24479665852104562	1	1
TNS1	1.464915455566741e-6	2.6430005345604643e-6	7	1	0.24468588823323614	1	1
TPD52L2	5.439339183101226e-4	1	3	0	-0.24374935169370232	1	1
UBE2H	0.04747416093531156	0.034807952004287455	3	1	0.24314906351644217	1	1
KCNIP2	0.011530578773465836	0.2467156629044	11	0	0.24292527547418988	1	1
PSMC6	0.034704880277931664	0.0049678710115468455	3	1	0.24232681261225797	1	1
DDX41	0.0029617736445084787	0.40849750937940005	13	0	-0.24106829839686283	1	1
NEDD4L	2.5715136146095796e-4	3.559059790301038e-4	9	1	0.2400855950532362	1	1
VPS29	3.625776617467264e-4	0.21559800443288357	4	0	0.23987223847724082	1	1
IMP4	0.00483203456006107	0.018250236422515134	8	1	0.2395840393635846	1	1
PGBD1	0.008579069502332153	0.14092283968734298	6	0	0.23774177042468905	1	1
MEAF6	0.008653507949962306	0.08071354884110435	7	0	0.23756038599465434	1	1
IPO11	0.02925992486997032	0.08201869829937837	14	0	0.2372610992321364	1	1
LOC113246573	4.685357335959004e-4	0.24074330238661545	13	0	-0.23604040252886538	1	1
ELF1	4.2842066265670587e-4	1	7	0	0.23459756354879013	1	1
PSEN1	0.0023547059135146067	1	7	0	-0.2344756744798465	1	1
SARAF	1.2679285370258201e-5	1.7336321500594548e-7	5	1	0.23361939375431584	1	1
LOC113263700	0.008392405808604793	0.041770024116089495	4	2	-0.23271990124475792	1	1
DCTN1	0.007518681287652018	1	13	0	0.2321077585618773	1	1
MMS19	0.028396860650248778	1	10	0	0.2316059970449242	1	1
EIF4G1	0.023322007355435718	0.20351491430551918	12	0	0.2304535598861316	1	1
ARHGEF28	0.041854145011132673	0.041976758439357956	4	1	-0.23010656747052835	1	1
BZW1	5.108734791065889e-5	3.829004732618655e-6	5	1	-0.22924850540132782	1	1
GID8	0.044954861013243544	1	7	0	-0.22913938279962967	1	1
SRRM1	0.03146057378298172	0.2977882886205165	13	0	0.227220246283977	1	1
PLS3	2.3459016937615765e-4	6.722276675614094e-6	3	1	-0.22390542956908965	1	1
FN1	0.012649247397483849	1	12	0	0.22356878739046754	1	1
VPS13B	0.04755888822438049	0.17961415215821244	7	0	-0.22122451075565414	1	1
SLC40A1	0.008311376621303488	0.19391851669545418	3	0	0.22064293992688	1	1
PPIE	0.0095115444212576	0.26341571953732973	6	0	-0.22045889863230672	1	1
ZBTB47	0.042798600653283114	0	2	2	0.22036762484795402	1	1
LOC113249727	0.029744051689336498	0.009446017398014813	7	1	-0.2185598626312224	1	1
ALAS1	0.007924856259571355	0.02591072757053927	5	1	0.21690481963561836	1	1
TAX1BP1	0.03548429987352342	1	8	0	0.2158618423246355	1	1
RIMS1	0.019163420266919026	0.5486566870836532	5	0	-0.21564262399159964	1	1
RBPJ	0.0025992314581044207	1	6	0	-0.2134194269551194	1	1
AKAP13	1.8925465060325487e-4	0.2737118813811093	11	0	-0.2125427946374163	1	1
OTUD7B	0.009928622525937373	0	2	2	0.2120110089366365	1	1
LOC113245263	0.00358639642780591	1	8	0	-0.21179390225642983	1	1
PSAP	0.014357022294164221	0	2	2	0.21172235504930126	1	1
MPHOSPH8	0.0036179733923374572	0.001094404971265608	5	1	-0.21170467412896915	1	1
LCOR	0.013972926703528269	0.005586333932115128	3	1	-0.2114099880234318	1	1
NSMAF	0.03363059894301072	1	12	0	0.21041570270639387	1	1
SASH1	0.001561864507361181	1.1485878678355338e-4	3	1	0.21035854997689818	1	1
CLIP1	8.728861311752288e-4	0.0011645718028078726	10	1	-0.20850472091031647	1	1
TENT2	0.01764098700140183	1	11	0	-0.2084401905329086	1	1
RIN2	0.04863040412593927	1	9	0	-0.20780670054790473	1	1
ZBTB10	0.0489475961050595	1	4	0	0.20659116531669175	1	1
PJA2	0.011624611228136903	0.655676216564331	3	0	0.2062177088601176	1	1
INO80	0.003247032857317014	0.015657583309172243	3	1	0.20377819237465744	1	1
ARHGAP24	0.004176355346172153	0.017862723563240816	7	1	0.20340501797756622	1	1
CUNH6orf106	2.3459016937615765e-4	0.0026417971169308105	4	1	0.20275599809776904	1	1
DTWD1	0.028653041562886526	1	8	0	0.20180464335184967	1	1
MAP4K4	4.199675372664412e-4	1	9	0	0.20067797088695802	1	1
MECOM	0.028653041562886526	1	9	0	0.19981168148566109	1	1
CLK4	0.0017069163360006832	0.3230525047712118	16	0	0.19938976482393617	1	1
SPECC1L	2.46460663864141e-6	0.2881424894428493	5	0	0.19910373812729337	1	1
ZNF507	0.001883813692627439	1	14	0	0.19881678493656013	1	1
GNPAT	0.041427805162208634	1	15	0	-0.198638855833922	1	1
CTSH	0.016150747418845347	0.5040945877335021	6	0	0.1945996406609629	1	1
AACS	0.04310281536985028	1	5	0	0.19296834263603532	1	1
SCARF1	0.018487259089700205	1	7	0	-0.19146728671538021	1	1
TGM2	3.7957998727984112e-6	1	4	0	0.1900118957433076	1	1
NAP1L1	0.010468491689365703	0.4478346234713775	7	0	0.18810531457884938	1	1
YTHDC1	0.016423617431147668	0.6885120087466843	8	0	-0.1865228387257869	1	1
LRCH1	0.021230312040663668	0.0035275991898393376	4	1	-0.1863426431714268	1	1
ATAT1	0.044505222366506565	1	8	0	0.18623236653740174	1	1
FXR1	0.0010246739815008557	5.761269938645182e-6	6	1	-0.1845774642724931	1	1
ZNF638	0.03132618996980204	1	10	0	0.18304625878480535	1	1
SRI	0.015434223037678512	1	4	0	0.18135324705394773	1	1
JCAD	0.04032731677556153	1	3	0	0.18078142880169062	1	1
SRSF11	0.0098707433517491	1	8	0	0.18067523346276423	1	1
ANP32A	1.8925465060325487e-4	1	4	0	0.17783083841829328	1	1
MIA2	0.03430939986413621	0.3143022793176202	11	0	0.17718686170288936	1	1
ERRFI1	0.010833957827455718	0.0011655383236952369	3	1	0.17658562798334754	1	1
LOC113250606	0.018456123538776518	1	18	0	-0.17486946064764752	1	1
TSC2	0.016827768619865353	1	8	0	0.17329116324351612	1	1
ABI1	0.02243253136650984	1	9	0	0.16982544740602057	1	1
LOC113254434	0.029218173469747474	0.607326471514311	15	0	0.16604448861218943	1	1
SIPA1L1	0.008018913677625148	1	7	0	0.16602315727508576	1	1
CFLAR	0.01816032152832775	1	9	0	0.1647343506949883	1	1
RNF145	0.013880968885825974	1	3	0	0.16458314368608296	1	1
BAZ2B	1.8191516182301986e-5	1	22	0	0.16290753717558554	1	1
MAP3K20	0.02248368984610153	1	5	0	-0.16259485033652987	1	1
STAT3	0.041793904972794324	1	6	0	-0.1624340782105335	1	1
YBX3	0.033689423725412324	0.027571937850597295	4	1	-0.1610620988636713	1	1
MYO9A	1.8925465060325487e-4	1	6	0	-0.15904900893220064	1	1
RBM6	0.014990066708260249	1	16	0	0.1587940790638684	1	1
TRIP12	0.019139244962841695	0.5235569384014342	8	0	-0.15860546094815026	1	1
SPARCL1	6.5455189877337314e-12	1	8	0	-0.15630333326578233	1	1
PUDP	0.042039694402449805	1	9	0	0.15611378165314904	1	1
DRAM2	0.024943413862847423	1	10	0	-0.15530880717241358	1	1
COL3A1	0.016754999724446766	1	7	0	-0.15355470675543123	1	1
TACC1	0.002070821785441226	0.43896357149435117	12	0	-0.15259318448601358	1	1
SUCO	0.039220512811453626	1	6	0	-0.14915840378617523	1	1
LOC113265994	0.01071575484729318	1	11	0	-0.1484164811541353	1	1
STX7	0.011990970401729095	1	3	0	0.14818374092617814	1	1
TNPO3	0.04032731677556153	0	2	2	-0.14724055326335594	1	1
NUP98	0.006519411582491228	1	8	0	0.1443596008955973	1	1
MBNL1	5.6925036162579165e-5	1	13	0	0.14396203896722187	1	1
IFI44L	0.04165021664847683	1	11	0	-0.1422430581588533	1	1
YES1	0.011624611228136903	1	6	0	0.14189287919807808	1	1
LOC113245319	0.013819934315944455	1	5	0	-0.14151770846537148	1	1
NCOR1	0.013317202320032957	1	10	0	-0.14113039511242229	1	1
ALDH9A1	0.018859986690302557	1	5	0	0.13990088979748752	1	1
CDC42SE2	0.03511384884694495	1	13	0	0.1392905603652502	1	1
FAM192A	0.02621729727406985	1	9	0	-0.13776726956409105	1	1
LOC113258542	1.2462362914291447e-5	1	12	0	0.1343957971315507	1	1
AFDN	1.527301862614955e-5	1	10	0	0.13253302146766563	1	1
NET1	0.00794365177921973	1	4	0	-0.13162072464661084	1	1
DDX5	7.398686663307218e-4	1	8	0	0.12785282094073458	1	1
CLIC4	0.023801052961719773	1	3	0	0.12670921729892473	1	1
PCMTD1	0.040607440431173196	1	9	0	-0.12468589033550473	1	1
PDXDC1	0.04674720109780632	1	11	0	0.12347470435867147	1	1
HSDL2	1.7997767903982068e-4	1	6	0	-0.11965035777672457	1	1
FAT1	0.041427805162208634	1	6	0	-0.1187423392039883	1	1
NBR1	6.752310562919151e-4	1	5	0	-0.1182951783800423	1	1
TXNIP	0.0026796805742176815	1	6	0	-0.11768272233187238	1	1
EPB41L5	3.740667997651011e-6	1	8	0	0.11742094540773984	1	1
PCM1	0.041427805162208634	1	12	0	0.11666175575347759	1	1
CSDE1	0.04989874375826244	1	6	0	0.11557980468481965	1	1
SERINC3	3.171152845973898e-5	1	4	0	-0.11289353878189069	1	1
PABPC1	2.0700643642936987e-6	1	6	0	-0.11189015468834272	1	1
ITGA3	0.005546392733040436	1	3	0	0.11121802144775639	1	1
PICALM	3.853600652722438e-16	1	7	0	-0.11024805684589598	1	1
SPRY1	0.028851944893577203	1	7	0	0.1099610769893759	1	1
LNPEP	0.046014685778090286	1	4	0	-0.10740818606159386	1	1
AP2A2	0.03363059894301072	1	7	0	-0.10640242503399594	1	1
NCL	0.00581787239811675	1	6	0	-0.09909185146837604	1	1
DST	0.0034008905964844982	1	17	0	0.08312375348121633	1	1
SPTBN1	0.018462086282390718	1	7	0	-0.05601713264722128	1	1
