gene_ID	gene_qvalue	minimal_tx_qvalue	number_tx	number_significant_tx	max(Skin-Spleen)	pct_gene_expr	max_pct_tx_expr
LOC113245842_TMEM41B	0.03804361678390067	0.007582047523936669	3	1	0.9802438434460085	0.75	0.75
TBCCD1_CRYGS	1.0310335584772764e-7	0	2	2	-0.9404809466099496	0.5	0.5
OCLN	1.0400659882651276e-4	2.8840267981922535e-6	3	2	-0.9231217870154628	1	1
SYNPO	2.976092901039618e-7	3.3542810903601356e-6	4	1	-0.8770864983263977	1	1
JAK1_LOC113254576	0.0013654208139279045	2.6596138530916624e-4	3	1	-0.873826363893914	1	1
CRYAB	5.6886810974335e-4	0	2	2	0.8460291153209029	1	1
ZNF575	0.017590018756136243	1	4	0	-0.8458334865438496	1	0.5
ANHX	0.016086731824629913	0.01985526239300876	3	1	-0.8386682605637038	1	1
THY1	7.263370924954654e-25	5.3828311010467376e-21	3	2	-0.8363733320178462	1	1
SKA1	0.0018080993671557315	1	4	0	-0.8353657025460981	1	0.5
NTM	0.02127420578863857	0.9639654415334706	4	0	0.8330311922827744	1	0.75
CD80	0.015289305408266247	0.03222349845966898	3	1	0.8255020248695697	1	0.75
BNIP3L	3.355639184992285e-43	5.121166152079138e-47	3	3	-0.816351458546455	1	1
SLC2A3	0.0034760619402783364	8.958070809925913e-5	4	1	0.8123330305644404	1	0.75
ZNF329	0.007173346931596541	0	2	2	0.8090483036308401	1	0.75
RAP1GAP2	0.004073643696648495	0.007161527251471842	3	2	0.8065413174579894	1	1
MFAP5	2.466072219407597e-4	0.07434295283277052	5	0	0.8049679911326943	1	1
MED26	0.014088255191384463	0	2	2	-0.8044714643113313	1	0.75
SAMD4B	0.007146004644159487	0	2	2	-0.7994257028240718	1	0.75
IRF8	2.73832998627553e-4	6.353098178073778e-4	3	1	0.7981372105350455	1	1
LOC113245463	0.04802630590332418	0.5020087251747387	3	0	0.7943772054144064	1	1
GPR19	0.045643436138282124	0.7404699330474768	3	0	-0.7925792832185115	1	0.75
SELP	0.047883278561644316	0.013624124185209807	3	2	0.7892669009355303	1	1
EGFL8_PPT2	0.041393345393720804	0.012606240744442661	3	1	-0.7864197768772445	1	0.75
PIP5K1B	0.011813994166648759	0.021147980778951688	6	1	0.7809066626700759	1	1
PMEPA1	0.009271483105850863	0.013163660953103602	3	1	0.7742160409862738	1	0.75
CRNKL1_LOC113258304	0.029779416274265644	0	2	2	0.7712049457814125	1	1
LLGL2	0.0010851878734315001	0	2	2	0.7692935592284745	1	1
WDR3	0.026098387198082072	0.2546019605654732	6	0	-0.7648020771658646	1	1
HIP1	0.016042114765570117	0.2719750408919155	5	0	0.7568195705718024	1	1
TPM1	5.371618769391384e-24	9.460113986184347e-28	6	2	-0.7508741621031565	1	1
LAMB3	1.866331852829471e-5	0.15742617626156968	6	0	0.7404949984041385	1	1
CNNM2	0.04286654370972128	0	2	2	0.7354902356805973	1	1
NECAP1	0.03714954322665034	0.017776314520362445	6	1	0.7288337527465184	1	1
GIMAP7	1.1534918501275114e-4	3.6744984454110054e-5	4	1	0.7248986799739264	1	1
HSD11B1	9.254201217297561e-16	1.3065619565500364e-5	6	1	-0.7245760885394388	1	0.75
NFATC2	0.04734855427290801	0.17862441452186167	4	0	-0.7243248146180868	1	0.75
ABI3	0.049523355640567666	0	2	2	-0.7231626910089625	1	1
FBN2	0.03450987701878439	0.02676456902787952	3	1	0.7175770236358757	1	1
PVR	0.02754794561243691	0.3785811205036166	3	0	0.7125766066746064	1	0.75
SENP5	3.8668153050536994e-11	2.812689357637128e-11	6	1	-0.7100372440142143	1	1
DCN	2.86819272207428e-14	0	2	2	-0.7093451693556885	1	1
ESYT3	0.0317744223689012	0.022556768660486004	3	1	-0.7092358899324426	1	1
LOC113257933_NECAP1	0.005724680924433434	0.042381395974026397	3	1	-0.7064723534201698	1	1
MMP12	0.012231766648662048	0	2	2	0.7059034458968065	1	1
EVL	4.191479823651885e-6	2.613817893274904e-7	3	2	0.7006674290478679	1	1
NCAM1	5.895456326340643e-4	0.009116068089192105	8	1	0.6988940431555901	1	1
PSAP	2.1963688283707865e-52	1.1119511340467317e-56	3	2	-0.6972823155417595	1	1
COL4A3	0.0016247006643051608	0.8752724313935539	4	0	-0.6929641793226686	1	0.75
CROCC	0.01907693095069898	0.018657755099293096	3	1	-0.692783562235146	1	1
ACAP1	0.002337179033451516	0.0015058852317232252	3	1	0.692182787023373	1	1
ARHGEF28	0.012231766648662048	0.029100813392890276	4	1	-0.6915014668187826	1	1
CLIC5	4.70508588906854e-5	2.5481669020852036e-5	4	1	-0.6890223237950195	1	1
SCNN1A	0.014689499522219207	0.04135857155190289	5	1	-0.6878573085288276	1	1
CEP162	0.03465988686078492	0.06478774045725874	5	0	0.6868730233698115	1	1
SH2D3C	0.00514811065772348	0	2	2	0.6863017910646133	1	1
FES	1.3507471569438796e-5	0.022150167902101763	7	1	-0.6856041061398831	1	0.75
LSP1	6.088785652136278e-5	1.312028680764922e-5	5	2	-0.6843354630103362	1	1
AGPAT2	0.04734855427290801	0.015254783354355197	3	2	0.6821663705035464	1	1
TNNI3K	0.0019093186024890475	1	4	0	-0.681363240602718	1	1
LOC113262154_ASAH1	0.012643928366447605	0.07995959134994503	5	0	0.6792445334959885	1	1
LOC113267312	0.0031126998032079732	0	2	2	-0.6768361524927154	1	1
TP53I11	2.2482260980163297e-4	0.01627054854723228	3	1	-0.6754149737546015	1	1
SPINT1	0.03463391460004137	0	2	2	0.6735388272414875	1	1
IL16	2.5493241404840426e-8	4.261715354558587e-10	4	2	0.6728836163965901	1	1
ABCB1	1.1180637843673144e-6	0.0018805917084320004	4	1	0.6701769346860798	1	1
ZNF385A	1.1534918501275114e-4	0.03820795147445239	5	1	0.6675298519101174	1	1
FGD6	0.026220749905010367	0.013145136399340677	3	1	0.6639052258494904	1	1
RAI1	0.010629375935509285	0	2	2	-0.6607277527192054	1	1
SLC12A4	0.0406076736479181	0.023562476250005304	11	1	-0.660428568963147	1	1
LTBP3	1.0540619938772547e-5	2.93955442439477e-7	3	2	0.6593990726537817	1	1
KCNJ15	0.003865928780181463	0.011226380987003431	5	1	-0.6566187547627725	1	1
PLEKHA5	0.04829113534159015	0.6276582442070752	6	0	-0.6559260295507112	1	1
SIPA1L3	0.03388415891753061	0.2534266762267959	4	0	-0.6555024741345823	1	1
LOC113262216	7.24805919978915e-9	1.04424403532998e-9	5	2	-0.6552871087289557	1	1
ELOVL7	0.040470156811869905	0.017275684390598123	3	1	-0.6542883222935519	1	1
SWT1	0.0018897460272474108	0.006497749246488181	6	1	-0.6531189629308503	1	1
PARP11	0.011653352449950832	0.19721106188554766	3	0	-0.6525051411710912	1	1
TULP3	0.0062126923597551394	0.02000502602933432	5	1	-0.648939255202318	1	1
RASSF6	0.03707563450781692	0.06847698338058195	4	0	-0.6468020419008914	1	1
TDRD7	0.01666911582191	0.5711635107651556	9	0	-0.6442487254481336	1	0.75
SMAD9	0.003974273708103586	6.788805817208906e-4	4	2	-0.6401224212575728	1	1
CCDC50	5.0833620733891244e-11	0	2	2	-0.635856605562677	1	1
FAM117B	0.003865928780181463	0.003952729859450002	3	1	-0.6351762298015868	1	1
MCTP2	2.2736717029662898e-4	1	6	0	-0.6346519148017746	1	1
TBCEL	0.032316438011375834	0.20216852616530326	5	0	-0.6345689483593973	1	1
P4HA1	3.325879272769559e-5	2.808095167427879e-6	7	1	0.6268903066835435	1	1
SPNS3	0.04101410594552691	0.18984000889071545	3	0	0.6204106604856487	1	0.75
KYNU	0.042487421685029156	0.24372785787026227	4	0	0.6170947428621568	1	1
GRAMD1C	0.021289534333232323	0.11298216645328288	5	0	-0.6119318825001998	1	1
HSF2	2.5278954806651196e-6	1.7523290437341886e-5	6	1	0.6119085347627745	1	1
BIN2	0.01703937065509451	0.0036950803127095266	4	1	0.6106062391442636	1	1
SLC25A39	9.393898383429343e-5	0.04926855434903305	3	1	-0.6083065907998465	1	1
TLK2	0.01544462499768677	0.01700775242450228	3	2	-0.607584245562385	1	1
GSN	4.169124479703809e-31	1.480258076467645e-25	4	3	-0.6052074214791648	1	1
ATG4C	0.00743119920770186	8.076770466537528e-4	5	1	0.6047854340024812	1	1
BCL6B	1.0023001664984188e-5	1.3997359614918956e-5	7	1	-0.6027569019367276	1	1
LOC113251513	0.04843927555868398	1	4	0	0.6014717462117911	1	1
PTPN14	0.008331955328632162	0.030875676492232457	3	1	-0.5997769809851348	1	1
TIMD4	0.0017607688395104544	0.0033316846830686387	5	1	0.5991588184798318	1	1
LIPN	0.006422234212422022	0.011594593202691485	7	1	-0.5953782852656284	1	1
ARHGAP22	0.015666749339141625	0.4807025653583846	4	0	0.5950370194666149	1	0.75
UBE2G2	0.016824579557912913	0.015476775170693114	3	2	-0.5927584947202997	1	1
SEL1L3	0.025058694736006783	0.16332317270835037	3	0	-0.592188532441609	1	1
FILIP1L_LOC113250506	0.012650151396708354	1	4	0	0.590867368313113	1	1
DCLRE1C	6.270966440479788e-7	0.6631535271170257	4	0	-0.5855958310177903	1	1
MPZL2	0.00426455970088113	1	6	0	0.5850318415468676	1	1
CIPC	0.007940473308300784	0.05974531198978533	6	0	-0.5847799965205204	1	1
SH3D19	1.8982818488142708e-4	8.255327872934833e-5	7	2	-0.5833930914749937	1	1
RUBCN	0.027622257233808505	0.10180213379595396	9	0	0.5817454184004419	1	1
MOB2	6.700932089456487e-4	1.4011870281421509e-4	4	2	-0.5815843863148904	1	1
THBS3	0.0032231236055747774	1	10	0	-0.5793215693925445	1	0.75
DPH1	4.5528286003552746e-7	0.19239507070142015	5	0	-0.57796717273296	1	1
HOXD8	0.04079910312107967	1	4	0	-0.5775737032424308	1	0.75
LOC113245168_LOC113245319	0.00072583023788261205	0.9065380877989065	8	0	0.5756399319296147	1	1
RAPGEF5	2.9887036246479075e-14	3.0858579079157374e-14	4	2	-0.5739086004176195	1	1
CSF2RB	7.233023051034481e-6	0.006201904373505977	3	1	-0.5721045156691713	1	1
IKZF2	0.005736942369929202	0.7804841993164157	4	0	-0.5707657765950713	1	1
ADAM19	0.007979041944507242	0.007675675585079524	4	1	-0.5674264893773131	1	1
GFRA1	0.0036977741901085453	0.1924564063868928	4	0	-0.5666262680937398	1	1
BCAR3	0.03618261118135871	0.009590557273547164	3	1	-0.563264603307686	1	1
MEIS2	0.01287043577066632	0.522293803226929	4	0	0.5632470857825638	1	1
ZBTB14	0.005747628874087009	0.8200149818236855	3	0	0.5627107435704223	1	1
PHACTR1	0.00487051041306381	0.016865513004492592	5	1	-0.5596613464568855	1	1
LHFPL2	0.0021426492495387438	8.259675079837075e-5	4	1	-0.5563326706572107	1	1
SPECC1	1.6388929873253944e-5	1	6	0	-0.5547786900664392	1	1
IRF4	0.023451940196064003	0.3832378054046341	3	0	-0.550701646486391	1	1
PDE4B	0.005065066578840083	9.703214268416471e-4	5	1	0.5496916841449541	1	1
ELMOD2	0.0068064082673617255	0.04055272327816147	7	1	-0.5481558591360025	1	1
INIP	0.008105459721163388	0.022681736032660823	3	1	-0.5477946180331374	1	1
HTD2_RPP14	0.0041075799533038734	0.0032537355158298747	8	1	-0.5454463198065331	1	1
SESN3	0.00393740536788321	0	2	2	-0.5441353320852585	1	1
DDRGK1	0.024334652698848994	0.0074953042502510035	3	1	0.5397259271737149	1	1
FZD6	0.0045488499966309685	0.004538482699196896	3	1	-0.5341193637097436	1	1
PHKB	2.1363273722913086e-6	0.0015196775775891173	10	1	0.5331721601992808	1	1
KIRREL1	0.049523355640567666	0.2680255935231005	4	0	0.5329255544292812	1	1
CDADC1	0.047883278561644316	0.039124608022788276	3	1	0.5325667031444433	1	1
STARD3NL	0.007144737229302718	2.4274457535578087e-4	4	1	-0.5315771776233962	1	1
BCKDHB	0.006058236104372046	0.951302733259167	10	0	0.5308397869529571	1	1
MTM1	0.009171862115153683	0.031789707124538824	5	2	-0.5291113809059583	1	1
EPSTI1	0.009018748813482372	0.3747502091205758	5	0	0.5285018315850533	1	1
ACVRL1	0.0017453959931560815	8.428268113563335e-5	3	2	-0.5283798806093147	1	1
NCALD	3.30922229245746e-7	0.01846943836985779	8	1	0.5260962152184113	1	1
LOC113248754	0.03638415457542008	0.005917381499668342	3	2	-0.5258433679040727	1	1
IDUA	0.03322962818629978	0.24112921337008675	5	0	-0.5219161497262466	1	1
ZEB1	2.1401589364353677e-8	6.055622856462605e-9	4	2	0.519594074616475	1	1
EIF4A2	1.4006673472865262e-10	3.775917913594613e-9	6	2	-0.5189925571310842	1	1
KANK1	2.0702072688757962e-4	0.003399381318831661	8	1	0.5141069034332522	1	1
BAG5	0.0021084077872501454	7.909562826485024e-4	3	2	-0.5138582299591699	1	1
ZNF263	0.014088255191384463	0.0015171263594847436	4	1	0.5129418199554754	1	1
KLF4	0.045865810377844	0.007480551676825942	3	1	0.5126851751694546	1	1
CTBP1	0.014110734523180603	0.0654378851363216	3	0	0.5126758279690345	1	1
PTPRB	2.5451867436569156e-4	1.267640962673673e-4	3	2	-0.5124476436049954	1	1
BCL9L	0.017236915321196658	0.13722924134003214	4	0	-0.5115347572981606	1	1
DLC1	0.023966005488213555	1	6	0	-0.51099207315108	1	1
GYG2	2.427799981163908e-4	1	8	0	0.5101266584140814	1	1
SGSM2	0.04577813643979226	0.048064640460562566	3	1	-0.5094438177633469	1	1
BLMH	0.013967854503165057	0.06117028871416265	5	0	-0.5084147353239515	1	1
STRADB	0.0017723368549232975	1	7	0	-0.5082556813156984	1	1
TOM1L2	1.0983182750257033e-4	2.589847868239538e-4	4	2	0.5068999753570964	1	1
IMPDH1	4.549255486986424e-6	1.8817096257595217e-7	6	1	-0.5064845810109095	1	1
LBR	0.003422658858219628	0.014453968589914603	8	1	-0.5049093702923235	1	1
ZNF382	0.01880451634260442	1	7	0	0.5043354649888793	1	0.75
HNRNPA2B1	3.8668153050536994e-11	2.3261629620840726e-9	8	2	-0.5036947006844823	1	1
TBC1D20	0.04624038045224099	0.6336468897980854	12	0	-0.5021901789796489	1	1
PDGFRA	0.015666749339141625	0.0025728302622524974	8	1	-0.4980916568019978	1	1
FAM234B	0.03456769751787969	0.0190170701112969	5	1	-0.4971323769892877	1	1
COL6A3	0.01621648482456738	0.02307566669229711	6	1	-0.4971062192957425	1	1
KRT10	7.312594548676491e-4	5.457487481793058e-5	3	2	-0.49697624286344	1	1
DOCK2	6.348613597212147e-4	4.1263028333385335e-5	3	2	-0.49639907033513747	1	1
SMIM19	0.03554983524083243	0.04364754790662915	10	1	-0.4960968068256817	1	1
FAM118A	0.02207250885947757	0.19800673718324327	3	0	-0.49520341434916526	1	1
ANK3	1.006474353938182e-6	1.9388665033950705e-6	6	1	0.49483736465597994	1	1
NF1	0.0021751396104834238	0.032883251274510535	7	1	-0.49399691497291975	1	1
TBX3	0.04709291829162342	0	2	2	-0.4924635964284604	1	1
KIAA1324L	0.04247675219700287	1	4	0	0.4923282839193354	1	1
ELMO3	0.0365730460385117	1	8	0	-0.4918411651348848	1	1
CENPC	1.8330602677382716e-4	0.004338052154717674	4	2	0.4913608723420686	1	1
ALKBH1	7.312594548676491e-4	0.37147934565392593	5	0	0.49031572825315567	1	1
TSPAN14	0.028040785946338437	0.133970157045155	5	0	0.4885846697892464	1	1
MINDY2	7.168780525452804e-4	0.005063755050898385	4	1	-0.48658507543631907	1	1
TSPAN12	0.0406076736479181	1	12	0	-0.4853596542879958	1	0.75
NFKBIZ	2.6020459317613376e-26	1	7	0	0.48489594691489546	1	1
LMTK2	0.006816436507739096	4.987163557670193e-4	3	2	0.48449217254322696	1	1
AP5Z1	0.005348358066567398	0.42968332129191045	6	0	-0.483558465033489	1	1
VWA5A	0.013781746481384175	0.14931142439418035	10	0	0.48341157180533434	1	1
CASP8AP2	0.006356093126208565	0.12565380196638146	6	0	0.4815892105863927	1	1
WWC1	0.004110579372925187	0.49950044773109914	5	0	-0.4815516936075542	1	1
FBLN5	1.1108687096058375e-7	7.037145083005439e-9	3	2	0.47888086953042924	1	1
LOC113267063	1.463022703723388e-4	0.0021628371360240344	6	2	-0.47754815580864207	1	1
NFIB	6.345931230876649e-4	0.021371213658028985	7	2	-0.47741285093123276	1	1
LOC113249064	0.013297195994047266	1	4	0	-0.47418440768515335	1	1
PTPN7	0.014722415706019377	1	7	0	0.47327157099092587	1	0.75
CNTN4	0.049743165521232854	1	3	0	-0.46982589968258176	1	1
ITM2C	0.004377610346002234	0	2	2	-0.46970561061153815	1	1
MTMR1	0.01621648482456738	1	5	0	0.46916564129950095	1	1
CYTB	3.193117797880565e-7	3.620006208829587e-7	3	2	-0.46886101637875643	1	1
WIPF1	4.3436980535008115e-4	3.19869111471146e-4	6	1	0.4686142007530552	1	1
TTI2	0.014698024196117558	0.11365004832049895	9	0	-0.46732734386166935	1	1
TUFT1	1.9966258723762024e-4	0.009747587907618201	4	1	0.4664315215581847	1	1
ZNF436	0.003262868719124232	8.458422326755691e-4	4	2	-0.4661023893262948	1	1
LOC113265899	0.0014910363607217997	5.938922922471176e-5	3	1	0.46484659978802095	1	1
AK7	0.03868041709181832	1	6	0	0.4648052704573576	1	1
NEK4	0.003262868719124232	1	5	0	0.46384075785736417	1	1
LOC113244055	0.015666749339141625	0.002145413185988994	4	2	-0.4629362306912743	1	1
SLK	1.1837376679885225e-10	1.997803116998642e-11	3	2	0.46243906357148623	1	1
FILIP1L	0.03214443943518784	0.09619813722959634	4	0	0.4617556638369896	1	1
IL11RA	2.7390657766566474e-4	1	10	0	-0.46051177223065853	1	1
KATNB1	0.015666749339141625	1	5	0	-0.4604866104869377	1	1
ADA2	0.009804698259506327	0.13810951722496795	6	0	0.45975349964537326	1	1
LZTS2	0.03214443943518784	0.0071283857668312176	3	1	-0.4596056855103954	1	1
FNIP1	1.414334733485763e-4	0.0020765658241063286	4	2	-0.45951087414516734	1	1
IP6K2	0.04354070157394462	0.021329226809255544	8	1	0.45897880639305416	1	1
POLG	7.160277570281011e-4	0.8281878293519005	6	0	0.45771887330329325	1	1
MED16	0.0019506052198927485	1	12	0	-0.4565761637738836	1	1
PLD1	4.400119424712838e-6	0.10626790072816471	5	0	-0.45473179175635003	1	1
PPFIBP2	3.325879272769559e-5	0.0028451460262524145	10	2	-0.4542135286170646	1	1
RFT1	0.0012854676547378037	1	5	0	0.4539902293819201	1	1
PGBD1	0.028040785946338437	0.3007487633828078	6	0	-0.45362907429976584	1	1
MYH10	2.841633893313773e-4	0.044971730804616646	4	1	-0.4514799857975706	1	1
FIP1L1	7.78799863333358e-5	0.02336438091386052	8	1	0.44591326306067014	1	1
DUS2	0.024044720162641357	0.33855967234424894	8	0	0.4439571283266758	1	1
CDC25B	0.032255846062045214	0.6330184089398946	4	0	0.4438644028271446	1	1
CUNH17orf49	0.002055865473101156	1.2681084605356414e-4	4	2	0.44146601237004757	1	1
ULK2	3.514461991164986e-4	2.2680816934923077e-4	4	2	0.4399502127952258	1	1
PPFIBP1	2.2296817243876174e-5	0.009450034196255671	8	1	0.43862933310280267	1	1
SPPL2A	4.988554938294945e-4	1.5523473858082615e-5	3	2	-0.43771299892255017	1	1
VIRMA	1.1984839786570382e-4	1	10	0	-0.43649017981006544	1	1
MYL9	0.0028087953016850227	0	2	2	0.4357672142708237	1	1
PDZD2	0.010936051888825316	0.015892950923942918	7	1	0.4356777226625948	1	1
CACNB1	0.010113841407214188	0.10919790162597001	7	0	0.4356683954953712	1	1
PCDH7	0.0036372584600511625	2.064289244083802e-4	3	2	0.43510535060442457	1	1
SLC43A1	0.006817199871555568	0.025561117486279816	4	1	0.434915688038807	1	1
B3GNT2	0.024441719390532406	0.002053145283148639	4	1	0.43485067663416166	1	1
GALNT12	0.03537783339199143	0.961091326463491	4	0	0.43463821760845	1	1
PRDX5	0.0022222517426710693	0	2	2	-0.43397784681946594	1	1
HMGCLL1	0.028040785946338437	1	6	0	-0.4334733143268891	1	1
TMED10	0.010565792634742716	0.0025039167293152156	3	2	0.43208045689411334	1	1
VMP1	9.297607157314424e-4	0.07486284477679246	6	0	-0.4281859239633923	1	1
DERL1	0.001121643463847794	1	5	0	-0.4281333161721288	1	1
FOS	0.0024803972627447887	0.586741437228353	4	0	-0.4272522783888545	1	1
CDPF1	0.027541456950168908	1	6	0	-0.4271027827380047	1	1
UAP1	1.5189495768359022e-4	3.528022963226187e-4	8	1	-0.4268446162569376	1	1
OTULIN	0.005492921200891202	3.162591513200311e-4	4	1	0.423245493324223	1	1
TOPBP1	8.606869352209146e-9	5.280735444148198e-7	6	1	-0.4218023525149657	1	1
WRAP73	0.012457948554485336	0.9989869754819048	10	0	-0.42164426701932917	1	1
TNC	2.2482260980163297e-4	1.758795381721104e-5	3	2	0.4210311548010266	1	1
LOC113244699	0.03765349789369572	1	6	0	-0.41982711742589746	1	1
PLEKHA7	0.028040785946338437	0.017746362920322205	6	1	-0.41901685639508895	1	1
AAK1	3.4849465000672664e-4	0.02862769985191253	14	1	-0.4179112094700121	1	1
DTX4	0.015203741658836948	0.029199710812605632	4	1	0.41672332183764316	1	1
COASY	0.004720711329381334	0.018475301848557033	12	1	0.4155002608697473	1	1
MAGI1	0.0024450010784680372	0.6275211486133703	8	0	-0.4149476957160504	1	0.75
PAN3	0.00595025823461444	4.0505130925185e-4	5	1	0.41273988987643595	1	1
ADK	0.00690771301604524	0.1193636838711727	8	0	-0.40991265876520144	1	1
LOC113244953	0.016042114765570117	0.047316352745722816	3	1	0.4092352046560481	1	1
SAMHD1	0.024528459890745875	1	8	0	-0.4087027711957181	1	1
CD44	2.6304100617717067e-23	9.3294758307347e-6	6	2	0.408625392947626	1	1
NUP107	3.1131982882232714e-6	0.22917929675400178	5	0	-0.40843943938944755	1	1
CLASP1	0.020985709699456814	0.013768526755434295	9	1	-0.4083927154169828	1	1
KLHL18	0.004787090767040158	0.10230636478633792	5	0	0.40825585585833807	1	1
VPS26C	6.479350166490119e-4	0.16771289881205972	7	0	-0.40746478871178005	1	1
EEA1	4.2361170177745175e-4	0.05780107406815464	9	0	0.40638298988227073	1	1
RAB6A	0.0013799456278113197	0	2	2	0.4063350228588064	1	1
FBLN2	0.04383961302171063	1	4	0	-0.4059476119516725	1	1
GTPBP8	0.004595700935929408	1	7	0	0.40375264677700734	1	1
LAMA4	0.005608803489192351	0.03585297719375028	10	1	-0.40316880780041564	1	1
TP53BP1	0.024548581405443616	1	8	0	0.40305742336677	1	1
BICRAL	0.04789610402263779	0.5121484818741419	3	0	0.4023608377709053	1	1
novelGene_LOC113259900_AS	0.024642362673411147	0	2	2	-0.4008870039510496	1	1
ZFP36L1	0.020810896042273416	0.03984468953337223	4	1	0.39949703393614816	1	1
DDR1	0.0013241121658966782	0.006194095945255707	7	1	0.39785377886083123	1	1
MRPL4	0.04669445027769225	0.03808063763381011	5	1	-0.3976863464634072	1	1
SUV39H1	0.010108988037124128	0.04908102011984654	3	1	-0.39715298170496627	1	1
KLHL12	2.4672426541767344e-4	0.3512170508065417	8	0	0.3955790826725326	1	1
POLR3E	0.03216072912294893	0.6831165340878405	7	0	-0.3953490957889012	1	1
ESYT2	0.012098943606910844	0.003861090717645147	6	1	-0.3941576187807318	1	1
FHL5	0.046503746650036926	0.38037933732554463	9	0	-0.39351999013843786	1	1
ACSL1	5.542365992659497e-8	1	14	0	0.39295709933193523	1	1
CLSTN1	2.944880963255009e-4	9.489227491572423e-5	7	1	0.3924325343984334	1	1
COL12A1	0.04965975656828527	0.09446092761477155	5	0	0.3912876429962156	1	1
BGN	6.246261827376261e-4	0.005207932064536671	3	1	0.3899137666367556	1	1
LOC113241636	0.018382698727666846	0.12987935220113392	3	0	-0.3889832782910987	1	1
IPO11	0.027773916855116668	1	11	0	0.3885291850356044	1	1
RAMAC	0.005787682656814124	0.011020383956229729	5	1	0.3874494925125418	1	1
ZBTB21	0.04709291829162342	0.45535194263581885	4	0	-0.38726173160196165	1	1
ADSS	0.03465988686078492	0.07625477583208945	3	0	0.3872035254717243	1	1
USO1	8.676194908405667e-10	2.1004640628091603e-7	5	3	-0.38494331586438574	1	1
PHRF1	0.0014554564193450929	0.01903964109457717	5	1	-0.3829994507227393	1	1
DHRS1	0.008105459721163388	1	12	0	-0.38270040717915826	1	1
SH2D4A	0.04064207417546989	0.02323321861350202	4	1	0.3824857658665608	1	1
ATP9A	0.034206802698352634	0.007128735023435885	3	1	0.3823112865868312	1	1
MANBA	0.0012479594773191361	0.19574873764797118	6	0	0.381825514850437	1	1
FBXW11	0.014349050699259553	0.010964020114790616	4	1	0.380543869183904	1	1
SYNE1	0.011197713924923898	0.09778692148521168	9	0	0.3804500033299363	1	1
AKAP13	8.730355760117455e-7	0.001478583275991611	11	1	0.37977503271869983	1	1
MYO9A	4.353941719951571e-9	7.466816078958665e-5	6	2	0.3793303905113944	1	1
IDH3B	0.018382698727666846	1	6	0	-0.3788078452461747	1	1
LOC113248542	0.0166066419759633	0.05216874724262854	6	0	0.37851888030451114	1	1
MYL6	3.6790031064263632e-6	0	2	2	0.37766717093497504	1	1
RAP1GDS1	0.0015261596515370127	0.17700342980336864	10	0	0.37715939784446256	1	1
LOC113246844	0.02723806400132639	0	2	2	0.3762546446331838	1	1
SRSF1	0.016423508153719336	0.14354597519635692	6	0	-0.3750102404585167	1	1
LOC113249677	0.014669818179124031	0.24599133164597545	10	0	-0.3748338498278788	1	1
LOC113257115	0.017848885436141326	1	11	0	0.37482716096378066	1	1
DHDDS	6.348613597212147e-4	0.01856142628237948	7	1	-0.3742709362321908	1	1
PTGES3	0.007089220175570324	7.390675064404233e-4	6	2	0.37418236835687096	1	1
CUNH1orf198	0.028040785946338437	0.007899310100550403	3	2	0.37391294463659797	1	1
DIABLO	0.005084558865176088	8.673545802542035e-4	5	1	0.3738701818381552	1	1
FOXN3	6.540369110481618e-4	3.5030598206374866e-4	6	1	-0.3737860528448711	1	1
CLIP1	0.015666749339141625	0.0373141934605835	9	1	0.37293701035503635	1	1
STX3	0.015703173885996517	0.05903765192749581	5	0	-0.37290584330216214	1	1
FRS2	0.035809001537761245	0.05411722682983256	6	0	0.3712777588416843	1	1
LOC113252724	0.031105968658569832	0.33289042397282737	5	0	0.37080577750782595	1	1
ADARB1	0.04286654370972128	0	2	2	-0.3690995574319249	1	1
SLC30A4	0.04589346437320153	0.6611139778464132	3	0	-0.36770482595523324	1	1
TBC1D14	8.906657260553142e-5	0.06059194967775661	9	0	0.3673884321010913	1	1
ADGRD1	0.0021430624426730382	5.313745224178053e-4	5	1	-0.3668802518572896	1	1
PLCD1	0.04820846987167197	1	9	0	-0.3666544687894134	1	1
ELMO1	8.268429958712749e-4	1	10	0	-0.3647727420997854	1	1
FMO2	0.011802813741904361	1	6	0	-0.3647190569594776	1	1
ADGRG6	0.023217176409336397	0.20461024241620138	4	0	0.36391566779191076	1	1
SLC2A9	5.068504849787938e-4	0.12059395686290343	11	0	-0.3631075164102177	1	1
ACACA	0.02488866122041782	0.10041810211834579	13	0	-0.36143075818117026	1	1
CPLANE1	0.0027214603493760604	0.1950681498584487	8	0	-0.36142374966983815	1	1
SORBS2	0.0017607688395104544	0.009242507023353795	10	1	-0.3597945246592904	1	1
GPR180	0.011706070386622242	0.48076995704443176	8	0	0.35816510306527527	1	1
MECR	0.001154608002850295	0.010031657255546635	4	1	-0.3569229432828903	1	1
DNAJC10	0.0017453959931560815	1	10	0	0.356759409367742	1	1
ELOVL5	0.001875271267799663	1	12	0	-0.3547306764609234	1	1
LOC113262286	2.213251041612107e-5	3.4947422979421974e-4	11	1	-0.35450583104514055	1	1
VEZT	0.001434581295681576	0.053605675460409424	10	0	-0.3543467720652786	1	1
ABCA9	0.004241995926684777	0.23118306414966244	5	0	-0.35191056574013935	1	1
ASCC2	0.015728192651931917	0.05927998754384887	8	0	-0.3512869214167944	1	1
TTC39B	0.022183165302648397	0.02570516230463771	4	1	0.35114208575293837	1	1
LMO7	0.018434476824762767	1	9	0	-0.3510252954867178	1	1
ZNF358	0.037479750986288564	0.08136478011421347	3	0	-0.3494504111429422	1	1
F8	0.01309614132023376	0.3693388679849722	6	0	0.3491387388512962	1	1
DDX50	0.03322962818629978	0.37718507646192245	6	0	-0.34896415079550025	1	1
ASB1	0.048354139617168196	0.06909188258697933	4	0	0.347507535635977	1	1
ABL2	0.006702030559609641	0.0722819343302105	6	0	-0.34747442098247483	1	1
RBM25	0.001333587368758139	0.0028206567554828446	7	1	0.34736944106665746	1	1
PRKRA	0.0365730460385117	1	11	0	0.34727202933637724	1	1
TNPO2	0.0019093186024890475	0.06155567261497764	4	0	-0.34717813368502193	1	1
BCR	0.037479750986288564	0.023497415398873307	4	1	0.34523221556717043	1	1
CHMP2A	0.0167148931860358	0	2	2	0.34456915982947733	1	1
TEX261	0.042487421685029156	0.0067523272491588635	4	1	0.34455901696600605	1	1
FAM83H	0.026892361965572188	0	2	2	0.3436554667773348	1	1
CREBZF	2.759395750844305e-6	0.004964516754065485	9	1	-0.34324206829657705	1	1
LOC113253740	0.015740336034660646	0.2650376080768825	4	0	-0.3426861635715109	1	1
PLS3	1.3753466645739831e-9	6.489453721891665e-11	3	2	-0.34108162251042423	1	1
NRAS	1.6945293438494435e-5	3.511784889310139e-5	6	2	-0.3409752634150225	1	1
MTMR14	0.008738068267365848	0.7961015928461881	7	0	-0.3409649708236596	1	1
PPP4R3A	0.03253954583448191	0.01949154490960215	7	1	0.340957625832399	1	1
SNX4	0.008720400278042386	0.2217061974014375	4	0	-0.34094464740083663	1	1
KIZ	0.027413524034371195	1	6	0	0.3407623286580121	1	1
BIN1	6.584581376936898e-4	0.2963528111185083	12	0	-0.3400077316948531	1	1
CCSER2	0.028040785946338437	0.9644647244729886	8	0	-0.3398829532619749	1	1
TPM4	2.738043925884344e-4	0	2	2	0.3398341928215415	1	1
PCSK6	0.03537783339199143	0.030446638061067614	3	1	-0.3391311091411833	1	1
ZC3H15	0.0337252168484018	0	2	2	-0.3389541799891952	1	1
FILIP1	0.048665438690303355	0.01486812822406003	4	1	-0.33846230431202784	1	1
PDGFC	0.011653352449950832	1	3	0	-0.3368700361741468	1	1
ZNF529	0.015074374735826547	1	9	0	0.33683274628978327	1	1
FGFR1	1.5858270974948837e-4	6.23737169139619e-6	6	1	-0.3364783326874074	1	1
TANK	3.325879272769559e-5	0.035409858589390386	9	1	-0.3357588993622674	1	1
BAZ1A	0.003465431123620286	0.0631308072347469	5	0	-0.3339160732294918	1	1
PEX10	0.004520875060805787	0.11047346222676523	6	0	0.33244406478471195	1	1
GLS	0.014068911545448436	0.004098574969407484	3	1	0.3313687599429235	1	1
RNF6	0.03537783339199143	0.017552400953613507	9	1	-0.3301128066768898	1	1
GNPTG	0.038063153003805875	1	6	0	-0.3296950051483251	1	1
DCTN2	0.0051733301284394295	0.0016364293637148605	3	2	-0.3283303262465991	1	1
ARHGAP30	0.029675703335261167	0.005900172528337405	3	1	-0.3280423729639188	1	1
DOCK9	3.450407881824376e-4	1.6131967836837476e-5	9	1	-0.3278867638630658	1	1
SASH1	7.876519121131831e-7	0.048828785739033265	8	1	-0.3276389148511741	1	1
DNAJC3	0.0424232964871928	0.13060442096391697	5	0	-0.3275386906678184	1	1
UBP1	9.244558603078586e-4	0.0024793271954716496	4	1	0.32750881112771024	1	1
DCUN1D2	0.00988165263790533	1	18	0	-0.32734003166926917	1	1
RABGGTB	1.428945269295388e-6	0.010564085890709075	5	1	0.3271117544112087	1	1
FNDC1	0.027773916855116668	0	2	2	0.32691281531999894	1	1
NAIF1	0.04354070157394462	0.35974589799162826	4	0	0.32633439694729416	1	1
RASSF4	0.03537783339199143	0.6437297063449489	10	0	-0.3263169411350031	1	1
CFAP97	7.168780525452804e-4	0.0719837784602993	7	0	-0.3257754426963132	1	1
HEXA	0.0382481396500205	0.16074655115251318	8	0	-0.32550593344110185	1	1
UACA	1.866331852829471e-5	0.01122813732390912	8	1	0.3254893090451315	1	1
FNBP1	0.002171934175543601	0.04483819893766384	9	1	-0.32445431129511526	1	1
CDH5	0.009022474049089584	1	9	0	-0.3238495204156352	1	1
DOP1A	0.04734855427290801	0.031954928661759203	4	1	-0.3230996133584653	1	1
ABI1	7.368792864100235e-5	0.1092690183689206	6	0	0.32210686110407494	1	1
RORC	0.028307590488045046	0.3590521802740524	7	0	0.3216784404151185	1	1
MLLT10	0.0013624954515386225	0.1859144493129367	10	0	0.32144093063621404	1	1
MIA3	4.72982480908234e-9	0.034244103024353746	10	1	0.3211148212818633	1	1
PTPRA	0.010936051888825316	0.023350293294770102	5	1	-0.3200085201041964	1	1
USP4	5.538517428880172e-4	0.0639430501595793	9	0	0.3197677089342001	1	1
RHOBTB1	7.753102518616077e-5	1	14	0	0.31970658421419473	1	1
SGMS1	0.005151606633350893	0.07777107567834099	8	0	-0.3195277226246884	1	1
RBM10	0.01610333945083361	1	11	0	-0.3192362088211316	1	1
SLMAP	7.560201699228201e-5	0.035739619403659315	9	1	-0.3190465974138025	1	1
AXL	0.004560317518409148	0.003148494030478856	4	1	-0.3185511454968725	1	1
LOC113248518	0.003155588011590638	0.013329394641430178	14	1	0.31820504005670547	1	1
LEPR	0.0026591763101942206	0.44921988331175045	8	0	0.317271629093294	1	1
LOC113258951	0.0352045565767314	0.09740665995234836	9	0	0.31687443616639244	1	1
TRABD	0.028978134805819192	0.06984754597752936	9	0	0.31574350885824826	1	1
NIPBL	0.024886249035155447	0.018764625692369422	6	1	0.3152327103211481	1	1
FAM208B	5.493605816591274e-9	1.1861233642887907e-4	6	1	0.31507063437374483	1	1
CELF1	0.028472252868624672	1	11	0	-0.3150129604850201	1	1
KCTD9	0.004126788130319971	1	8	0	-0.31423293054595736	1	1
OSTC	0.04251532521616856	0.20535398092623572	4	0	-0.3141994841261502	1	1
SEPT10	0.008703975267614385	0.13683555277182047	6	0	0.3137871917744668	1	1
KAT6A	0.01575044883140504	0.02374623422870923	5	1	0.31236950910417705	1	1
B3GALNT1	0.01437955608501488	0.274754359991226	15	0	-0.3117880746073093	1	1
SGPL1	0.024528459890745875	0.5996319313265946	7	0	-0.3110045095298634	1	1
RIOK3	1.3188015435664657e-5	0.009048239782233142	7	1	-0.31092868280892494	1	1
KIDINS220	0.004569752824675262	0.025204590293169883	7	1	-0.3108606416126849	1	1
GAS6	0.03537783339199143	0.030883078052892195	3	1	-0.3080390016335173	1	1
CERS5	0.0015808126691489474	0.02373316971002851	6	2	0.3070794222653257	1	1
SMG5	0.014831140386940538	0.5187055702622135	4	0	-0.30640834142641615	1	1
QKI	0.0018727558136474663	8.484752751865082e-4	4	1	-0.30591670047323494	1	1
IL6ST	0.013696592033861824	0.003639183801160693	3	2	-0.30581170420759424	1	1
MPRIP	2.8229924801074898e-12	0.21854961515255975	6	0	0.3047735632580543	1	1
KIF21A	0.009403607240151055	1	8	0	0.30472179590077325	1	1
CD99	1.5877839593478343e-5	2.0367531339096864e-4	4	2	0.30385370499305053	1	1
DDHD2	0.011840823320527681	1	7	0	-0.30293008481340383	1	1
MADD	0.012864520421567948	0.13489846300067931	10	0	0.3018485845124672	1	1
LMF2	0.03322962818629978	1	16	0	-0.30071537685201793	1	1
ENAH	0.0034760619402783364	0.05781821911243298	4	0	0.3005787973986336	1	1
TLN1	7.879848476940556e-10	1.728639107168941e-8	5	2	-0.30051031109403953	1	1
GORASP1	0.0016247006643051608	0.002631577384409368	8	1	-0.30046975167475104	1	1
MTIF2	0.0012887472835082972	1	6	0	-0.30042029863239533	1	1
RARG	0.02127420578863857	1	6	0	0.2999822572831827	1	1
MYO18A	0.029673429943889603	0.043253740575215686	8	1	0.2998145170829765	1	1
FAM45A	2.738043925884344e-4	1	8	0	-0.29917642307552844	1	1
WSB1	0.004255784176644079	1	7	0	0.2987510495713264	1	1
AFDN	6.52082628575164e-7	0.03320140298981952	7	1	-0.29813371661127236	1	1
FAS	0.028887801524955098	1	7	0	-0.2979338292369193	1	1
NCK1	0.0043093426286501665	0.12471083653466505	8	0	0.29601437802823544	1	1
LAS1L	0.03322962818629978	0.5016722561810308	11	0	-0.29508088099427005	1	1
GPR137	0.04196391293900068	0.03840489560862238	5	1	-0.29360692282691214	1	1
MED23	0.04146372275341502	0.008311467891071032	3	1	0.29359497793969724	1	1
RNLS	0.01012313227981454	0.7050307133295338	9	0	-0.2935124964872564	1	1
RANBP3	0.015666749339141625	0.07738227347522293	14	0	-0.2933101489914496	1	1
FAT4	0.04286654370972128	0.015506296170370271	3	1	-0.29176759669076224	1	1
TRAPPC13	0.028346242802927704	1	4	0	-0.2897072249961944	1	1
ASPH	0.005492921200891202	0.36722058577791566	5	0	0.2894553798942229	1	1
IPO7	5.51876329513327e-4	0.014778269750142748	7	1	-0.28940000829513135	1	1
LOC113268059	0.015228795471084125	1	5	0	0.28931641760794774	1	1
DYSF	0.005294689830333236	0.4304492487880883	13	0	0.288752928838112	1	1
STK3	0.015045858766795017	0.9661581093553419	8	0	-0.2887291685784179	1	1
NFAT5	0.038961335436974165	0.9922393472328067	7	0	0.28819175612511844	1	1
MEAF6	0.0036285094430964972	0.38292423559852995	5	0	-0.28693098099006575	1	1
PRPF40B	4.291429922420638e-4	0.583069643810238	12	0	-0.2868106675675852	1	1
ZNF300	0.017408096813499037	1	10	0	0.28665886421749154	1	1
DDX18	0.016086731824629913	0.6833499550410619	4	0	-0.2862430457005576	1	1
FAM151B	0.023217176409336397	0.11712572518753743	3	0	0.28590769933934995	1	1
STAT1	2.434591559749174e-7	0.1382096729293772	8	0	-0.2832652502549234	1	1
CD47	2.8211595111458443e-8	6.1031569715720735e-6	7	1	-0.28320243978474385	1	1
TBC1D23	2.537698703908773e-4	4.7967360988311126e-5	8	1	0.282052405243177	1	1
FKBP1A	0.012120844730146902	0.026657593508596183	4	1	0.2811642500972625	1	1
ANK2	1.0843869250700427e-6	0.06686308101566689	8	0	0.2793905766325737	1	1
TRAF3IP1	0.04578589981386852	1	7	0	-0.2791722513308915	1	1
KANSL2	0.022661946003792992	0.027017313226585047	13	1	0.2791581630596178	1	1
RBMS3	0.027773916855116668	0.2318212126723888	7	0	0.27904955030764306	1	1
CLPTM1L	0.00743119920770186	1	6	0	-0.2787140170448024	1	1
CREB5	0.022975603267196786	0.49690101847377316	4	0	-0.2786062959316876	1	1
MAP3K3	0.016042114765570117	0.0023754396641443316	3	1	-0.2781277103795971	1	1
WDR19	0.028013855183063548	0.11228801630941579	9	0	-0.27708381136641735	1	1
COG1	5.1768645468841045e-5	0.0070347414349314265	10	1	-0.27569230399779976	1	1
PSMA3	9.135241505238098e-4	0	2	2	-0.2734278985289892	1	1
LOC113246261	0.011493212393275042	0.761739906071967	10	0	-0.2712773896082018	1	1
EFCAB14	2.103898066602052e-6	0.02092578318017811	6	1	-0.2709814212618471	1	1
SLC35F5	0.045844551097334006	0.0015444237179228382	5	1	-0.2705269109740993	1	1
POLDIP2	0.012667208505090278	1	5	0	-0.2699528014904885	1	1
ZHX1	0.001121643463847794	1	5	0	-0.26945772246764693	1	1
FARP2	0.024886249035155447	1	5	0	0.2688530935221261	1	1
CHIC2	0.023573640264021496	1	8	0	0.2682108902034672	1	1
LOC113254434	0.014592431211774422	1	14	0	0.2679269623524299	1	1
NUP93	0.0128693113500089	1	5	0	-0.26776245517208946	1	1
DDX39B	0.006437100571322695	1	6	0	0.26695239354548533	1	1
CRYBG1	0.011032425811517095	0	2	2	0.26548267703761874	1	1
SETD6	0.03322962818629978	0.07768292369587652	5	0	-0.26218754564210467	1	1
NR2C1	2.2285739873736853e-4	0.0034280169316425082	6	1	0.261663280315941	1	1
SBNO2	0.048665438690303355	1	3	0	0.26160003038098945	1	1
TRIO	0.007006687498623515	5.668572216043792e-4	3	1	0.26121557542348445	1	1
ZNF106	0.002992003035137237	0.05724685920642007	6	0	0.26089441556005327	1	1
RNF111	0.016086731824629913	0.18820801938088585	9	0	-0.26082653121047705	1	1
BROX	2.489184781719408e-5	0.13985025249444052	9	0	0.2607538386598735	1	1
ZSCAN22	0.007089220175570324	1	7	0	-0.2605668123595128	1	1
GTF2I	0.024219090033972	1	11	0	0.260209915195871	1	1
CHD1L	0.030309121163931686	1	9	0	-0.2601151069413962	1	1
THOC1	0.008105459721163388	0.07510121619597916	9	0	-0.2599232625518794	1	1
IRF9_REC8	6.011294859767128e-5	0.44343662162543873	9	0	0.25988815717933406	1	1
GNG12	0.02481177530722213	0.23874687565080727	6	0	-0.2598877154071199	1	1
CTNNB1	0.009247034208130937	0.055979391258524	6	0	-0.2596213743904632	1	1
PPOX	0.005352275403159515	1	13	0	-0.2592564657110036	1	1
PEX5	0.028506092957720653	1	11	0	0.25887739869145743	1	1
RTN4	0.01716119682372955	0.3300145602385954	5	0	-0.2582865697014868	1	1
CLK4	0.038706696777752805	0.7611910870168148	17	0	0.25808705045257857	1	1
GRHPR	0.04695335266639331	0.01109085408601645	5	1	-0.25802228053461207	1	1
NDUFA10	0.0047242926879675524	0.5039847434562847	9	0	-0.2564990116965858	1	1
RAD21	3.325879272769559e-5	2.527712439633386e-6	8	1	0.2559624294544939	1	1
RBM34	0.028307590488045046	1	3	0	0.2559547774720983	1	1
ZNF280D	0.03993964759773851	1	14	0	0.25513603730440537	1	1
IRAK4	1.953494690571205e-4	0.166806804273594	14	0	-0.2544041405954114	1	1
DDX6	2.3634844871424865e-9	1.0956156922495813e-12	5	1	-0.2543865747846244	1	1
HSPA4	2.8828795644603555e-8	6.806353930720815e-4	4	2	0.2541485040538548	1	1
WDR5	0.020180133145929122	0.883065371352062	7	0	-0.25281426010376273	1	1
VGLL4	0.04125259452585334	1	4	0	0.25245368537028223	1	1
AP2M1	0.011429443399558774	0	2	2	-0.2512717826969333	1	1
MTUS1	6.236923936125066e-4	0.11992274491244287	10	0	0.2505148530450346	1	1
KANK2	0.00397331251637985	0.010983510167066241	9	1	0.2501060060869339	1	1
SUPT20H	8.462085712252236e-8	0.1313655786921806	17	0	-0.2497853326254146	1	1
LOC113250780	0.004590059776691589	4.3317288956888427e-4	3	2	0.24892844118499569	1	1
ACTN1	0.004145001134171614	0.007686431572131797	4	1	-0.2485391412203778	1	1
ITSN2	0.004987312714372225	0.3517023582894564	7	0	0.24832399307795971	1	1
RPL38	0.03638415457542008	0.015561443593077933	3	1	0.2476534566874613	1	1
HERC3	0.003865928780181463	1	14	0	0.24736699485611588	1	1
CAMKK2	0.028307590488045046	0.18401120147148128	11	0	-0.24720850902702696	1	1
CHD9	0.03409335626717988	1	7	0	-0.2465039721681441	1	1
GPBP1L1	3.35820624908836e-4	0.22905963426700643	11	0	0.246413786536666	1	1
SEMA6D	0.0495187533698165	1	11	0	0.24612229601005073	1	1
RPS24	6.988368938745554e-4	6.134998045710289e-5	3	1	-0.24598062480649274	1	1
NUMA1	8.633972897744164e-5	0.004440201649062284	8	2	-0.24548365180278675	1	1
RAPGEF2	1.7403633593578738e-4	0.004474650109276011	7	1	0.24530787081691244	1	1
SYNPO2	1.7057170038735817e-5	2.1396674740027723e-7	5	1	0.24466999206240736	1	1
DNAJC13	0.0024450010784680372	1	5	0	-0.24443320827182283	1	1
NSMAF	7.657879490574375e-4	1	10	0	-0.24287134048169018	1	1
LOC113264440	0.03214443943518784	0.9094639547012701	6	0	-0.24246843644686347	1	1
SHC1	0.009964195016483414	1	10	0	-0.24205619535536582	1	1
HERC2	0.004699620598187564	0.6751675836883478	7	0	-0.2419232416533019	1	1
PRPF38B	0.04225953135765613	1	8	0	0.2418300951428604	1	1
ACER3	0.005694461807769764	0.04581748539976694	6	1	0.2407988799924588	1	1
RAI14	0.005084558865176088	0.1319592098431251	7	0	-0.2404651418064015	1	1
SLC6A6	0.004590059776691589	0.05769756625696695	7	0	0.24040579735933987	1	1
HIF1A	0.0337252168484018	0.1348795427874925	7	0	-0.24010373850324696	1	1
MYO1C	1.2650709028982123e-4	1	8	0	-0.23956320676239262	1	1
SVIL	6.479350166490119e-4	0.0026279542685865077	7	1	0.23903129229293568	1	1
ADCK2	0.025167800509789624	1	8	0	0.23852668362060692	1	1
CLASP2	0.006770032162779779	0.2608486012698332	12	0	0.23806058025136856	1	1
PXN	4.114819875341225e-5	0.9025126992290076	10	0	-0.23766414079763332	1	1
LOC113249104	0.04064787377593593	1	11	0	0.23762624713032446	1	1
TNS1	0.0406076736479181	1	11	0	-0.2373140704379775	1	1
ZNF664	0.002468126096607974	1.4810954596102433e-4	5	1	0.23575868526879887	1	1
WDR13	0.0011003651091704377	1	11	0	0.23544187773956193	1	1
WTAP	8.757927386425766e-4	0.18693962475218795	8	0	-0.23515350926306938	1	1
AMOTL1	0.026220749905010367	0.7033123843483357	5	0	0.23469036452333542	1	1
RNF13	0.003132295694368796	1	11	0	-0.2343437320246955	1	1
KCTD15	0.0031126998032079732	0.030758189536912773	6	1	0.23412753975461814	1	1
MYO5A	0.015414622475451875	7.693437306772588e-4	4	1	-0.23399596883699153	1	1
GPSM2	0.018180407152667725	0.9443352416096675	9	0	-0.23377459035190207	1	1
TEX2	0.023451940196064003	1	8	0	0.23343009445939042	1	1
ZNF326	0.038961335436974165	0.9444977569037478	8	0	0.2318438273753333	1	1
SIRT5	0.041503338626554635	1	7	0	0.22930373541375373	1	1
HNRNPM	1.5770546606348066e-7	5.473121389806685e-6	6	2	0.22897072768575066	1	1
ACTR3	1.3664431922072025e-4	8.780592674984084e-6	4	2	-0.22885184750473542	1	1
CYLD	4.324598434389401e-5	0.010797231636338934	9	1	0.22806044194853775	1	1
CTNND1	1.9212209844941e-9	0.0023514193921564865	6	1	-0.22766779556827202	1	1
WDR33	0.022975603267196786	4.838188801561809e-4	8	1	0.22765793440806434	1	1
STRN3	0.014868338153007206	0.0021301022930732497	3	1	-0.22685531453070085	1	1
SETD5	0.001387570232034037	0.13204112327748116	10	0	0.22670809554655671	1	1
SMARCA2	3.6655818643183905e-4	0.016462883437141893	9	1	0.22521491594934342	1	1
LOC113243734	0.03624696125649983	1	13	0	-0.22379055174244683	1	1
CALCOCO2	0.01666911582191	0.026506696037455476	3	1	-0.22373414484503096	1	1
DAB2	3.302992503035584e-5	1	8	0	0.22344280466579508	1	1
ATP6V0A1	0.01575044883140504	1	9	0	-0.22339074282744534	1	1
FTO	0.018434476824762767	1	8	0	0.22099285175299796	1	1
CREB1	0.036746076735191556	0.3308121078213257	5	0	-0.22024973730927475	1	1
RBM12B	1.1534918501275114e-4	1	13	0	-0.22014051370996493	1	1
ARHGAP18	0.04590461942402984	0.41444513724504695	5	0	0.219870395534877	1	1
INPP4A	0.007834086518906496	1	4	0	0.21976694216022352	1	1
TIAM1	0.03594618773775891	0.009658976342559475	3	1	0.2190175660434791	1	1
RBPJ	0.0034234381382979065	1	7	0	-0.2186012644158845	1	1
ST6GAL1	0.017128662721504734	0.008436590990910382	6	1	0.2185490921203911	1	1
CCDC186	0.009247034208130937	1	4	0	0.21806850839690312	1	1
MFSD1	0.016117184592227454	0.14306107655707273	7	0	-0.21800347852175928	1	1
RBM23	0.03716022041427664	0.1459150451409822	7	0	0.21727787929604686	1	1
NCK2	0.013927327278074516	0.0013566953474457575	3	1	0.21658524564356363	1	1
CFH	4.9978258638239055e-5	1	7	0	-0.2147157208913588	1	1
RAPGEF3	0.022478109639430817	1	11	0	-0.21443417501882248	1	1
KIF1B	0.004315378305020883	2.1196873441750027e-4	4	1	0.2134200422163306	1	1
PI4KB	0.003910305157978035	0.012579008488192421	10	1	0.2130867822811304	1	1
LOC113251518	8.322720781962503e-4	1	11	0	-0.21170367601068557	1	1
TGFBR3	0.004315378305020883	0.46594979906360834	4	0	0.2114650146674191	1	1
C7	3.746761590135783e-4	1	4	0	-0.20965675597272695	1	1
TTN	0.023573640264021496	1	21	0	-0.2094202966371102	1	0.75
ZNF512	1.9573007119511706e-6	1	9	0	0.20939431812381207	1	1
LOC113246855	4.988554938294945e-4	1	6	0	-0.20875916631829558	1	1
MAP4	0.009247034208130937	1	12	0	0.2087027252652553	1	1
ABCD3	0.012643928366447605	0.4409954534252274	8	0	0.20646889939697846	1	1
SLC20A1	0.027773916855116668	1	5	0	0.20530522034496157	1	1
FUBP1	2.1401589364353677e-8	1	9	0	-0.2045701204419861	1	1
FAM13A	0.049523355640567666	1	17	0	-0.2044334196178772	1	1
PANK4	0.01671882730723483	1	11	0	0.20411798815278537	1	1
RASA4B	0.00894973617697698	1	15	0	0.20401510122690847	1	1
SPICE1	0.04379065266661288	0.6020198468118557	6	0	0.20390260468378668	1	1
BAZ2B	1.1571046341023463e-4	0.560505017674099	18	0	0.20379376380762965	1	1
LOC113249365	8.038058551925167e-4	0.23709875249321571	13	0	-0.20197405234707538	1	1
HEATR5A	0.038063153003805875	0.2234482897309042	11	0	0.20197239688223953	1	1
RRN3	0.006136557882217078	1	8	0	-0.20148895114522314	1	1
MAP3K20	0.028307590488045046	0.4848189124151523	4	0	0.20091320138381075	1	1
SEC24B	0.038961335436974165	0.3272267746668015	10	0	0.20063785905567755	1	1
GAA	0.020985709699456814	1	10	0	-0.2004091564002426	1	1
MLX	0.049523355640567666	1	7	0	0.1994062002930286	1	1
CHD2	0.010406998050811318	1	9	0	0.19826931064845205	1	1
LOC113248376	0.00743119920770186	0.41446662583334937	8	0	-0.1970592646088147	1	1
CALD1	4.549255486986424e-6	2.6508119871951493e-4	9	1	0.19694158232087663	1	1
RUSC2	0.0021716058478913084	1	15	0	-0.19490068616378461	1	1
CPSF1	0.028307590488045046	0.5470437603639017	17	0	0.19450940234015693	1	1
TBC1D1	0.020950716407421948	1	9	0	0.1940134535955379	1	1
AQP9	0.04589346437320153	1	6	0	0.19391656072686325	1	1
TM2D1	0.0013302384956041266	0.20343831556688932	8	0	0.19300934849864793	1	1
OSBPL8	0.003974273708103586	0.060489703522093145	10	0	-0.1923066845763541	1	1
METTL14	0.011064413387200113	0.08979454351154582	8	0	0.1917215332343108	1	1
VRK3	0.024528459890745875	1	8	0	-0.19120243766189862	1	1
N4BP2L2	0.005493258801397521	0.0022106297555386585	7	1	-0.19071356931552633	1	1
TACC2	0.020950716407421948	1	13	0	0.19047725330669132	1	1
CDK20	0.003558326249490199	0.002037804993381059	8	1	-0.18936751172183156	1	1
ZNF655	3.7603843485168817e-4	1	15	0	-0.1891886296394641	1	1
RCN1	0.03253954583448191	0.004884881808633151	3	1	0.18837167665918322	1	1
EPC1	0.0017987518429304341	0.29117978523512267	6	0	0.18801970730220002	1	1
NET1	7.312594548676491e-4	1.2590866927339277e-4	5	1	-0.1879335834617335	1	1
VPS13A	0.00595025823461444	1	5	0	0.18703547085738845	1	1
PSMF1	0.041379407757518485	0	2	2	-0.18598688905225824	1	1
ABCB7	0.0355413591593709	1	5	0	0.18534109991792216	1	1
SEC11C	0.04734855427290801	1	3	0	-0.1844557484148884	1	1
ASH1L	0.004272694182611926	0.31119359056142915	5	0	0.1835360276231981	1	1
ALDH2	8.687393166869943e-8	2.2277866766326184e-7	6	1	-0.18287828118215324	1	1
ZNF518A	0.03537783339199143	1	7	0	-0.1826766726327409	1	1
GIT2	0.002426656496290585	1	13	0	-0.18261660107206762	1	1
MARK3	0.0017835384065536992	0.2549031546597564	7	0	-0.18249767580381254	1	1
NCOA4	0.017124216511478614	0.15142529965515297	8	0	-0.18215877273008302	1	1
RBFOX2	0.016086731824629913	0.004803008703482143	7	1	-0.18149971612749338	1	1
BRD2	0.03903443459719101	0.7313417575403979	12	0	0.18027111894482042	1	1
MEF2C	0.004312210808456409	0.6500715911377227	12	0	0.1799232149996506	1	1
ACIN1	0.018382698727666846	0.37105760687263534	10	0	-0.17744857463957536	1	1
N4BP1	0.027797849017541867	1	4	0	-0.17654524642154973	1	1
RERE	0.002144568221670363	1	8	0	0.17635439927588376	1	1
N4BP2L1	0.023217176409336397	1	7	0	0.17520726022459013	1	1
TMEM43	0.004720853038070763	1	5	0	-0.174944310286126	1	1
TSN	0.04353371278311137	0.010093608630290806	3	1	0.17405269559443254	1	1
NADK	4.988554938294945e-4	0.01294152130604967	5	1	0.1731715455745741	1	1
NDRG2	0.03322962818629978	1	7	0	-0.17289234535269002	1	1
DIDO1	0.0013431112028308195	0.0028931332784929964	8	1	-0.17268218502434826	1	1
TMCO3	0.0070803824819342075	1	14	0	-0.17235170348082635	1	1
UBXN4	0.0015351072910413288	1	5	0	-0.1715133156559958	1	1
ZNF638	0.02648911852291486	1	13	0	-0.171012068860674	1	1
RNF141	0.049369170539790605	1	8	0	-0.1698090703132519	1	1
EDIL3	0.015289305408266247	1	3	0	-0.1695689304950982	1	1
LOC113248513	0.0011292679588878261	1	8	0	-0.16952176809517241	1	1
CREM	0.015666749339141625	1	12	0	-0.16792962884813178	1	1
WDFY3	1.0366765936981292e-5	3.14701123465333e-7	5	1	0.1671292337231418	1	1
RTCA	0.04752267914750975	0.2590405856993832	5	0	-0.1670093690002561	1	1
ASPSCR1	0.015045858766795017	1	10	0	0.16642762012137008	1	1
SEPT9	0.037479750986288564	1	8	0	-0.16561358303609347	1	1
MBNL1	2.4860155455603363e-7	1	8	0	0.1655928243495015	1	1
MDN1	0.04859944108969594	1	3	0	-0.16522668583442546	1	1
PPIP5K2	2.957935068812133e-6	1	14	0	-0.1641203703726675	1	1
HPS1	0.0065068263901681064	1	15	0	-0.1639165204134218	1	1
PPP4R3B	0.0014295566992488457	1	5	0	0.1635808066706808	1	1
YTHDC1	0.0013431112028308195	1	8	0	0.16332737808291742	1	1
OAZ2	0.03707563450781692	1	4	0	-0.16224756411413965	1	1
HIPK3	0.003875324850180406	1	5	0	0.16112358000658827	1	1
HNRNPC	0.03216072912294893	1	13	0	-0.16091498213961866	1	1
LMNA	2.216935953570361e-4	1	3	0	-0.15829766400019307	1	1
DAZAP1	0.003475552419006581	0.06182653405922696	7	0	-0.15772421781145404	1	1
SPTAN1	3.115811103077433e-4	1	9	0	-0.15408899670600273	1	1
SFT2D2	0.004201175104181054	1	6	0	0.1532290838918499	1	1
LAMTOR3	0.0013302384956041266	1	5	0	0.15056981871145092	1	1
TRIP12	0.047796956435070294	1	10	0	-0.14925801517781095	1	1
CAST	2.689062683834567e-11	1	11	0	0.14757826124426662	1	1
KDR	0.0355413591593709	1	5	0	-0.1470119573780868	1	1
HSPA9	0.015255494410983913	1	5	0	0.14641133302593926	1	1
APLP2	0.014324312393494859	1	5	0	0.1457978310678294	1	1
COL3A1	7.380241724394317e-4	1	7	0	0.14576327734041009	1	1
LTBP1	0.0015384508881739999	1	8	0	-0.1447121788538085	1	1
HDLBP	0.04578589981386852	0.5554738252459513	11	0	0.14418116763918043	1	1
PPP6R3	1.4427837066302225e-6	0.3740879829519593	19	0	-0.14405993792381871	1	1
FAM217B	0.03176061143286541	1	3	0	-0.14100610731078764	1	1
BCLAF1	4.639582107695249e-5	1	10	0	0.14045930237026846	1	1
PAMR1	0.0337252168484018	1	6	0	-0.1386062373501059	1	1
NDUFS2	0.0389318404792894	1	6	0	0.13845908390839545	1	1
PICALM	0.002992003035137237	1	7	0	-0.13532833919639198	1	1
PPP1R12A	0.02266958295160154	1	5	0	0.13312367709727568	1	1
ZC3H14	0.028506092957720653	1	8	0	0.13266382709482272	1	1
PAM	3.746761590135783e-4	1	12	0	-0.13107170669180299	1	1
ZNF207	0.022548635789757486	0.022624698083258038	6	1	0.13092806500623613	1	1
AHCTF1	0.015216224720408783	1	7	0	-0.13085766234510138	1	1
HSP90B1	0.0015351072910413288	1	4	0	0.1302039110365491	1	1
CDC42	1.1371703457145187e-6	1	4	0	-0.1279142019676347	1	1
HNRNPDL	2.7390657766566474e-4	1	5	0	0.12537520998280327	1	1
LOC113243115	0.0406076736479181	1	12	0	-0.12517153709354167	1	1
LOC113250851	0.001210789505937365	1	9	0	-0.12455021590177705	1	1
PJA2	8.1002803103909e-4	1	4	0	0.12451214841112351	1	1
GPI	0.027003537254998416	1	4	0	0.12128830313852991	1	1
STOM	0.028040785946338437	1	5	0	-0.12065273373974372	1	1
EIF4G2	0.034026332356980854	1	5	0	0.1202165540480693	1	1
PPP2R2D	0.005513947743878016	1	5	0	0.11959781578157357	1	1
USP8	0.03214443943518784	1	5	0	-0.11480023761037483	1	1
RPL5	1.0366765936981292e-5	1	4	0	0.11247046565018792	1	1
SZRD1	0.028040785946338437	1	6	0	-0.11209069327388162	1	1
CPE	0.025575564436910454	1	4	0	-0.11197073304266147	1	1
CPD	0.04379065266661288	1	3	0	-0.10958089105469326	1	1
NRP2	0.044602927417189867	1	5	0	0.10024022745260061	1	1
PAPOLA	4.44653354216825e-8	1	8	0	0.09127804912232987	1	1
LOC113249364	0.001972867988917929	1	8	0	-0.08952723093887335	1	1
SCP2	0.04578589981386852	1	5	0	0.08320203219857361	1	1
AHNAK	0.006563286214785211	1	6	0	0.0709744085132691	1	1
CSNK1A1	0.024528459890745875	1	7	0	-0.0705601648085383	1	1
