gene_ID	gene_qvalue	minimal_tx_qvalue	number_tx	number_significant_tx	max(Adipose-Spleen)	pct_gene_expr	max_pct_tx_expr
LOC113262154_ASAH1	0.0028379855205831117	0.0014016839887312812	3	1	0.9244225160110595	1	1
MFAP5	2.7620501448795783e-5	0.010524416252221638	4	1	0.9189029176578016	1	1
ICOSLG	3.872382496962473e-4	0	2	2	0.8806893353565236	1	0.75
HERC6	0.014280172127151713	0.1802976012960643	3	0	-0.8806500230235852	1	0.75
RAP1GAP2	0.007058343504210051	5.146452437594636e-4	3	2	0.8771639814521418	1	0.75
UNC5C	0.018995304374008634	0.003499698876097759	4	1	-0.8636904627804604	1	1
CRYAB	0.0011804235536279687	0	2	2	0.8349987411438378	1	1
LOC113245463	0.020603388115988747	0.11678947367754577	4	0	-0.8308727012920557	1	1
ADAMTS10	0.012000869234357881	0.0020987553344806375	4	1	-0.8292994852154167	1	0.75
SAXO2	2.7817674383982674e-4	1	3	0	-0.8149923146353855	1	1
THY1	1.4624591995813484e-19	1.1124667919404215e-16	3	2	-0.8123690539325523	1	1
CIDEC	7.56605680784007e-6	0.0011839183385823663	6	1	0.8072806414865138	1	1
BNIP3L	2.879914963034061e-35	3.130790720255877e-38	4	3	-0.8052885706504047	1	1
ACKR2	2.8959501991454047e-4	2.6461491168713083e-4	5	1	-0.8048209540131659	1	0.75
LOC113254393	0.023280387371731003	0.0319375864803057	3	1	0.8007271841678226	1	0.75
SLC35D2	0.024894142439717947	0.02389296458120839	5	1	-0.7999209012753148	1	0.75
SLC25A34	0.024739484862946838	0.04737454154187449	3	1	0.7944038862752962	1	0.75
LOC113270472	0.007748248796575544	0.009838237176167875	4	1	0.7934437501646413	1	1
KLHL13	0.01934840071064884	0.01280661540983935	4	1	-0.78691027330304	1	0.75
DENND5B	0.004685305639120193	0.055062120243264706	3	0	-0.7849373756615254	1	1
LOC113247982	0.0332876557912818	0	2	2	-0.7837456958473895	1	0.75
SAMD4B	0.01969975673066491	0	2	2	0.7773552478676566	1	0.75
PSD4	0.011400885266403628	0.0780786808893546	5	0	0.7691801282523613	1	0.75
AMPD3	0.024315863334515558	0	2	2	0.7656756894243938	1	1
CRNKL1_LOC113258304	0.04068058305645429	0	2	2	0.7605933683422516	1	1
RUNX2	0.019998993099649618	0.05662722551685847	4	0	0.7601997773544525	1	0.75
PQLC2	1.4095554558784463e-6	6.981722656223311e-4	3	1	0.7572510875401631	1	1
KCNJ15	0.007251781211688314	1	4	0	-0.7570738607270308	1	0.75
CNBD2	0.04629537196585124	0.009408323974808494	6	1	0.7569893335193305	1	0.75
MMP12	0.005063908116548916	0	2	2	0.7517671152185592	1	1
ZNF329	0.04448262226138976	0	2	2	0.7484416649002927	1	0.75
SELP	0.005026934565841842	0.09279993208698475	4	0	-0.74041768509455	1	0.75
MCTP2	1.804703327467981e-8	0.07556482559551549	4	0	-0.7366085780159365	1	1
LDAH	2.0531052069828457e-8	1	5	0	-0.734376346974994	1	1
PTPN14	4.4550126371107474e-4	5.395990399696898e-4	4	1	-0.7317775215758866	1	1
ABI3	0.03696951093826596	0	2	2	-0.7285160333544868	1	1
NMNAT1_LOC113270532	0.028948369314749325	0.015599773782979606	4	1	0.7282763673862607	1	0.75
JAK1_LOC113254576	8.191716109751759e-4	2.3162022099113697e-4	3	2	-0.7204173861964881	1	1
GSN	1.983866502993948e-68	2.4318833721149296e-55	4	3	-0.7163722038162263	1	1
APOOL	0.0016611431356029708	0.001102032752124239	5	1	-0.7151003869892968	1	1
LOC113258460	0.042421982941236676	1	5	0	0.7115600553817559	1	0.75
RASSF6	0.03911728463462233	0.4422775883027059	4	0	0.7115588242653746	1	1
ICA1L	0.009468902568465236	1	4	0	-0.7102249084181461	1	0.75
DENND1C	0.03782640456471513	0.21267115450842378	6	0	0.7071388288689706	1	0.75
LSP1	9.35516600400932e-7	1.7998491097952968e-7	5	2	-0.70676152086326	1	1
FCRL4	0.04044589354925874	0.019562650067040357	4	1	0.7059829152730454	1	1
TDRD7	0.006656230860675468	0.08934867189205682	11	0	-0.703069390784111	1	0.75
SLC35F2	0.025779051305752653	0.14744095988239664	4	0	0.6968357332739963	1	1
KCNAB1	2.0716112155998192e-4	0.04798773642266254	3	1	-0.6906050310691955	1	1
SH3D19	7.684033559737104e-11	4.051994618110822e-12	7	2	-0.6858102084510709	1	1
SH2D3C	1.5485746686001164e-4	0	2	2	0.6840188650792091	1	1
RAI1	0.007188860849715222	0	2	2	-0.6833037384583756	1	1
ARHGEF28	0.034953376147893234	0.06272919614773562	3	0	-0.6814671574346712	1	0.75
EVL	1.5307730692508818e-4	1.2013701037889275e-5	3	2	0.6739093203904254	1	1
EXTL3_LOC113269942	2.03581187462889e-6	3.456016508842186e-4	7	1	0.6657594327746549	1	1
SAMD12	0.04814658162725469	0	2	2	0.6614022826356353	1	1
COL4A3	0.04792644352390069	0.11091240414217772	4	0	0.659923159929987	1	1
MLH1	3.2304748712655273e-6	6.1725831506914695e-6	9	1	-0.6593973065245121	1	1
WIPF1	0.01040724310439715	0.01438983853496492	6	1	0.6533598623265273	1	1
AADACL2	1.943120970061627e-4	0.004016116399436434	4	1	0.652565598426353	1	1
FES	6.911513662156017e-4	0.007660973164998072	7	1	-0.6512377577673362	1	1
PHACTR1	9.408524661948454e-4	1.3614747983350925e-4	5	1	-0.6499844928484264	1	1
SLC7A7	0.0010619323499955543	0.012208682904596159	6	1	0.649361510183297	1	1
DCN	1.325742188137815e-9	0	2	2	-0.6482418517224232	1	1
SENP5	1.3382406071714048e-8	1.424675439736702e-8	6	1	-0.6431025137578938	1	1
EPB41L5	1.804703327467981e-8	0.6670796858243484	8	0	-0.6428251747716515	1	0.75
RCAN1	2.0340341000950983e-4	0	2	2	0.642303868143481	1	1
CUNH16orf54	0.037396122141840425	1	3	0	0.6402723069734712	1	0.75
POLL	0.009852603702639337	0.283604650630446	6	0	-0.6349629767569521	1	1
GK	0.04068058305645429	0.030450274744121188	6	1	0.6348708377818981	1	1
HIP1	0.0016993922067553686	0.11222031361365978	4	0	0.6274392190247561	1	1
CDK6	0.034782201526014814	0.05954212454507211	4	0	0.6218859938639522	1	1
FILIP1L	0.0378333299830655	0.025532302511728514	4	1	0.6201299384868842	1	1
DCLRE1C	3.9959251906031643e-10	1	4	0	0.6137126256547738	1	1
LOC113249382	8.083808201485688e-4	0.019030585644213737	3	1	0.6128585499919171	1	1
PSAP	3.7129332913293575e-21	0	2	2	-0.6103494803076717	1	1
KIAA1522	0.02771633634516989	0.19241205595235986	3	0	0.6094964288421125	1	1
SEPT9	1.900764767956832e-11	2.579018852323742e-12	8	2	0.6086610287299374	1	1
ZNF236	5.05393045866075e-8	2.0360449221322672e-5	5	1	0.6045675422391437	1	1
XRCC3	0.026757721886066805	0.08654288621877515	5	0	-0.6033610930115231	1	1
KLHL22	6.437175861763015e-5	0.0026020107043776518	6	1	-0.6028802116582745	1	1
ACTA1	0.02675260330934068	0.0683831072027241	4	0	-0.6024531632798165	1	1
LIPN	8.169059423186361e-4	0.034743514602042266	8	1	-0.6016855497095499	1	0.75
ACVRL1	3.217095462386595e-8	3.671331561935029e-10	3	2	-0.6006019012116093	1	1
TP53BP1	0.022386000633905376	1	7	0	0.5966643827233975	1	1
PRKACB	6.144436827076132e-5	1.3468175982940202e-6	3	2	-0.5960670617383574	1	1
FHL1	7.684033559737104e-11	2.6913587736881745e-4	10	2	-0.5881962131412635	1	1
TP53I11	0.02170295269251878	0.015326250653584093	4	1	-0.5858763611903169	1	1
SLC6A4	0.017408320499829804	0.012710928230705753	5	1	-0.5851218575508689	1	1
CLASP1	0.001906642198839911	0.07519951410363249	9	0	0.5826270639738447	1	1
FOXJ3	0.021361346991118618	0.04429306107283537	5	1	-0.5817128419220342	1	1
TLE2	0.026143464587704543	0.042413691391461804	6	1	-0.5789219871239245	1	1
CIZ1	0.0456386663660875	0.08639343431869947	6	0	-0.5783213509884145	1	1
VWA5A	3.9444073779774505e-6	4.261516176284822e-4	10	1	0.5735902510872879	1	1
ZNF684	0.015484208056203052	0.7451809666272113	6	0	0.5699939165572256	1	1
PIGM	0.025732597478076588	0.0043062635079886	3	1	0.5681899289566008	1	1
ZNF263	0.024974218324031242	0.05472527191496131	5	0	-0.5665810680539949	1	1
LOC113248165	0.005202898063909462	0.002846815293772181	5	1	0.5644885060710405	1	1
CIDEA	0.002744196413976542	1	8	0	0.564358252689572	1	1
HSD11B1	0.0016737047829463848	0.3584413267149954	7	0	-0.5588247549113582	1	0.75
MYL9	3.4311507215898846e-9	0	2	2	0.5580024962767798	1	1
TAF9	0.0377933500689918	0.0088006169896681	3	1	-0.5548353817308935	1	1
PHKB	7.582184532487731e-4	0.13850888258854654	10	0	0.5530299956709563	1	1
HMBS	0.011561915121072797	0.05020477472957987	5	0	-0.5521945014181991	1	1
LOC113243779	0.00715898487210452	0.09014885448771995	6	0	-0.5518167450264962	1	1
TSPYL5	0.014657348373516283	0.025918237943778982	4	1	-0.5510048148417748	1	1
SCD	4.599565575743757e-4	0.0011109059019739056	5	1	-0.5498832582499549	1	1
ETS2	4.4385752683635766e-4	1.4244694858871348e-4	4	1	0.5482656438116151	1	1
PLD3	1.3527317904141703e-10	6.394121930659247e-12	4	2	-0.5477969954190989	1	1
CSTF3	4.581866389010391e-4	0.009379251843317006	7	1	-0.5469525414073241	1	1
UAP1	5.701964102727533e-9	8.190574502391166e-9	9	1	-0.5438129570540673	1	1
P4HA1	6.150328755057072e-9	2.3303256800142155e-7	7	2	0.542826430709118	1	1
HMGCLL1	5.323114227367257e-4	0.1813220016025282	7	0	-0.5421874342719625	1	1
ENTPD1	0.006679554516366018	0.0023209246473616324	4	1	-0.5412035556275092	1	1
ABCB1	3.7974326679948443e-6	0.011779435504669571	5	1	-0.5407541948433424	1	1
IRF4	0.024974218324031242	0.018042000380576174	3	1	0.5392572282471239	1	1
NCAPH	0.010036095190088617	0.025450168447539206	5	1	-0.5381682525020395	1	1
ZBTB37	0.019748058999062245	0.0267439484053328	4	1	-0.538120228949843	1	1
PTGS1	0.0054688874019911205	0.013630921224366821	4	1	-0.5372588243627587	1	1
POU2F1	0.031532883761688724	0.20006174622537604	3	0	0.536404465274503	1	1
MYO1G	0.042214822769309004	0	2	2	-0.5348563673007075	1	1
GYG2	1.9618265803006904e-8	0.005710874368916239	8	2	0.5306746010757186	1	1
HNRNPA2B1	1.0152895151262641e-17	3.36663637865252e-11	7	2	-0.5275412882803687	1	1
CASP10	0.0022465254051522174	9.8247726250202e-5	3	1	-0.5256588920480872	1	1
HYKK	5.215767839292735e-4	1	9	0	-0.5255219300437137	1	1
AKT3	8.81538677949634e-6	1.3660006076907983e-6	4	1	-0.5222076831643082	1	1
LTBP3	8.845146418423979e-4	3.473803771846061e-5	3	1	0.520700270132241	1	1
UNG	0.04893563260354061	0.14468182140775798	3	0	-0.5188607484796377	1	1
PTPRB	2.554986316967632e-5	4.319536352930041e-5	3	3	-0.5174296878852997	1	1
ZNF385A	0.0054688874019911205	0.28239577195457033	6	0	0.517329809990273	1	1
IKZF1	0.0065224505630892176	1	8	0	0.5128997290502582	1	1
POLG	1.3671405331365e-7	0.9135715454789213	6	0	-0.5128370964303723	1	1
NTRK3	0.015612109258130768	0.029242794584203452	3	1	0.5124441351890987	1	1
BCL9L	0.028767319612991036	0.20510013402022323	4	0	-0.511659662568855	1	1
FZD6	0.026646115086879328	0.04220917039321822	3	1	-0.5111122033565377	1	1
PFKFB3	1.4095554558784463e-6	5.1326958999338006e-5	8	2	0.5104930761942996	1	1
RAB3IP	0.016076289573844955	0.32149413760893664	7	0	-0.5087205562976649	1	1
NEURL1	0.03898474799723606	1	4	0	0.5074644203192477	1	1
CUNH19orf12	0.049558925809494656	1	4	0	0.5058300616116248	1	1
ARL16	0.015719754543324062	0	2	2	0.5058053721558146	1	1
NCAPG2	0.0012777772269483357	1	8	0	-0.5057591932098577	1	1
MORF4L1	0.0073553083224047735	0.1441943292122116	5	0	-0.5048705826827727	1	1
SPTLC2	0.002630438600805233	0	2	2	0.5033117173690755	1	1
DDX50	0.01062263872898234	0.17128881154633008	6	0	0.5030597459218392	1	1
LOC113256764	0.04561123581130667	0.04121777160468022	4	1	-0.5027390293314393	1	1
SRGAP2	0.012848164817689333	0.12495294858501127	9	0	0.5004195284903936	1	1
STAC	0.004934506057173796	0.054444433565660436	4	0	-0.496040527367104	1	1
COBLL1	0.005427443493461193	1	8	0	0.49434497128844745	1	1
PGBD1	8.083808201485688e-4	0.08891543576978245	6	0	-0.49364495247713913	1	1
MPP7	0.03967978426630067	0.08685942912823935	8	0	-0.4935687826500463	1	1
LOC113267063	0.0026424810594626825	2.0139568006815814e-4	7	1	-0.4930778866619294	1	1
PDGFRA	2.5806852325834497e-5	7.97652357314834e-6	5	1	-0.4914485468129754	1	1
KHDC4	3.5401623722671323e-4	0.14559956575167846	9	0	-0.4899601600137905	1	1
SCYL2	0.03630934342115421	0.04961516588274118	4	1	0.4889628875011335	1	1
PROX1	0.0493509483941532	0.10326249617955882	6	0	-0.4879081452923198	1	1
IDUA	0.022434151445704785	0.04203413858374643	4	1	-0.4878874069252578	1	1
LOC113247918	0.045458172037012606	0.04038795135170539	8	1	-0.4877014578295765	1	1
MYO9A	0.014443251573179716	1	6	0	0.4858007968922322	1	1
DOCK2	1.7533489127323913e-4	5.305034017550153e-5	3	2	0.4847946687924124	1	1
ZBTB21	0.03898474799723606	0.18803587182779316	4	0	-0.48260152053181893	1	1
LOC113245168_LOC113245319	0.037885964963345745	1	9	0	0.48222420145742123	1	1
CREB3L4	0.004526283230470177	1	4	0	-0.4800340170878465	1	1
BCL6B	1.4495933723538516e-4	0.052439303694856124	9	0	-0.47960245023528986	1	1
PEX11A	0.0028503406072256034	0.0632533931963519	6	0	0.4795592184171207	1	1
UEVLD	0.007498714052773173	0.0023850885121302116	6	1	0.4783613871505398	1	1
IL11RA	4.6352919764440243e-4	0.0026059787338547588	11	1	-0.4725047391429592	1	1
RTN4	4.5069728278301995e-5	3.315801215774442e-5	6	1	-0.4704331600411382	1	1
SLC2A3	0.01830013522834602	6.543362717814037e-4	4	1	0.47022190594235314	1	1
ESYT2	6.185430622628184e-6	2.512988349761487e-4	5	3	-0.4670568127799816	1	1
MYO1E	0.005042632788679416	0.0030351601251938755	3	2	-0.4662222010981095	1	1
FAS	9.671720464695873e-4	1	7	0	-0.4649309378399915	1	1
SORBS1	2.5879475175097615e-31	1.5900353201308795e-13	7	2	-0.4647549280946611	1	1
DDR1	0.04388523106263521	0.05803159677081005	5	0	0.46392016480657994	1	1
ADD3	0.003931105956916002	0.0888907264259182	6	0	-0.46344368256753116	1	1
KATNAL1	8.437582711935084e-4	0.006744784893145902	6	1	-0.4631644987397801	1	1
GPR63	0.029107539380573807	1	3	0	0.46296230005283945	1	1
SCUBE2	0.039965461057873714	0.08318016130684242	7	0	-0.4609778695635288	1	1
LOC113244055	0.035378293631492405	0.005573573386647439	3	2	0.45878286827960707	1	1
ZNF692	0.045651353167478086	1	9	0	-0.4570274943049203	1	0.75
PRDX5	0.003461957978651157	3.566534705438221e-4	3	2	-0.4562825379938139	1	1
LOC113263501	0.04966637380740863	0.12798185323827432	5	0	-0.4558043702597984	1	1
FYN	5.808918534739539e-6	0.005036170072421942	6	1	-0.4536324578745945	1	1
ADK	2.8554840103619893e-4	0.01269624240476261	10	2	-0.45329700706317777	1	1
TBC1D8	0.0052577427166423255	0.012717156157767133	5	1	0.45193667009196015	1	1
FIG4	0.007748248796575544	0.07958893958138497	7	0	0.4518542633985744	1	1
ZNF22	0.024611056180109243	0	2	2	-0.45129873382015484	1	1
GAREM1	0.030795890734421277	0	2	2	0.447202420925383	1	1
ATP10D	0.03580232040872613	0.35944610165090496	4	0	0.4467515001105616	1	1
HCAR1	0.036587264297655755	1	3	0	0.4465028988923291	1	1
FNBP1L	0.02869087816655351	0.18264808416030903	8	0	-0.4440555642191545	1	1
VMP1	1.312452630018886e-8	9.938859120423628e-4	6	2	-0.4430134285416818	1	1
SMARCA1	0.02675260330934068	0.6533789891362539	7	0	-0.44240211447608757	1	1
TOPBP1	3.454072413879054e-18	0.0027929745158658064	7	3	-0.4420450414415186	1	1
NAA35	0.042214822769309004	1	5	0	0.4405673542608952	1	1
SCRIB	0.030960881314403707	1	5	0	-0.4401050668468277	1	1
TRIP6	0.01699263874793194	0.026893016844436648	6	1	0.4389318967279543	1	1
THRB	0.0018432323469048729	0.1896423042897618	11	0	-0.438360079282091	1	1
TSPAN12	0.028958472935468244	1	11	0	-0.43788403784148555	1	1
ECE1	0.0028503406072256034	0.03387429589841835	5	1	-0.43715102683291124	1	1
TSPAN14	0.026933543073246986	0.059300007596006045	5	0	-0.43591522677077693	1	1
OXCT1	1.3182162349328239e-5	0.05537698702225568	8	0	0.43331578373240776	1	1
UNKL	0.0021795743727858964	0.09321514033658382	5	0	-0.4324965204666913	1	1
LOC113252430	8.110633271452068e-5	0.006654322185700019	5	1	-0.4321798387658423	1	1
L1CAM	6.465717887076248e-5	0.00165512905604732	6	1	-0.42977508401360615	1	1
FBLN5	1.815109910955627e-8	1.8812070626292846e-10	3	2	0.42891740350850394	1	1
PKN1	0.0252466425777144	0.007309634236435932	3	1	0.42625786835064716	1	1
EPS15L1	3.7259925257576974e-5	1	7	0	0.42607775478834237	1	1
SIRT5	0.007271711616275743	0.5736715874033151	8	0	0.42528380584012165	1	1
PIK3R1	0.004577203784257738	0.009176845047794396	3	1	0.42355894997749166	1	1
FRS2	0.047301835932855515	0.23314810880057085	6	0	-0.422206003494585	1	1
RGS3	0.0034403898691317647	2.1939341730064054e-5	6	1	-0.42179548643002607	1	1
CYTB	1.2152773392426213e-5	1.3497443533210238e-6	3	2	-0.42160366162425855	1	1
LOC113265899	2.6278034048703904e-5	2.871319193239089e-6	4	2	0.42156263533202687	1	1
SLC9A7	0.042214822769309004	0.10388295909387871	3	0	0.420902795424837	1	1
ZNF529	0.03562928038501847	0.7291559654172451	7	0	0.4202786665855948	1	1
SERPINH1	9.355702067594744e-5	4.412829217252176e-6	3	2	0.41999795895698233	1	1
FAM214A	3.872382496962473e-4	0.007119455083739572	8	1	-0.4199695639927525	1	1
PEX10	0.017202915621915997	0.3088378498607823	6	0	-0.41983168985450015	1	1
RNFT1	1.1174805102728784e-4	6.092118689362508e-5	6	2	0.4197532920955353	1	1
OMA1	0.024894142439717947	1	7	0	-0.4187353075628801	1	1
VIRMA	0.0019989599010961623	0.19776682983507043	9	0	-0.41738008167659607	1	1
IRF9_REC8	0.002591630868933565	0.006248248386157943	7	2	-0.4171692460395328	1	1
OTULIN	0.011881688530589631	0.009881807986460269	4	1	0.4166607338282897	1	1
PCDH7	0.0016999792524099125	8.853287839710948e-5	3	2	0.41541323081205805	1	1
DIABLO	0.020603388115988747	0.0018193393963273044	5	1	0.41538156031887336	1	1
HSF2	8.845146418423979e-4	8.994878019742006e-4	6	1	0.4142544992851436	1	1
UBP1	0.002111779212553486	0.003036121625942107	4	1	-0.41157948375218545	1	1
FBLN2	0.04629537196585124	1	4	0	-0.410521493036768	1	1
DCAF7	0.007787455742294817	0	2	2	0.4091555724329793	1	1
SLIT2	0.0015488012278446189	0.07233156437864335	7	0	0.40796770261683424	1	1
MADD	0.00282637028916402	1	12	0	0.407373784160866	1	1
ZFP36L1	0.0037591608854820246	0.007504180373099208	4	2	0.40662716789984366	1	1
RAMAC	8.169059423186361e-4	0.2717763047232798	5	0	0.4063883243859932	1	1
ABHD14B	0.02369185635858755	0.13320236637109403	5	0	-0.40566533917253844	1	1
SMG5	0.04606068641719282	0.8732111290177652	4	0	-0.40540530599939006	1	1
BIN1	8.640706225193506e-6	0.40134391279729287	8	0	-0.40487325237971306	1	1
ALKBH1	0.03033196573011447	0.3842358125118101	5	0	-0.4037521099378708	1	1
THBS2	0.036991814757204075	0.6056985142148237	8	0	-0.4032600877216832	1	1
BCKDHB	0.022011605362280497	1	10	0	0.40131151094772766	1	1
DDHD2	0.009294117349875095	0.5847977341677892	7	0	-0.401066985205349	1	1
FANCL	0.03610846464332079	0.6456375515700029	6	0	0.40081973381393593	1	1
RBBP6	7.961728612719264e-5	9.90371452625137e-6	3	2	0.4005202802713901	1	1
ARHGEF2	0.012493385279500117	0.008916148577172144	5	1	-0.39876861276388864	1	1
LAMA4	0.03762750463717678	0.012716572266401426	8	1	-0.39868832845127933	1	1
ACBD4	0.016170168608601255	1	14	0	-0.3983664727592383	1	1
SELENON	0.01573088484118304	0	2	2	-0.39781383370453394	1	1
NUP107	5.142853091851801e-6	1.7443429825758443e-4	5	1	-0.3959181094272096	1	1
CLU	0.04090278914421053	0.37663730618965585	8	0	0.39570821764921005	1	1
DHX15	1.4162990650465832e-6	3.06358625239513e-6	5	2	-0.3935723193013886	1	1
STARD13	0.03998388715655357	0.007776041585133588	5	1	-0.39293649229226274	1	1
ZNF410	0.023280387371731003	0.7960526650844787	9	0	0.39192620222012026	1	1
SLC12A4	0.03696951093826596	1	12	0	-0.3900168842056441	1	1
SYNE3	0.03552303949697792	0.013721367566531221	6	1	-0.38836341768312815	1	1
SLC41A3	0.002544715954085747	0.5663368310871306	8	0	-0.38657356012896604	1	1
PHKG2	0.03727161435919857	1	12	0	-0.3860821619525532	1	0.75
LOC113256454	0.04527238991008211	1	6	0	0.3858386985471143	1	1
PRKAB2	0.0021605945618943063	0.13056028970552835	10	0	0.3836514221544896	1	1
FAM49B	5.7864353301532805e-5	0.0878666363032555	3	0	-0.381326266848655	1	1
USP37	0.042214822769309004	0.013179894600863678	5	1	-0.3782270398092478	1	1
USP4	0.003659925866706969	0.6280281427240106	9	0	-0.37776512783730665	1	1
LOC113248518	4.452954016747036e-6	0.003223116460732224	17	1	0.3776053530016722	1	1
LOC113244699	0.022386000633905376	0.9916929988064873	6	0	-0.3768398451482946	1	0.75
SMAD5	0.0032164427597994663	6.859770547006058e-5	4	1	0.37681753826584097	1	1
ZNF512	9.59802421935217e-6	1	10	0	0.37655706259915583	1	1
VEZT	1.3854569723257387e-10	7.371696278675203e-4	11	1	-0.3764471076465708	1	1
BFAR	6.351035592270936e-4	0.14093404950096639	7	0	0.375364506502025	1	1
RBM25	1.546649014663769e-5	0.003398542018819674	8	1	0.37513186275507354	1	1
SYNPO	0.0378333299830655	0.0038315203066353427	4	1	0.37467270829583743	1	1
PATL1	0.030356304638891093	0.08057806811336145	8	0	0.37452983535952494	1	1
PEX5	0.008416814690945155	1	11	0	0.3725993718830928	1	1
PAN3	0.02485205263298184	0.001411488029376585	5	1	0.3725351886561371	1	1
PIAS2	0.04197185533874001	0.04429167443312672	4	1	0.3719416311014776	1	1
MROH1	0.042214822769309004	0.9213640808727613	7	0	-0.3702868660173876	1	1
CUNH6orf62	1.1661272040316298e-5	0.007419700148759859	5	1	-0.37021900786876	1	1
ZNF620	0.029943960795219538	0.06877781898477352	7	0	-0.3695618679460752	1	1
PHRF1	0.02981450826675695	0.23117776901329729	5	0	-0.368889887673948	1	1
GPR180	0.011921809129213352	0.29710003347969965	8	0	-0.36727350462854075	1	1
EIF4A2	0.0017753682836189463	2.9090245868765275e-4	5	1	-0.36719448479184197	1	1
FAM118B	0.012524626581660907	1	10	0	0.36652065595314137	1	1
SMCHD1	0.0038045313788126673	5.451666247988247e-4	4	1	-0.3659852885895023	1	1
TNS1	1.0639168238551048e-6	5.738274402884403e-4	8	2	-0.365942988836641	1	1
DGKQ	0.01310463974932928	0.3093792809749283	6	0	0.36556255398711945	1	1
TANK	1.2711316296159626e-8	0.002081733350138592	11	2	0.36508664579539685	1	1
GTF2I	0.0050031320860902985	1	9	0	0.3649511950691797	1	1
FMO2	0.004574862287930883	0.380793765909856	6	0	0.3637140772610345	1	1
SEC63	2.923049710401134e-5	0.0025949781681027504	6	2	-0.3634911172181447	1	1
RAB43	0.03630934342115421	1	4	0	0.36254282442198954	1	1
GRAMD2B	0.026055445886586485	0.5316138353770896	3	0	-0.36245567962312136	1	1
LRRFIP1	4.213124263930011e-5	6.161548230720173e-4	6	2	0.36241202271894085	1	1
SRP9	0.014824628300897523	0.5156959403271162	4	0	-0.3623564279068934	1	1
PRXL2A	0.0039004498225288626	0.47278356051095444	7	0	0.3621667147685971	1	1
ADGRD1	0.0016999792524099125	0.0012282897158509432	6	1	-0.3610485817534428	1	1
ACACA	0.0014489919411929241	0.8550245123250386	13	0	-0.360823408245748	1	1
ZNF605	2.6278034048703904e-5	0.02662475145744125	9	1	0.3604925075620313	1	1
CEP128	0.04197166461291098	1	3	0	-0.3599055744535961	1	1
SNX4	3.9574147295600803e-4	0.25258176669786436	5	0	-0.3597448980090261	1	1
RNF20	0.018095097979332894	0.002592238334505335	3	2	-0.35878981218943956	1	1
SLC35F5	0.002510386328147084	0.0896427285701557	5	0	0.35645883145982993	1	1
SNX19	0.03180192266579187	0.0011702871881535668	6	1	-0.35611658138262714	1	1
SMC5	0.00980346972020794	1	7	0	-0.3550018692458859	1	1
RIOK3	0.012335965594072695	0.006625215889405063	7	1	-0.35455529204694103	1	1
AP3M1	0.04792644352390069	0.3188038322331052	7	0	-0.3536608918954173	1	1
PJA1	0.04234931190855987	0.09377015802345531	3	0	0.35259047508094543	1	1
PICALM	6.605305224028121e-25	2.3754428563771908e-12	8	1	-0.35137902556688505	1	1
LOC113247389	0.02217693882034041	0.06740131495172455	7	0	0.3504032731980231	1	1
ASH1L	2.1746579554755788e-5	0.005668356767182007	5	2	-0.3501157830786357	1	1
DNAJC10	3.5979218456072043e-8	0.021102383222352746	8	1	-0.3474660462553527	1	1
CCSER2	0.0073553083224047735	1	9	0	-0.3463469667866466	1	1
CD99	9.355702067594744e-5	1.9979507061904993e-6	3	2	0.3457895598308166	1	1
LOC113250365	0.010653043018246012	1	12	0	0.3453349874242805	1	1
DNAJC3	0.02005514087571367	0.013493506950474759	5	1	-0.3429927966791772	1	1
STAT1	2.5408454473652408e-5	0.05737530341895116	6	0	0.34252539461107195	1	1
MAML2	0.019903662367573457	0	2	2	0.34147722765387234	1	1
SASH1	9.454530333023339e-6	0.014276559759730478	8	2	-0.34144545991318404	1	1
NSMAF	0.0012167833425048133	0.02771762603644048	9	2	0.34139291395925236	1	1
KLHL12	3.705358537217096e-4	1	8	0	-0.34033186920075076	1	1
MECR	0.006493340866528714	0.10083036106160428	4	0	-0.34022404305477394	1	1
WDR75	0.036991814757204075	0.001665941928037938	7	1	0.33992015083139426	1	1
SPAG1	0.001442184976132759	0.09835974633845482	5	0	-0.33909547284608954	1	1
ADAM10	0.013798482159862112	0.07605617081904055	7	0	0.3386719849798847	1	1
KDM3B	0.019708039526472647	0.010458820998237308	3	2	-0.33790269631907943	1	1
DCUN1D2	0.042214822769309004	1	17	0	-0.33292120462350955	1	1
ANK3	0.002744196413976542	1	8	0	-0.33217587062290566	1	1
FGFR1	6.351035592270936e-4	3.028344655891893e-5	6	1	-0.33208712526142253	1	1
KANSL3	0.03367411797528603	1	9	0	-0.33120306878358874	1	1
BCR	0.01699263874793194	0.4789297929606677	4	0	0.330061782586497	1	1
HEATR5A	0.002147486681273879	1	11	0	0.3297579955697914	1	1
PTPA	0.005061949504914814	0.006906456410400002	5	1	-0.32950445769397685	1	1
STAMBPL1	0.008225665213014115	1	5	0	-0.3270863543880096	1	1
STOX2	0.037885964963345745	1	4	0	-0.3269279649641812	1	1
ZNF250	4.563176139163613e-6	0.9415347770290218	10	0	-0.3263677530584025	1	1
LOC113244953	0.004526283230470177	0.9389465557989125	3	0	-0.3256273195329635	1	1
EPB41	6.401815165324467e-19	1.1573987182130864e-10	7	3	-0.32440957841863166	1	1
SMG7	0.023835987156227888	0.45486942171669353	10	0	0.3236714626746618	1	1
SLC30A4	0.01474153433619146	1	3	0	0.32363423883000153	1	1
STK38	0.024095168847602575	0.04228678345895621	9	1	-0.3234781764198851	1	1
CUNH11orf58	0.00401007551367534	0.011393721496135472	3	2	-0.32332744604430524	1	1
TEX261	0.007271711616275743	9.057127406804038e-4	4	1	0.323147765524043	1	1
CD44	0.003687656396357795	0.003095602830316213	4	1	0.3230723332056611	1	1
ZC3H15	0.04792644352390069	0	2	2	-0.32212776989891667	1	1
EFCAB14	0.015170445614752807	0.21903172058539153	8	0	-0.3214309563607374	1	1
SLTM	0.007534972252340106	0.025170408723607086	5	1	0.32005229515824885	1	1
SGMS1	0.029621731399740836	0.14820561512561606	7	0	0.3191233185927319	1	1
NCALD	0.042421982941236676	1	9	0	0.318995156798901	1	0.75
CYLD	1.1164564544528716e-9	9.532781180858535e-6	9	2	-0.318787915084786	1	1
ZNF358	0.042421982941236676	0.0602464086919374	3	0	-0.3181734790838673	1	1
EXOC3L1	0.03345461048971149	1	14	0	-0.3168083952381809	1	0.75
WDR7	0.04197185533874001	0	2	2	-0.31642331020042636	1	1
MYO18A	0.0028280190984993027	0.025334415423753722	6	1	-0.31637630301823805	1	1
TACC1	2.191965774336968e-6	3.999262922890176e-4	10	1	-0.3160164115231921	1	1
METTL3	0.040068622225727636	1	12	0	0.3156480795003107	1	1
FIP1L1	0.0028379855205831117	1	9	0	0.31560297889552164	1	1
CTNNB1	0.01062263872898234	0.10441099909374367	6	0	0.31540837585888926	1	1
IL16	0.03484829412130124	0.12848337202204296	6	0	0.3140288498109802	1	1
ADA	6.351035592270936e-4	1	12	0	0.3127973857484814	1	1
ZNF644	0.024894142439717947	0.020323841309847983	5	1	0.31260390380137487	1	1
R3HCC1L	0.028670641196127496	1	9	0	0.3125599471986463	1	1
TADA3	0.024974218324031242	1	4	0	0.3124760405510186	1	1
MGA	0.0052577427166423255	0.1344279220549214	8	0	-0.3089472259407499	1	1
RNF125	0.015484208056203052	1	12	0	-0.30869458929414095	1	1
CCNL1	1.7924989371482624e-4	0.204898527613343	17	0	0.3086458588370667	1	1
UCKL1	0.022386000633905376	1	14	0	0.30751527699205183	1	1
PURA	0.004577203784257738	0.01725295482334965	7	1	0.306051504103831	1	1
C1S	0.0016999792524099125	0.020667114936729198	4	1	-0.3060061678962021	1	1
DCTN2	0.004880955772397072	0	2	2	0.30566080434703535	1	1
MYLK	3.162227814066915e-28	7.889515026457778e-21	7	1	-0.30416123546554535	1	1
KIAA0355	0.00483010449751118	1	5	0	-0.30346303695423343	1	1
CHFR	0.02787785563263107	0.7371189145653957	6	0	0.3031491373969251	1	1
NIPBL	0.0018396699085094065	0.00757285069221177	6	1	0.3030507076145652	1	1
PCNP	0.04388523106263521	0.2578658679674562	8	0	-0.30293456545523667	1	1
LOC113252724	0.039491752446774706	1	7	0	-0.30268018660860607	1	1
LOC113248431	0.028177163320140287	0.3716937869378838	17	0	-0.302184102979752	1	1
SLC39A13	0.0037813198079213427	1	7	0	0.30115675909654527	1	1
CD47	1.4244320675883486e-27	1.1633174558835764e-11	8	3	0.3005124102316333	1	1
MAP4K3	0.0011775673723952256	0.42133700659476603	4	0	-0.2998005454863153	1	1
PLA2G7	0.04900747391221773	1	8	0	-0.29939447594875046	1	1
WSB1	0.003029611545238319	1	8	0	0.2988541408004557	1	1
IPO7	2.1492081515134048e-4	0.0034147137008661383	7	1	-0.29793830941614363	1	1
ARHGAP10	5.564820460289367e-4	0.1329604121227731	5	0	0.29760872135337213	1	1
RBBP4	0.006679554516366018	0	2	2	-0.2971888246030644	1	1
RNF6	0.022011605362280497	0.4626958135331444	9	0	-0.29635250490548465	1	1
CSTF1	0.02380548938941485	1	6	0	-0.2955296700314937	1	1
FKBP1A	0.026160347680442803	0.06992395899070629	4	0	0.29508199462042567	1	1
MLLT10	0.025359656766569122	1	11	0	0.2940543710821979	1	1
SPART	9.214476057972968e-4	1	8	0	0.29394453293152134	1	1
LOC113248505	0.0012777772269483357	0.1841818077258178	10	0	-0.29379128034195656	1	1
MARCH7	0.005925847691238207	0.006103059264556865	6	1	0.29225656467400263	1	1
NUP50	0.0035380059110948475	0.09678802370743272	3	0	-0.29148663616674436	1	1
ARL5A	0.014392801757520158	0	2	2	-0.2899716930588944	1	1
CFAP97	0.005643739576866182	0.10362475468233234	5	0	-0.2869297638144861	1	1
AFDN	2.5896899530793634e-6	0.14848838195226885	8	0	-0.28680993146121747	1	1
VPS35	9.729324692013843e-4	0.002665128765630333	6	1	0.28650678555373676	1	1
NUMA1	4.0506288077600066e-5	0.006442024698850704	10	1	-0.28574001152144385	1	1
RERE	0.0054688874019911205	1	7	0	0.28548716751793335	1	1
RSRC2	1.2325392235635626e-4	1	9	0	-0.2853146744661788	1	1
APBB1IP	0.02810948132933214	0.6396334387854813	3	0	0.2852009655646141	1	1
API5	3.719691528737865e-4	4.6224756518322774e-4	5	1	-0.28502689876317533	1	1
NAPEPLD	0.029918464717586846	1	8	0	0.2841008261200416	1	1
TSR1	0.003931105956916002	0.1616338927045173	7	0	-0.2821877044603793	1	1
BROX	1.275966730466854e-6	0.01522872108442172	12	1	-0.28166615395307354	1	1
GRK4	0.002744196413976542	0.02378999906687309	9	1	-0.2815435882418743	1	1
EIF5	0.0378333299830655	0.9393172249203928	9	0	-0.28043006481046423	1	1
SAT1	0.014392801757520158	1	6	0	0.2797681170078214	1	1
ZEB1	0.004055198315669122	0.017872188155565856	4	1	0.27963555514121496	1	1
IL6ST	0.0012167833425048133	5.197648731021689e-5	3	2	0.27954493560342986	1	1
ACBD5	0.04629537196585124	1	12	0	0.2783579459941792	1	1
LTBP1	0.01133236134126894	0.022890282749790762	9	1	0.2775791816537805	1	1
FAM135A	0.007748248796575544	0.3988748906443611	7	0	0.2774304272502644	1	1
PRKAG2	4.840344496317434e-4	1	5	0	0.27661224562503234	1	1
TMCO3	0.0010685003397834904	0.008332800525093545	13	1	0.27604921476368344	1	1
MTIF2	0.026670773689215124	0.2789783483472103	6	0	-0.2745834919924398	1	1
CALCOCO2	0.004099638612200473	0.004030807445421007	3	1	-0.27365032310363846	1	1
ASPH	0.006190004390309116	0.15269984095473305	6	0	0.2735145673763838	1	1
CTTN	0.0378333299830655	0.004995584077390245	5	1	0.27341261384367616	1	1
SRSF2	0.037406064487430835	0.005381404605316541	4	1	0.2730684934514844	1	1
LOC113249104	2.3894000771332236e-9	1.6106749897230185e-4	10	1	0.2724797370045622	1	1
FAM13B	0.021481184655008055	1	7	0	0.27237479117926267	1	1
FNBP1	0.021361346991118618	0.6732920240376841	7	0	0.27087521327030195	1	1
DOCK9	0.004780207115650259	1	8	0	0.2701677976835427	1	1
RNF111	0.04825949723601706	0.08387716213538118	8	0	-0.26996130389310563	1	1
ZHX1	1.5485746686001164e-4	4.448179897226563e-4	5	1	-0.2697954613101414	1	1
DARS	7.541793242836239e-9	4.380093287532759e-9	5	1	0.26951837621149094	1	1
FAM45A	0.00287356657581177	1	8	0	-0.26943413433846763	1	1
ZNF207	7.762190661335146e-9	4.2541251850467203e-8	6	1	0.2688673425638408	1	1
CLIP1	1.0095825481845486e-6	0.0035383394447429245	10	1	0.26829424094969967	1	1
CALD1	4.0060977893138393e-20	6.485592160074898e-11	9	2	0.2659993574380885	1	1
PER1	1.9172056733135085e-5	1	9	0	0.264928308672671	1	1
CHD6	0.027265219677379014	0.15435291880740665	5	0	0.26478448472812377	1	1
SLC19A1	0.007251781211688314	1	11	0	0.26446956492528434	1	1
SART3	0.03086539447496569	0.23011887077754462	5	0	0.2640769867810203	1	1
USP11	0.0011080520763972516	1	14	0	-0.2640599241158049	1	1
PAK1	1.1051360700996037e-4	1	5	0	-0.2638940143942912	1	1
FBXL3	0.03764213757116641	0.0073671944249221535	4	1	-0.26341290922074967	1	1
SGSH	0.0016548681324312046	1	4	0	-0.2631837620459415	1	1
CWF19L2	0.004793125483942361	0.226401879354336	5	0	-0.2628580225611226	1	1
IL4R	0.003084973076895015	0.0017548786929503122	8	1	0.2623909113868306	1	1
GHITM	0.03282277076650209	0.006384447999041738	3	1	0.26199068527417335	1	1
TPM1	0.0016999792524099125	0.03851298195214073	5	1	-0.26178573727967824	1	1
AAK1	0.014457744610140754	1	12	0	0.25990186582124	1	1
MEIS2	0.042214822769309004	1	4	0	-0.258563709643691	1	1
TIMD4	2.7585635400665076e-4	3.8039777792450344e-4	5	1	0.2585313403586703	1	1
CAMKK2	2.0340341000950983e-4	0.046499584920085726	11	1	-0.2572814194065103	1	1
VGLL3	0.02780542417505056	0.05548648071507535	6	0	0.25631251223299306	1	1
NISCH	0.01040724310439715	0.09340529369069325	5	0	0.25574428986086906	1	1
CRTC3	0.030692660729876642	1	3	0	0.2555227517535587	1	1
SLC44A1	0.049141701886615416	0.010526768801071739	3	1	0.25542366029164626	1	1
FAM156A	0.013964059185307158	1	18	0	0.2553365913242849	1	1
HNRNPH1	0.004341028967733397	6.293649303879353e-4	6	1	0.2552080307546494	1	1
EIF3L	0.005352484107366349	4.330268112295121e-4	5	1	0.25383644574070663	1	1
SIRT3	0.0018057166859780924	1	10	0	-0.2537878012884277	1	1
AP2A2	8.643615639164429e-6	1	6	0	0.2536588729062007	1	1
PSMF1	0.005825224470535991	0	2	2	0.2536401912481834	1	1
GIT2	0.042214822769309004	1	14	0	0.25345159284391966	1	1
LOC113254434	1.3606214894731043e-4	0.013734719460383892	13	1	0.2528850232301492	1	1
RRP1B	0.007251781211688314	0.05481519644857299	3	0	-0.25285317802318896	1	1
EPC2	0.014347226204213777	0.01465770021363913	3	1	-0.25260781395219556	1	1
ARFIP1	6.643870859001792e-5	0.10770320254932991	11	0	-0.25210037054463297	1	1
PSMD4	0.03631402199791852	0.01744241771512931	4	1	0.2516577422251468	1	1
DDX56	0.0444185816356274	0.5262275900864881	11	0	-0.251583686718389	1	1
USP9X	0.049558925809494656	0.16967888739936737	8	0	0.25102950014007375	1	1
RIPOR1	0.03898474799723606	0.8334716937425695	7	0	-0.25093927841826913	1	1
PPFIBP1	0.006724241934487297	0.027241470361551886	8	1	0.2504305792969902	1	1
ZDHHC20	0.013073240108125675	0.011849613094019577	6	1	0.24867345618129924	1	1
MEAF6	0.011152736986342487	0.24966537698428595	5	0	-0.24757608560690203	1	1
EXOC6B	0.004055198315669122	0.26017969657010126	8	0	0.24574270258426273	1	1
FAM208B	0.036991814757204075	1	7	0	0.24512083566000759	1	1
MYL6	0.04792644352390069	0	2	2	-0.2450048567213896	1	1
UACA	3.1248808926812175e-5	0.0384902487484853	9	2	-0.2425857676039692	1	1
PDLIM3	2.3235883449116264e-4	0.19361564188426286	3	0	-0.2421170312117306	1	1
CUNH5orf22	0.04792644352390069	1	11	0	0.2417487253514618	1	1
PCIF1	0.008476452098106156	4.296127363264274e-4	8	1	0.2416141082201342	1	1
RHOBTB1	2.8554840103619893e-4	1	13	0	-0.24123268848522078	1	1
EEF2K	0.020272805735183922	0.047506405842216215	7	1	0.2404748260656459	1	1
MEF2C	0.009457778430132052	0.14565688323258177	13	0	0.23920026483224044	1	1
SCHIP1	0.018810978211053778	1	6	0	0.2386191773777479	1	1
AXL	8.169059423186361e-4	0.014619234380349873	4	1	-0.23859824398365387	1	1
DHX40	0.025732597478076588	0	2	2	0.23704515885977184	1	1
ARHGEF7	0.01310463974932928	1	14	0	0.2366708722126324	1	1
MANBA	0.022386000633905376	0.0947497683437831	6	0	0.23654233445401399	1	1
RBBP5	0.023656924793218053	1	13	0	0.23572360215066118	1	1
ABI1	6.13043768748807e-16	6.157424111535024e-5	8	2	-0.2353036668425796	1	1
TLN2	0.021807994203453276	1	9	0	-0.2352357200167809	1	1
TBC1D14	0.012531005832192181	1	10	0	0.23482004170962256	1	1
VCAM1	0.0035073404909614415	1.5408145228336265e-4	3	2	-0.2346863688793579	1	1
MYO5A	0.009151874481817717	0.020637352526168926	5	1	-0.23231899465409184	1	1
SCFD1	0.04068058305645429	1	11	0	0.23201252588105287	1	1
MFSD1	0.0054688874019911205	0.06661864828176836	6	0	0.23164983487896657	1	1
NOSTRIN	0.012805295266423511	0.2291675369782818	13	0	-0.2315805361698024	1	1
PXN	0.0385468789185533	0.0681564717170811	9	0	-0.23154942231408243	1	1
LPIN2	0.04372770267764768	1	5	0	0.23110391243607753	1	1
FBXO9	0.02757823719737193	0.7847990164669769	6	0	-0.2292884990796234	1	1
ARHGEF25	0.03630934342115421	0.013656323781050245	4	1	-0.2286515869072151	1	1
SPG11	0.01133236134126894	1	10	0	0.22855488851946892	1	1
SEPT10	0.002111779212553486	0.009542260482906989	6	1	0.22854516303401484	1	1
TTN	7.903375820089196e-5	1	24	0	-0.22700803006272616	1	0.75
FAM219B	0.03917088216766032	0.5330975557951191	12	0	0.22637710552007917	1	1
FAXDC2	0.00734078426034663	1	15	0	0.22571867333838866	1	1
ARGLU1	0.013350830885931081	0.024185254898377664	7	1	-0.2252670892342773	1	1
COPS4	0.022434151445704785	1	7	0	-0.22437386523995417	1	1
TGFBR3	0.026646115086879328	0.004775773728117239	3	1	0.22310404208867993	1	1
PPP6R3	1.4912532591423627e-7	0.06592412122907002	15	0	0.2197645508980054	1	1
QKI	0.002485877667327779	0.014127134798958508	4	1	-0.21822079297047126	1	1
RMDN2	0.030960881314403707	0.1293907840726174	6	0	-0.21767268759054137	1	1
CDKN2AIP	0.010539257819149023	0.04629760837513818	5	1	0.21671627820430528	1	1
ARIH2	4.718079713190707e-6	1	8	0	0.216509667156887	1	1
DYSF	0.01784975834768825	1	15	0	0.21585084747673347	1	1
HSP90B1	8.083808201485688e-4	8.758284925608665e-4	4	1	0.21534200975317994	1	1
RAD21	1.5160542797875526e-5	2.3622732551997955e-7	8	1	0.21389828580367995	1	1
CNTRL	2.384310797741124e-9	7.470494847510218e-5	8	1	0.21366748504822677	1	1
COPB2	0.04677898456655549	0.04350129931920782	5	1	-0.21306870871801586	1	1
SLC11A2	1.418983409126425e-5	0.17113538389064262	14	0	-0.21075583187699218	1	1
DLG1	0.03630934342115421	1	5	0	0.21074708821604723	1	1
GTF2H1	5.701964102727533e-9	0.5585529003992165	11	0	0.21068742388012443	1	1
MEF2A	0.004763551889805715	0.012758609223042871	8	1	0.21018643778975782	1	1
ITSN2	0.012095095097540526	1	7	0	-0.20980495276646322	1	1
IRAK4	3.5551913279727274e-4	1	13	0	-0.2093738712423875	1	1
GAPVD1	0.012583388452493668	1	6	0	0.20930721949722042	1	1
IL34	0.008240410851802065	1	7	0	0.2086443377334911	1	1
IMPDH1	0.021698378538247055	1	8	0	-0.20828893689918382	1	1
HNRNPM	0.0037591608854820246	0.009285003898015476	6	1	0.20793191169492548	1	1
MARK3	9.563301599244017e-5	0.007785533553968781	7	1	-0.20740078550119062	1	1
GPAM	0.036991814757204075	0.883542857420522	12	0	0.20679480834073424	1	1
DRAM2	0.045290771948344764	1	11	0	-0.20645531416623053	1	1
RASA4B	0.0042741518567459245	1	14	0	0.20554564525273955	1	1
PRRX1	0.025732597478076588	0.021034955956210754	4	1	0.20526202361319665	1	1
SEPT4	0.021361346991118618	0.6206301238551507	6	0	-0.20521749986070792	1	1
HSPA4	0.0187039674520167	0.023305781472659905	4	1	-0.20498296519631498	1	1
SLC25A44	0.012805295266423511	1	4	0	0.20425575098909554	1	1
TRAF3IP1	0.03939736561398054	1	7	0	-0.20377352334489796	1	1
MAP4K4	0.029751946321177825	0.20745293811734045	9	0	-0.20289426985100042	1	1
RBPJ	0.006763148738099436	1	7	0	-0.20243851547580455	1	1
CFH	0.004055198315669122	0.005762225007350945	6	2	0.20226033254334677	1	1
PPP4R3A	3.5551913279727274e-4	1	7	0	-0.20187736578756166	1	1
SLC20A2	0.0018923310981098262	0.01773897694426273	5	1	0.20002917771590736	1	1
TAX1BP1	0.005202898063909462	0.045171071299619905	8	1	-0.19951046212476276	1	1
RBM6	0.0012889860606569987	0.10484477708377467	12	0	-0.19909273605269429	1	1
AMPD2	0.022804687444892252	0.5741708186729771	11	0	-0.19873424409585985	1	1
ARHGAP19	0.03086539447496569	1	3	0	0.19725290343752316	1	1
HCFC2	0.016503538962352102	1	5	0	0.1970192939217349	1	1
TRA2A	1.1174805102728784e-4	0.005782415711400365	9	1	0.19619547280913252	1	1
FLNA	0.024974218324031242	0.007850723303806715	3	1	-0.19617089691114042	1	1
CUNH17orf49	0.0485413550626802	0.29753389495747784	4	0	0.19605503847991756	1	1
RBM26	4.007981223851033e-5	1	8	0	0.19596255823013753	1	1
MIA3	2.5408454473652408e-5	1	11	0	-0.1952829405740722	1	1
HDGF	0.00617785833502115	0.6632588922282753	4	0	0.19425001129808273	1	1
DNM1L	0.032124197904521465	1	10	0	0.1938150436700566	1	1
STX17	0.028465942623375932	1	10	0	-0.19360260399423349	1	1
MRPL15	0.030741252488519718	1	9	0	0.19342391010114846	1	1
RAB14	2.701854504302338e-4	1.7355782390768117e-4	6	1	-0.1926537321161957	1	1
DST	0.0054688874019911205	1	18	0	-0.192536241960795	1	1
SMC1A	0.019452111565725776	1	8	0	-0.19189030855140543	1	1
SVIL	0.02675260330934068	1	8	0	-0.1914943436675789	1	1
LDLRAD4	0.04792644352390069	1	5	0	0.19148866487009786	1	1
WDR13	0.0054688874019911205	1	12	0	-0.19095279882309726	1	1
WDPCP	0.0378333299830655	0.3272508377781818	8	0	-0.1905189140258232	1	1
ZNF638	0.003317501735378217	0.5393739044933521	13	0	-0.18955629193578305	1	1
ZNF462	0.02153939626772297	1	7	0	-0.18824362828445845	1	1
NSD3	4.581866389010391e-4	1.0556534503803807e-5	4	1	-0.18822065434488794	1	1
CUNH12orf65	0.035128774208089186	1	9	0	0.18606826668245954	1	1
FLII	0.02675260330934068	0.02153032320796954	5	1	0.18606576067309197	1	1
RAPGEF3	0.008225665213014115	1	12	0	0.18594225641892131	1	1
OTUD4	0.04330762766719926	0.0070215843621429675	4	1	-0.18253421437323766	1	1
LOC113243115	0.030116783749473398	1	10	0	-0.17939024172911608	1	1
PPP4R3B	0.01784975834768825	1	5	0	0.1791227518689552	1	1
ATG4B	0.0407075173666967	1	5	0	0.17902000741774593	1	1
TBC1D12	0.03120782033172807	0.0025390725754409448	5	1	-0.17745099961743788	1	1
LOC113258946	0.02170295269251878	0.8949072257930236	7	0	-0.17608083728717006	1	1
LOC113265233	0.013131916764021838	1	14	0	-0.17382422212879525	1	1
CREM	0.022536803954665643	1	13	0	-0.17325209738767908	1	1
AGAP1	0.026757721886066805	1	7	0	-0.17230585084394406	1	1
CNOT2	0.013212956183126429	1	15	0	0.1709633744293927	1	1
SAR1A	0.0032765069284271045	1	3	0	-0.17077897277942378	1	1
RPS6KA3	2.5744023012027847e-4	0.004980465301633566	7	1	0.16925442454570458	1	1
ACCS	0.007339761073837776	1	9	0	0.16893880010814571	1	1
CTSH	0.00401007551367534	0.9206824768197516	7	0	0.16888017148280754	1	1
ZNF7	0.04665226479013047	1	12	0	-0.16815839474282224	1	1
CLPTM1L	0.018995304374008634	1	6	0	-0.16668273430928532	1	1
NCOA4	0.015476542569033995	1	7	0	-0.16506900318467382	1	1
LOC113248381	0.003461957978651157	1	8	0	0.1629230233369499	1	1
YTHDC1	1.0240740661847551e-5	1	8	0	0.16282169885265374	1	1
NR3C1	0.0024012216255028833	0.49089113390755285	10	0	-0.16178273312329594	1	1
QPRT	0.027662353582141825	1	3	0	-0.16169239804791036	1	1
UGP2	0.03998388715655357	1	9	0	-0.16014348332995787	1	1
PSMA3	0.042214822769309004	0	2	2	-0.15968436419423881	1	1
RBM22	2.576529752390038e-4	1	6	0	0.15864443136104195	1	1
HSDL2	0.01784975834768825	1	8	0	-0.15842126493553776	1	1
CD163	0.006398317812221958	1	6	0	-0.1579036311421689	1	1
PCSK7	0.025779051305752653	1	8	0	0.15696481863202572	1	1
MARF1	0.009836550650940707	1	12	0	-0.15683390561662947	1	1
CTSV	0.020142903435507092	1	3	0	-0.15622630169143348	1	1
AP2B1	0.03345461048971149	1	5	0	-0.15498214776184857	1	1
ICAM2	0.039965461057873714	1	7	0	0.15495277482417918	1	1
AKAP13	0.007188860849715222	1	12	0	-0.15397262352867674	1	1
ELOVL5	0.024974218324031242	1	8	0	-0.1534968642560786	1	1
MGST1	0.012805295266423511	1	4	0	-0.15193516032954077	1	1
PPIP5K2	0.004341028967733397	0.7128042509408262	14	0	-0.1518085122717278	1	1
LOC113262256	0.021553914981768254	1	12	0	0.1516427542631098	1	1
LOC113267549	0.007463532658799382	1	4	0	-0.15150786831385665	1	1
RABGGTB	0.004780207115650259	1	5	0	0.1513827627405095	1	1
WDFY3	0.018323754888088357	8.757625324393789e-4	5	1	-0.14974257918490774	1	1
ELF1	8.035372616536597e-4	1	7	0	0.14893163782420596	1	1
LTBP4	0.005887239433946628	1	5	0	-0.14772704329846575	1	1
ZEB2	0.0378333299830655	1	9	0	-0.14764070818072766	1	1
THOC1	0.0067947859955762415	1	11	0	0.1470469021218311	1	1
TPT1	2.7762445107134286e-5	1	4	0	0.14676081039564226	1	1
ABCA1	0.024675183990058063	1	3	0	0.1456669379601485	1	1
MTCH2	0.012055105915652488	1	4	0	0.14518897644229803	1	1
DOCK1	0.044747165842884955	1	9	0	0.14466241371596175	1	1
PABPC1	0.0038576720154732845	1	5	0	0.143713046433237	1	1
RDX	0.024894142439717947	1	4	0	0.14032125031034887	1	1
HNRNPDL	1.5485746686001164e-4	1	6	0	0.13961177911343287	1	1
SNX14	4.255588301090598e-5	1	14	0	0.13960813799628982	1	1
NDUFS2	0.024156182815335443	1	7	0	-0.1378733865168918	1	1
APLP2	0.02080719641667361	1	5	0	0.13721138175595807	1	1
MAP4	0.0021180351519868874	1	13	0	0.13707501198668245	1	1
HNRNPH3	0.04609919946593665	1	8	0	-0.1361311937214346	1	1
LAMTOR3	0.006127908614446746	1	5	0	-0.13565938339381578	1	1
CCDC91	0.04329977291407567	1	8	0	0.13425923831697928	1	1
LUC7L3	0.03354851941618742	1	8	0	0.13348250664157146	1	1
TPM4	0.04618706842590408	0	2	2	0.13211081076029152	1	1
LOC113249364	0.011360549990787155	1	7	0	-0.1319751625045539	1	1
FUBP1	1.1174805102728784e-4	1	11	0	-0.13141365136364386	1	1
CDC42SE2	0.041029482958564505	1	13	0	-0.13076194534069752	1	1
DDX5	0.022011605362280497	1	8	0	-0.12992990440576702	1	1
DDX6	0.04792644352390069	1	5	0	-0.12929483290924343	1	1
MACF1	5.116548773586503e-4	1	7	0	0.12882784038672762	1	1
HEXA	0.04629537196585124	1	7	0	-0.12802402839859173	1	1
CHD2	0.03630934342115421	1	9	0	0.12735852310402274	1	1
RCN1	0.005061949504914814	1	4	0	0.12731941734585042	1	1
LOC113267890	0.001906642198839911	1	10	0	0.1251856063975534	1	1
CREBZF	0.013598441437387223	1	7	0	0.12446020823127481	1	1
EIF4G1	0.048870802839749095	1	14	0	0.12428360512445821	1	1
PAM	0.019903662367573457	1	11	0	0.12269969457927812	1	1
THRAP3	0.0012889860606569987	1	7	0	0.12250263610210158	1	1
SPTBN1	0.0018923310981098262	1	6	0	-0.11955469023841629	1	1
DAB2	0.02780542417505056	1	8	0	-0.11844428844079427	1	1
MPRIP	0.012524626581660907	1	5	0	0.11827978464753737	1	1
PPP2R2D	0.03990441877342714	1	5	0	0.11812434762720125	1	1
FBXL5	3.4606749827574524e-4	1	6	0	-0.11811454583350461	1	1
ABLIM1	0.029919460559005663	1	5	0	0.11744627736803115	1	1
SZRD1	0.039105632624286686	1	6	0	-0.11712185358225533	1	1
RPL5	4.523181685859568e-6	1	4	0	0.11694828807601482	1	1
SFT2D2	0.038953768403120016	1	7	0	0.11546633761160109	1	1
SARAF	0.012055105915652488	1	5	0	0.11435027636656732	1	1
CAST	0.0015448008824110778	1	10	0	0.1139756369834822	1	1
AK1	0.026670773689215124	1	3	0	0.11194021212556748	1	1
CALU	0.042421982941236676	1	6	0	-0.10521853499902645	1	1
CPD	0.02983781412726844	1	3	0	-0.10371743100991859	1	1
VCP	0.024974218324031242	1	5	0	-0.10134367086693363	1	1
CSNK2A1	0.014412732826218628	1	4	0	0.09310704432815708	1	1
BCLAF1	0.03322674645698765	1	11	0	0.09308610792514088	1	1
GPI	0.04635349374776539	1	4	0	-0.0901781710829902	1	1
LMNA	0.001442184976132759	1	4	0	-0.08911137761205595	1	1
KANK2	0.020410618062606637	1	5	0	0.08661832256220814	1	1
ATP13A3	0.02983781412726844	1	5	0	-0.07509392703984542	1	1
MATR3	0.021296433278039824	1	6	0	0.06986942343950608	1	1
LOC113250851	0.039965461057873714	1	7	0	0.065082632777542	1	1
