gene_ID	gene_qvalue	minimal_tx_qvalue	number_tx	number_significant_tx	max(Spleen-Atrium)	pct_gene_expr	max_pct_tx_expr
TBCCD1_CRYGS	0.00899545338159194	0	2	2	0.9798535506863834	0.3333333333333333	0.3333333333333333
CEND1	0.02366488857393276	0	2	2	0.9531579490639872	1	0.8333333333333334
UNC45B	6.98208480536452e-6	0	2	2	-0.9482980435517744	1	1
PDLIM5	1.333771949088167e-205	1	7	0	-0.9420251203593212	1	1
TECRL	0.030604186482239157	0.04523479019944974	3	1	-0.9346202290385128	0.8333333333333334	0.8333333333333334
ATP5F1C	1.4590692139431704e-113	4.1181523879880023e-45	3	2	-0.9275858897992919	1	1
EPAS1	6.0234016882670096e-15	0	2	2	0.9156178347505923	1	1
RAP1GAP2	2.8876609991602933e-7	3.8586336217111506e-7	3	1	-0.9118329280050536	1	0.8333333333333334
DOLPP1	3.991663979840967e-5	2.0703640343268954e-5	3	1	-0.8917784174343889	1	0.8333333333333334
LOC113245455	1.725075464695259e-11	1.008447285807688e-11	4	2	0.8777504188709282	1	1
KCNE3	1.6153592587529428e-10	1	4	0	-0.8766211277008924	1	0.8333333333333334
HHATL	0.008508258021506494	0.1087979521237468	4	0	-0.8739090314237344	1	0.8333333333333334
TICAM1	0.0049846630396718815	0	2	2	0.8638828476407874	1	0.8333333333333334
SPI1	4.0719689063854446e-8	1.3919063520720195e-8	3	2	-0.8614495066440481	1	1
TTC7B	1.3063914958757317e-8	4.4804505692118603e-10	3	2	-0.8597917981710078	1	0.8333333333333334
SMTN	1.6765566577098516e-35	5.859172126070667e-32	6	2	-0.8570307697947582	1	1
IL4I1	0.04242694841507879	0.24239614302320867	3	0	-0.8512847799758977	1	0.5
MFSD2B	0.010771080851711	0.006127820415277373	4	1	-0.8512178289740484	1	0.8333333333333334
CROCC	0.014696257073375693	0.01697179294324127	3	1	-0.8475972285670239	1	0.6666666666666666
CRYAB	3.3871702811294786e-5	0	2	2	-0.8396112723199008	1	1
LOC113247411	0.003973933679218284	1	3	0	-0.8369331455324074	0.8333333333333334	0.5
ADPRHL1	1.3656308021175031e-5	0.009224093065735179	4	1	-0.8351551184595873	1	0.8333333333333334
PHF24	8.918719793963419e-7	2.9775920323368496e-7	3	1	0.83223338837376315	1	1
FSIP1	0.0477972918721412	1	4	0	-0.8253888683613787	1	0.6666666666666666
FAM107B	2.1064981467141546e-6	8.360069266087714e-8	3	2	-0.8216534700272202	1	1
LOC113261541	0.015806122303513425	0.06352890600875033	4	0	0.8215151072471673	0.8333333333333334	0.6666666666666666
MB	0.011522045095633518	0.005717565023102491	4	1	-0.8192457859415543	1	1
LOC113270472	1.2674391488669034e-5	1.1093111336737357e-6	4	2	-0.8146717539504723	1	1
ANKRD39	1.3154010061516096e-23	6.0825893047305654e-18	7	2	0.81453910071176	1	1
ZNF329	0.003086510572194916	0	2	2	-0.8123373412843362	1	0.8333333333333334
PHACTR1	5.041263974483755e-23	1.8194331953158162e-17	5	3	0.811861700553504	1	1
NEBL	4.138705184152066e-35	7.138113457026468e-35	4	2	-0.8109324157800162	1	1
HSPB2	7.954090164949351e-6	0	2	2	0.8069424311703545	1	1
LOC113249819	2.3496145588513963e-8	0	2	2	0.8037619039752882	1	1
DPF2	1.1674687505218508e-6	2.5342254260003133e-5	5	2	-0.8029484199922358	1	0.8333333333333334
FLNC	7.588563641765259e-36	1.7628490383850076e-27	6	2	0.8021113583303392	1	1
LOC113248649	0.0035663014296100043	0.0027869868919742163	3	1	-0.8010683169695564	1	1
SLC35D2	0.017568724156707984	0.02057868799327509	4	1	0.7978425655881591	1	0.6666666666666666
HMGN3	7.083062408790067e-6	4.875797297101491e-7	6	1	-0.7975408744446789	1	0.8333333333333334
LOC113258460	0.00479492797321795	1	6	0	-0.7937244017510742	1	0.6666666666666666
HPSE	0.01283071729901624	0.012490381051866246	4	1	-0.7923390275354087	1	0.6666666666666666
FICD	0.028850811192176785	0.026197046947035	3	1	-0.790663295629312	1	0.6666666666666666
TPM4	2.5486340346917212e-49	2.836216830317633e-32	4	2	0.7904990154010693	1	1
TMEM200B	0.011294251794850519	0.013615438160821648	3	1	-0.7853567387053626	1	0.8333333333333334
PTK2B	5.686957588954592e-4	0.7230009582988696	5	0	-0.7852298850787635	1	0.6666666666666666
SKA1	0.008838701534138961	0.0015044536267562808	3	2	0.7832090620761636	1	0.8333333333333334
DBNDD2	2.198567596617509e-16	0	2	2	-0.7829157870691694	1	1
SMPX	0.004678883947172638	2.630879018963808e-4	3	2	-0.7687017615450248	1	1
SYNPO	0.004403114813917941	4.919498824742445e-4	4	2	0.764892708993411	1	1
PPP1R12B	7.162062584261887e-55	1.5938866477021674e-54	4	2	-0.7636996854592234	1	1
LAPTM5	0.019173016751149206	0.028426635524467767	3	1	-0.7634516910329009	1	0.6666666666666666
SNX11	0.03433142571387173	0	2	2	0.7620646890369516	1	0.8333333333333334
LOC113250820	0.0036986724025733844	0	2	2	-0.7616559956114717	1	1
ABHD14B	0.0025591574912475815	0.0010965147147986975	5	1	-0.7576402989720261	1	0.8333333333333334
UBASH3B	0.030020273596389608	0.012343822597096007	3	2	0.7540332016730068	1	0.6666666666666666
MFAP5	2.968129706148837e-5	0.02085778698360968	6	1	-0.7514395823103888	1	1
KCNA3	5.499144530045345e-4	0.0012193764830368563	3	2	-0.7506544232760896	1	1
DENND1A	0.010583331548614997	1	4	0	0.7454697636271516	1	0.6666666666666666
ATP8A1	0.02136961776340087	0.00647718139166873	3	2	-0.7447710742402208	1	0.8333333333333334
HSPBP1	0.010771080851711	0.01800259951877397	3	1	0.7365768259745588	1	0.8333333333333334
ARHGEF28	5.633228072346405e-4	0.0789410240650041	3	0	0.7331890517575284	1	0.8333333333333334
ARHGEF9	0.036871041603715224	1	5	0	-0.7315503282560644	1	0.6666666666666666
AGBL4	0.04895465285162586	0	2	2	-0.730086508350671	1	1
COBL	0.0032290016484657585	0.0023420210797109003	5	1	0.7250073633897999	1	0.8333333333333334
CD53	0.012161946085001415	0.01150498246730026	5	1	-0.7239329305302822	1	0.8333333333333334
ABI3	0.03431121778825546	0	2	2	0.7221340027061517	1	1
LOC113245842_TMEM41B	0.005857111672626883	5.567894104892775e-4	3	2	0.7209352770252947	1	1
SPNS3	0.033159772834868775	1	3	0	0.7192215106350881	0.8333333333333334	0.5
SGCD	0.023421855675459374	0.012627370452002823	4	1	-0.7174042804058398	1	0.8333333333333334
SCML1	0.001492536749703721	0.0036066257891463763	5	1	-0.715089180453648	1	1
MYLK3	4.3474454211270616e-13	1.665654325896934e-15	4	2	-0.7117460871108547	1	1
TBC1D4	3.3871702811294786e-5	0.18616315684242343	5	0	-0.71070113866635	1	1
SEC61A2	0.03392898761479051	0.01741700383620643	3	1	-0.7105379715443195	1	0.8333333333333334
GSN	5.043388130824829e-66	4.359743634500759e-45	5	3	0.7034335402904357	1	1
EXTL3_LOC113269942	1.3686345615814377e-9	9.08947623251849e-8	6	2	-0.7030494107614126	1	1
PATL1	1.176277476073913e-4	2.939574424256643e-4	8	1	-0.7022223348327439	1	1
LOC113248165	3.345911276135395e-5	1.1552700650984443e-4	4	2	-0.7014406394111575	1	1
TYROBP	0.045168670611801104	0	2	2	0.7001606390924935	0.8333333333333334	0.8333333333333334
PSAP	2.060899209169053e-62	4.696760562779336e-66	3	2	0.6998663478026413	1	1
EVL	1.2198777889723492e-5	8.435140872906452e-6	3	1	-0.6995803733609958	1	1
LSP1	1.2288926928867342e-6	4.221326069832478e-8	5	2	0.6990689905379952	1	1
FRAS1	0.001173949005501975	5.544907020046512e-5	3	1	-0.6988916416227495	1	1
LOC113249370	0.03064074943765039	1	6	0	-0.6966141802486654	1	0.6666666666666666
LOC113264440	4.448318865117754e-16	1.2838097225732725e-14	6	2	-0.6911540270867753	1	1
LOC113246347	0.02787682936482078	0.03561265778945095	4	1	0.6901372156327753	1	0.6666666666666666
NCALD	7.691797599382589e-5	0.033139983197805395	8	1	-0.6877139107565866	1	1
APOOL	0.0032290016484657585	0.0012512923106589007	5	1	0.6844490025740491	1	1
BNIP3L	5.968259110409642e-7	2.306251208260724e-4	5	1	0.6821161834011096	1	1
HIP1	6.101052724574035e-5	0.010536712465800954	4	1	-0.6770322938145442	1	1
VWA5A	2.6017369677762782e-5	0.0021879394100266522	10	1	-0.6767564160008295	1	1
SFMBT2	0.04491784887539032	0.0476228822679109	5	1	-0.6763460464478324	1	1
ARHGEF18	0.002836031993216918	0.0015691320439232762	3	2	-0.6753968692041031	1	1
STRADA	0.030921816793406637	0.21028377100997742	7	0	-0.6708262938718219	1	0.8333333333333334
KCNAB1	3.0448806221016743e-5	0.0017597863340902784	3	1	0.669435021916474	1	1
LOC113251513	0.006264687973248858	1	4	0	-0.6694068936426172	1	0.8333333333333334
LRRFIP1	4.437819694786485e-13	1.6287533113252145e-12	7	1	-0.6675422245358411	1	1
BIN2	9.171444226091361e-4	0.04540495863467346	5	1	-0.6661407118300191	1	0.6666666666666666
SGK1	0.00144456154237745	0.15879130514700227	11	0	-0.6652116580995845	1	1
PLEKHA5	0.01656104066734154	0.14461132199980042	7	0	0.6564856989496654	1	0.8333333333333334
CIPC	4.006914756636794e-8	0.004920366561032487	5	1	0.6560005146060929	1	1
PLIN5	0.04158909307158907	0.0857555131034056	5	0	0.6520775820990525	1	0.6666666666666666
PIP5K1C	0.024612526914848904	0.026075777658785826	4	1	-0.6483690358050396	1	1
TNS3	9.505667298443782e-4	0.9537515335758053	6	0	-0.6481909670069521	1	1
AATK	0.006770889791083015	0.015692582145298638	3	1	-0.6463840472213097	1	1
STON1	0.008053958848548915	0.05335225644324514	3	0	0.642223035028487	1	1
CHST12	0.029012999209997246	1	5	0	-0.6397585108780742	1	0.8333333333333334
PRKDC	0.0010200735992210534	6.0113387813846255e-5	5	1	0.6376241401552781	1	1
HRC	6.50289231739065e-51	3.647603518902648e-22	8	2	0.6369231916367207	1	1
WIPF1	1.9364172028432487e-5	0.007113624249278428	6	1	-0.6368563344890508	1	0.8333333333333334
SCLY	0.016776021192787743	0.1506482912247599	5	0	-0.6316691379237537	1	0.8333333333333334
MYO1G	0.03111529185103771	0	2	2	0.6180174752058776	1	1
RHOBTB1	2.9870463891752346e-6	0.017986339031442738	13	1	-0.6176071679119866	1	0.8333333333333334
COLEC11	0.006596162596716356	1	4	0	-0.6158453304397158	1	0.8333333333333334
COQ6	0.0084992025746004	0.10887499134241592	8	0	-0.6153630215888557	1	1
NDUFV3	2.767553500688567e-7	0	2	2	0.6139295317159971	1	1
QKI	6.559674697141637e-42	2.3956267519900068e-30	6	3	-0.6106038838097898	1	1
ACACB	2.864014192166526e-6	1	12	0	-0.6076648521317456	1	1
TDP2	0.001129479346022667	0.15307563137582708	4	0	0.6065737350856264	1	1
EMID1	2.941408047347743e-9	4.4762871773616303e-4	7	1	0.6065291578326478	1	0.8333333333333334
SRL	0.003973933679218284	0.28040739060894737	4	0	-0.6059879316755866	1	0.8333333333333334
MSI2	2.0819464989849005e-6	0.25597156082386285	6	0	-0.6059657965191604	1	1
ASB8	5.936654695854049e-4	5.562262702841709e-4	6	1	-0.6047211934810297	1	1
GK	0.024524957414814554	0.043661265586878495	6	1	-0.6042465010405986	1	0.8333333333333334
IFT20	0.007836983695929492	0.00111730156819828	3	2	-0.6025099130384111	1	1
MPEG1	9.086387443005162e-5	0.14288935949722342	3	0	0.6014858773499835	1	1
PPID	0.0010645082521616236	0.001215543082011908	8	1	-0.6012203541687138	1	1
SLC4A7	0.012892265556848992	0.049838976182150004	4	1	0.60074722353004	1	1
MTMR4	0.045168670611801104	0.27519160253661035	8	0	-0.5998144907287792	1	1
ZNF792	0.012786067293651563	0.01955012213082574	5	2	-0.5959858179231411	1	1
INSR	0.012227616278459376	0.1444722670056248	5	0	-0.5953730293647151	1	0.8333333333333334
VPS39	0.0031600114412690824	0.10238794102276734	9	0	-0.590007418395861	1	1
LOC113261837	0.004015319062360109	0.02118936761079206	11	1	-0.5875338698715296	1	1
EPS15L1	6.586543895082921e-4	1	10	0	-0.5867940259328412	1	1
PRMT3	0.016040342639535732	0.3336049125501782	4	0	-0.5852691533062877	1	1
FILIP1L	7.935908892817155e-5	5.633249607691137e-6	4	1	-0.5827108949134568	1	1
CERS5	3.094044331465159e-4	0.06335245502227235	9	0	-0.5795775128053031	1	0.8333333333333334
RPS24	1.708565957517652e-19	7.45227344922426e-21	3	2	-0.576834093140129	1	1
PEX10	0.04523775902017713	0.2648244255843094	6	0	-0.5741632466972703	1	1
CLASP1	3.2150345090758223e-15	1.4744408111182127e-6	10	2	0.5740272461668061	1	0.8333333333333334
ANXA7	3.5765303407516816e-10	5.2803931726760336e-9	6	2	-0.5728000299160646	1	1
PTCD2	0.03312378160274247	0.2566316131110998	4	0	-0.5712773446768818	1	1
TFEB	0.015783718872268336	0.20626195700186628	4	0	-0.5710624432090307	1	1
SEMA4F	0.02488892752199463	0.10498993962347822	4	0	-0.5709684769957006	1	0.8333333333333334
MFN2	1.0059983066456643e-18	8.945502529328333e-10	9	2	0.5695576889165662	1	1
TSPAN12	3.171322120062735e-4	4.830612712696587e-5	11	1	0.5652464584857572	1	0.8333333333333334
CENPM	0.034988250299619585	1	3	0	0.564602668041924	1	0.8333333333333334
TP53BP1	1.9609157107490356e-5	0.01411670559162973	7	1	-0.5621919484023586	1	1
ALKBH1	0.0016728198187749416	0.6568220567735239	4	0	-0.5621057455573989	1	1
AKAP7	2.892886633838721e-4	2.6961036722281654e-4	6	2	-0.5615565495917008	1	1
LRRFIP2	3.956613724096961e-8	3.2631796539025595e-5	10	2	0.5608313424526968	1	0.8333333333333334
TXNL1	7.104578315725935e-10	1.4922885981099263e-7	7	1	0.5605481421657075	1	1
GFPT1	2.455360997918997e-6	1.106798432154497e-5	3	2	-0.5589970130816764	1	1
ARID1A	0.019173016751149206	0	2	2	-0.557175287013623	1	1
NR1H3	0.01253302543784515	0.26671977616446424	7	0	-0.557059268081377	1	0.6666666666666666
R3HCC1	0.0033159847987206323	0.02310896470438551	8	1	-0.5568806140629712	1	1
IP6K1	0.045835083312069945	0.1163135491757955	3	0	-0.5557526226267071	1	1
RAPGEF6	1.9293267015676368e-5	0.08483206220681094	7	0	-0.5541843602688556	1	1
BST1	0.030517391066471264	1	4	0	-0.5541141687027827	1	0.8333333333333334
LOC113249271	0.0010368496772137931	1.8079380736261286e-4	4	1	-0.5538023208762928	1	1
THY1	4.387820947079214e-6	1.1780334181326147e-6	3	2	0.551047929018328	1	1
TSPAN9	1.1137915101447071e-8	0.18946852155386884	7	0	-0.5478936935577613	1	1
CLTC	3.1972370449426332e-12	8.446767723309488e-8	6	2	-0.5478831659608768	1	1
RNF115	2.4640062546771743e-7	2.0820766032267713e-8	4	2	0.5478294083054353	1	1
ST5	0.03347987376603885	0.10418782654050002	7	0	-0.5468418260158544	1	1
ATP5MC1	2.7905051651683607e-16	0	2	2	0.5457361799092332	1	1
SAMD4A	4.542690528615755e-5	0	2	2	0.5449703251979527	1	1
PCMT1	8.889541759353159e-9	1.0765761990647735e-5	6	2	-0.5448259648782251	1	1
ATP9B	5.40906738852623e-4	0.0014171615830522349	7	1	-0.5419467746089228	1	1
SLMAP	4.831284918337559e-29	1.7567769552152592e-19	7	2	-0.5418483139656103	1	1
PPP1R3A	1.0732168210466414e-5	0.005790798799807646	5	2	0.5413980409937602	1	1
VMP1	8.420478904278191e-11	2.3290013693863964e-5	5	2	0.5412574659711353	1	1
ALKBH3	0.0031974177820089655	0.0033050533105881473	6	1	-0.5403724089337236	1	1
novelGene_MIB1_AS	0.008583138332822525	0.06336046893025431	4	0	-0.5389453235339713	1	0.8333333333333334
LAMB3	2.4395157220016557e-4	1	7	0	-0.5379038098470318	1	1
SLC27A1	0.02705866336488242	0.18052294646431993	9	0	-0.5374147402815642	1	1
MRTFB	3.171322120062735e-4	1.9656827901089693e-4	5	1	0.5360083185047736	1	1
DDX20	0.003323880334195567	0.07037780501018676	4	0	-0.5339941160638247	1	1
CACNA2D1	8.309232162630286e-5	0.03681398505738428	6	1	0.5329441706858445	1	1
SH3RF2	3.3062147736837304e-4	0.026819947188853204	5	1	-0.5315308152267118	1	0.8333333333333334
LOC113246267	0.025581925416799135	1	6	0	-0.5301581021367391	1	0.8333333333333334
WBP1L	0.031046723803417404	0.015758777829817532	3	2	-0.5248656942561283	1	1
PROX1	6.228183638884945e-6	8.839269185513432e-5	7	2	0.5241641068239796	1	1
WDR91	0.048853170120398935	0.2878762272022355	7	0	-0.5236090033055109	1	0.8333333333333334
NCAM1	1.8046484588162802e-6	0.004102658883689168	8	1	-0.5235644978028097	1	1
MEIOB	0.049833445700057245	1	5	0	-0.522866891613211	1	1
LOC113247381	3.790311408880129e-9	1.2908758033849452e-9	3	2	0.5204828538942126	1	1
PCSK7	0.017568724156707984	0.10953786187075423	9	0	-0.5174376016398349	1	1
CCT8	1.030020417290082e-14	6.436466153211891e-7	5	2	-0.5153904259817099	1	1
WASF2	0.026010909169120883	0.15148909916775827	6	0	-0.5148043076711353	1	1
DCAF6	3.896056577631163e-15	0.0845873861099116	9	0	-0.5147011768841127	1	1
ACTN2	4.045940017905435e-9	1.8894964989146396e-4	7	2	-0.5139785332232696	1	0.8333333333333334
INPP4A	0.012281762340593456	0.004685738388814736	4	1	0.5139029415181957	1	1
CFL2	2.5871294249273248e-14	9.947771857589041e-12	7	2	-0.5122367982711769	1	1
FNIP1	1.4685559346026188e-7	0.0023548748612832763	4	3	0.5114513138401138	1	1
ABHD6	0.017726523453548342	1	4	0	0.5109413011674204	1	1
VPS33B	0.04325358254428687	0.3933312460933462	7	0	-0.5108954802396006	1	1
ACOT9	0.014381729210934321	0.00803839011037063	4	1	-0.5086809325998858	1	1
PDHX	7.32150723080772e-4	8.48621557663094e-5	6	1	-0.5084458279090233	1	1
TRAK1	5.110099177852342e-10	1.776885136982597e-6	9	2	-0.5068227408049379	1	1
LOC113249140	8.643747921667635e-8	0.5577551600299756	5	0	-0.5068057731209719	1	1
ARMC9	0.012301271094712483	0.009651186214179205	7	1	-0.5057942217362226	1	0.8333333333333334
SOBP	0.001848720152492905	0	2	2	-0.5052313752119177	1	1
RALGAPA1	1.9063043791187296e-9	0.002310209632013252	8	2	0.5051707861248144	1	1
PHKB	8.070310880387785e-9	0.008675575774169648	10	1	-0.5049946092702806	1	1
FBLN2	0.0014374542372420523	0.06357989833512931	5	0	0.5042001016566434	1	1
THAP4	0.030419191475143874	0	2	2	0.5040646932936581	1	1
ITGB1BP2	1.4764488864679948e-4	0.4229826285542769	4	0	-0.504002375177371	1	1
KLC1	8.260073301969705e-5	0.004484081363387728	12	1	-0.5034561087090673	1	1
GPATCH2L	0.0067187715920423345	0.010051875563845599	5	1	-0.5034346701992142	1	1
USP28	1.3332407418206675e-4	0.2022461830147579	8	0	-0.5000922303376135	1	0.8333333333333334
PFKFB3	4.48816098118406e-5	0.013547109464474889	10	1	-0.49737490962580505	1	1
CDK14_CLDN12	0.049067605192140665	1	3	0	-0.49645121192659003	0.8333333333333334	0.8333333333333334
VPS52	0.03496275904700316	1	8	0	-0.49556103353133124	1	1
CAPZB	1.6289239527094983e-7	1.2009325822321093e-6	3	2	0.4955549155239114	1	1
ECHDC1	0.014943305911980424	0.007007368603315727	6	1	-0.4943939049127902	1	1
HYOU1	0.012713206158286458	0.05850590899561101	6	0	-0.4943785414930562	1	1
KIF1B	2.9197153720006997e-6	1.0839353528168653e-5	4	2	0.49196358436759297	1	1
GANAB	6.521635930506469e-4	6.217325007553256e-5	4	2	-0.49140683725400597	1	1
MANEA	6.668243747113273e-4	0.15339092115044795	9	0	-0.48703465817586633	1	1
PLD3	0.0014344993031356465	4.1668916172513846e-5	5	2	-0.48645119618450616	1	1
IQSEC2	0.0010788818400878615	0.0036107031896739326	4	1	-0.48555958734961824	1	1
TBC1D23	0.0012902810504107258	0.01654596097215578	8	1	-0.4835733125646268	1	1
SLC43A1	0.006690560361308224	0.13835054206572245	5	0	0.4794491187894967	1	0.8333333333333334
EML1	0.0015570403889417718	0.8492369098633215	4	0	-0.4780739461759167	1	1
UGGT1	0.0029455401548271446	0.07956807824557838	6	0	-0.47739742613618175	1	1
DOCK11	0.010583331548614997	0.21501078187892683	7	0	0.4761304957481425	1	1
PDE7A	2.865217455536806e-4	2.7570068036639106e-5	5	1	-0.47499837812304013	1	1
ABRAXAS1	0.02086497170317388	0.0577455914493203	7	0	-0.4742215793907959	1	1
PCYT1A	1.3798829714187693e-5	0.03832436556380423	8	1	-0.473434288996608	1	1
PURA	1.0454560716502008e-5	1.510213622476246e-4	6	2	-0.4718605722910772	1	1
APP	3.291294596177275e-10	1.7246077392285343e-10	6	2	-0.47082279697955187	1	1
PDS5B	0.03757266595934543	0.4863649978458112	7	0	-0.46941563894162686	1	1
FAT1	1.1947214793888358e-4	2.1787129478734985e-5	7	1	0.46926927261044776	1	1
ABLIM1	9.7232017062742e-124	8.898091014572172e-65	7	2	0.4646688550166247	1	1
RTN4	4.2205665147719884e-17	2.5606599088981863e-9	7	4	-0.4636752858677121	1	1
SEH1L	8.595761032715118e-5	0.007469238790285943	5	1	-0.4624776150136913	1	1
ERMP1	0.033454115933499125	0	2	2	0.4607663399953829	1	1
PATJ	1.554688841338414e-4	1	7	0	-0.46037996031817663	1	1
ADD3	0.0010374342273012191	0.004929333909952463	6	2	0.46025927956692597	1	1
RASSF2	0.0015980069739051455	0.13860487912858033	7	0	-0.4599460868788818	1	1
TMEM131L	7.691797599382589e-5	0.1023629220536377	11	0	-0.4596731941572818	1	1
VANGL1	0.009818908259575527	0.03931066911483915	3	1	0.458242766819838	1	1
PQLC1	0.019173016751149206	1	7	0	-0.45732069298636013	1	1
PYGM	4.869185933347628e-4	1	12	0	-0.45636984141150483	1	1
PLK2	0.006419076242879658	0.040182296148855094	4	1	-0.45631069688542103	1	1
C2CD5	1.3856440465090085e-5	0.009974212062242577	13	1	0.4562625545543829	1	1
LMO7	1.012814366248581e-5	0.09400484454626833	9	0	0.4552518034924489	1	1
AK2	0.01948416910203048	0.012001313725181616	4	1	0.4523988966186676	1	1
EFCAB14	0.005192171300500442	0.002092797737485938	5	1	-0.4518063901945254	1	1
KCNIP2	1.2948905250089308e-4	0.18976434434489908	7	0	-0.4511260284847477	1	0.8333333333333334
CEP120	0.0453419703729768	1	7	0	-0.4501323943739544	1	1
USP32	0.04758150201158906	0.013717215943564908	3	1	0.4496155777671866	1	1
NFAT5	6.321128283948469e-4	0.06853433044184648	8	0	-0.4487125445835444	1	1
ERP44	2.8666653544529458e-5	5.620797977938868e-4	7	2	-0.447477636665584	1	1
AAK1	2.909186500285576e-6	0.003495292861716406	12	1	0.4466508208282932	1	1
PTPRG	0.005864466671081314	0.4950152379467611	5	0	0.44525758664987497	1	1
FHL1	1.6445088227848712e-5	0.003235984861665186	8	2	0.4434984015599586	1	1
TOM1L2	5.522001410662634e-6	8.390267672391634e-5	4	2	-0.4429514425099586	1	1
SORBS1	1.4175970971093018e-20	1.2138801622646108e-4	10	1	0.4418406921120645	1	1
ERAP2	0.04891277834699584	0.9295832096803658	5	0	-0.4401923702399698	1	1
CLK1	7.897420180298693e-4	9.530086347428311e-5	4	2	-0.4383644082467775	1	1
TANK	4.48770161287422e-4	1	10	0	-0.4383258043374623	1	0.8333333333333334
PRIMPOL	0.015783718872268336	0.15197676663939103	5	0	-0.43540643688894126	1	1
RNF123	0.010346788283390975	1	20	0	-0.43532770787981767	1	1
PTPRC	0.006832790810009469	0.3875892919261503	8	0	-0.4352611443656452	1	0.8333333333333334
CCSER2	1.6208319607848175e-4	1	8	0	0.43245094041886833	1	1
ARRB2	0.017640217425428775	0.17001230359575853	6	0	-0.4319717283510748	1	1
GOLGA2	3.567609092385987e-4	0.0043325315596036374	4	2	-0.43124977538603987	1	1
PDE4D	2.864014192166526e-6	5.010613213702115e-7	7	2	-0.43070024167403537	1	1
ACYP1	0.0262767903580307	0.003329323741444893	3	2	-0.42859934072003825	1	1
USP3	0.005192171300500442	0.26532847074175	11	0	-0.4269640304170277	1	1
MRPS35	0.03002641891031726	0	2	2	0.42670523278610883	1	1
SLC4A3	0.0260415342459619	0	2	2	-0.4260771237187614	1	1
SORBS2	7.961827231509644e-15	2.538295395265667e-10	8	3	0.4245710141100049	1	1
BORCS8	0.005526991255975951	0.6762086203840589	6	0	-0.42420699604411816	1	1
HMGCL	0.019354352213607928	1	7	0	-0.42256693914617904	1	1
TP53	0.005677105578753214	0.01010026998583265	4	1	0.42249861686539925	1	1
CREB5	0.010318669608669511	1	5	0	-0.4220185516358826	1	1
PPFIBP2	1.4338250110386073e-8	0.003898116947162516	11	1	0.4202128063321397	1	0.8333333333333334
S100A1	0.007345563711790469	0	2	2	-0.41871851199054744	1	1
CDK6	0.0016159459955091345	0.15662700421972128	4	0	-0.41780232710027	1	1
SH3TC1	0.038444917047491096	1	3	0	0.4122070131170595	1	1
KIF21A	1.3466709296845299e-5	0.5686973744800913	10	0	0.4110808871985189	1	1
ZNF207	1.9063043791187296e-9	1.0884922233690145e-7	8	2	-0.4106690693662053	1	1
DYSF	9.211304333554171e-8	1	14	0	-0.4082842944611313	1	1
KLHL21	0.0016138879947176538	1.36945448856542e-4	3	2	-0.40646960676154203	1	1
KATNAL1	0.0035236678888714654	0.35812010874996547	6	0	0.40547610230882986	1	1
ENAH	2.714134550894528e-10	2.967894781033041e-8	5	2	-0.40526319457984533	1	1
LOC113244953	0.0484101364107385	0.10900140152568204	3	0	-0.4041193056962513	1	1
BAG3	0.016531637206117052	0.5114753064134824	5	0	0.4033630886587266	1	1
PDE2A	0.012284453905627737	1	9	0	-0.4025073570823853	1	1
DMXL1	0.0021444008194746456	0.007214767391441276	6	1	-0.40171623677740903	1	1
LOC113261754	0.001431454112187045	0.004883113763678376	4	1	0.4015505852062062	1	1
LRCH3	0.008895894751178439	0.16889798653121837	6	0	-0.40142468065477693	1	1
NUP107	5.489084931431425e-5	3.494829462640178e-4	5	1	-0.4011024342924762	1	1
PPP1R10	0.0015549162382347819	0.03522592837338906	6	1	0.3996196437100069	1	1
USP47	5.339071676711883e-9	6.855793769403211e-4	10	1	-0.3992802211343522	1	1
ENSA	1.419436602504837e-13	2.1301065672781917e-15	5	2	-0.3982187842567461	1	1
LRRC2	0.012301271094712483	1	16	0	0.398017462597734	1	0.8333333333333334
UAP1	2.6941208313726873e-4	0.057383718174704605	10	0	0.39748370169349834	1	1
WSB1	0.005526991255975951	4.685683961829169e-4	11	1	-0.3972061474791408	1	1
INPP5A	0.04798307749843979	0.1283954045959745	3	0	-0.39717047596411226	1	1
NAPEPLD	2.7274859395241568e-6	0.004028656861061009	7	2	-0.39506415259820543	1	1
GLS	0.0075137754915047756	0.01118619433690814	3	1	-0.39462643582009	1	1
ANK2	5.608285473656905e-19	0.01084525115818628	8	1	-0.3945592298610343	1	1
DAG1	0.004015319062360109	0.7364682549965844	7	0	-0.3944671651642794	1	1
CDK5RAP1	0.04574580577594974	0.09925194505637984	4	0	-0.3940882818977349	1	1
DLG1	4.124122291466596e-5	0.07869129416982834	7	0	-0.3931340789810258	1	1
GAPVD1	0.007439664059393885	1	6	0	-0.390096731285307	1	1
SEPT4	0.04523775902017713	0.18969548138622624	6	0	0.3899516225666229	1	1
LAMA4	0.010400394463561924	0.025079564026490413	12	1	0.3896851208629216	1	1
DTNA	4.206096752406628e-20	2.179213586879712e-5	10	2	0.3893521342963271	1	1
SNX5	0.010791096197925792	0.331761484207205	5	0	-0.38816953936164034	1	1
FYN	6.419507762705568e-4	0.12453607008955116	7	0	0.38751124251754765	1	1
ABI1	8.528558689803822e-8	0.6297438716042744	10	0	-0.38744704768935523	1	1
MAPRE3	0.024920919751746116	0.8482647984869124	7	0	-0.3866632637526159	1	1
ZFYVE16	0.04798307749843979	1	5	0	-0.38487115841943764	1	1
TMEM237	0.002286829451791128	0.0024177680611495844	7	1	-0.3822771136167905	1	1
STAMBPL1	0.019354352213607928	1	5	0	-0.3820912321481163	1	1
LTBP1	2.393588528751221e-16	3.416530127571686e-5	8	3	0.38080104102508283	1	1
TPMT	0.014649561061810723	0.00211129371221474	5	1	-0.3802705814548173	1	1
CSDE1	2.5221935275526893e-11	2.024749511480881e-10	9	2	-0.3795613125217566	1	1
LOC113267808	0.019952097424836827	0.2033134189434209	10	0	-0.3783264546115645	1	1
RGS6	1.8166298934909746e-4	0.009299328472527537	12	1	-0.37746976238303404	1	1
HEATR5A	0.004015319062360109	1	11	0	-0.37664717152669014	1	1
CUNH19orf47	6.87985811614949e-5	1	11	0	-0.3765749406181947	1	1
PPHLN1	0.010820213326209187	0.019241837068116854	10	1	-0.37533768555323316	1	1
KIAA0513	6.69447067571701e-4	0.01342396517339333	4	1	-0.3753273622514076	1	1
TUBB	6.799265700625196e-5	0	2	2	0.3743046782450855	1	1
PACSIN2	1.4423196001814843e-8	0.03241863538291117	14	1	0.37429554110143703	1	1
KLHL31	0.0046222141770913055	1	6	0	0.37363628660361614	1	1
PXN	1.4152159962167133e-4	1	10	0	-0.37320005169384235	1	1
SH3KBP1	1.4011188068988355e-8	4.1927212715275885e-7	4	2	-0.37261578245141197	1	1
ACAD9	2.3618079663868477e-4	0.044052221999395375	5	1	-0.3718713819306501	1	1
ARAP3	0.03762419271849963	1	9	0	0.37015138999390573	1	1
TTN	6.78418962175466e-21	1.2936224707460223e-6	13	1	-0.36973041394172923	1	1
PCDH7	2.7628664517531405e-5	2.9195544785472043e-6	3	2	-0.36792507640969574	1	1
FAN1	0.040424233395862354	0.11785536456817595	6	0	-0.3663844980882703	1	1
NFS1	0.04221498746993522	0.16140529622600294	6	0	-0.3660369499225956	1	1
EIF4E2	0.00883688142745315	5.236885667574503e-4	4	2	-0.3660346912241641	1	1
TBC1D1	3.496576900742569e-4	0.08127645686894211	9	0	-0.36501548546610196	1	1
RHOA	6.489979391310635e-5	0	2	2	-0.3646917062698525	1	1
EPS15	1.343353845938727e-4	0.0033941033947648726	9	1	0.3646734810176876	1	1
TPM2	2.222248251223851e-40	9.4682542310070292e-18	5	3	0.364429352763491	1	1
KHDC4	0.049535666207890384	1	9	0	0.36408026329553766	1	1
TENT5A	0.03433142571387173	0	2	2	-0.362868867603673	1	1
SCFD1	0.014069327110503706	1	11	0	-0.3609267130531443	1	1
PFKFB2	1.6327995113737132e-4	1	7	0	-0.360553040344982	1	1
ARID1B	0.013145355769671076	0.7184654635238764	7	0	-0.35930515920214273	1	1
OSBPL9	8.592985083640444e-4	1	10	0	-0.35796164390894253	1	1
CAMK2D	3.483787442768251e-16	1	9	0	-0.3579313954205275	1	1
ESYT2	0.045168670611801104	0.2601485642059966	7	0	-0.35736247215819394	1	1
MAP3K20	2.0335783333796975e-5	6.094560710611133e-7	3	2	0.3564021138223221	1	1
FAM214A	0.01067296884149574	0.02670617771348349	11	1	0.356389959295523	1	1
NADK	1.6923341059989864e-4	0.32890179930681274	6	0	-0.3541332473658657	1	1
LOC113253631	0.04574580577594974	0.5635223815293855	5	0	-0.3536145813465983	1	1
GOLGA4	2.9847566327249284e-4	0.0035149618529260558	7	1	0.3533127567681189	1	1
ORC3	0.04016107210094087	1	8	0	0.3522842315017061	1	1
MYL6	6.312057247522787e-8	5.183487420055774e-9	3	2	0.35018884127102706	1	1
ACSF3	0.019173016751149206	1	9	0	-0.34961583354458403	1	0.8333333333333334
SLC9A3R2	0.015696331840352237	0	2	2	0.34746054111558156	1	1
TGFB1I1	0.03496275904700316	0.04056535922655358	3	1	-0.3461638224464564	1	1
ARHGAP25	0.014177948782836703	0.16777589874613563	5	0	-0.34601180341967985	1	1
GNPAT	0.03668108830425267	1	15	0	-0.3448393366639568	1	1
CLSTN1	0.0068164445737691134	0.31405261540394297	6	0	-0.34469677083527844	1	1
SLC4A1AP	0.036871041603715224	1	5	0	-0.3442296415078089	1	1
GGA1	0.022136163865507937	0.047523212664207996	5	1	-0.3436668027185861	1	1
AP4B1	0.010400394463561924	1	9	0	-0.3431138300010452	1	1
GANC	0.030604186482239157	0.8067579020687793	9	0	-0.3423208290360057	1	1
CCPG1	2.2261171181912533e-5	0.0052474804928662865	7	1	-0.3391891015530013	1	1
ANKRD28	2.048995596328732e-4	0.35354053242236533	10	0	-0.3384675800940683	1	0.8333333333333334
ADD1	0.010400394463561924	1	7	0	-0.3364699576063504	1	1
IFT81	0.007423687097400326	1	13	0	-0.33637456582526676	1	1
LOC113270817	0.015921487764558675	1	7	0	0.3356845176922286	1	1
NUDT9	0.002702554348578463	0.0031572872567826277	4	1	-0.3356581467177652	1	1
MYO18A	3.712386357321097e-15	3.629679214409251e-4	7	2	0.33405205911066566	1	1
NF2	0.00607216570729944	0.008753586184226092	6	1	0.33348002155601214	1	1
CLIP1	3.4650826600725114e-23	0.013522538355547484	14	1	-0.3334458014551162	1	1
ARHGAP17	0.04600892812635768	0.2165259925714002	9	0	0.3321817536986572	1	0.8333333333333334
ABCB6	0.0014720071241704441	0.10738391586681038	9	0	-0.33160901754278754	1	1
PRUNE2	0.029525288464195904	0	2	2	0.33070391944421107	1	1
CMYA5	2.714134550894528e-10	4.2777266978980165e-8	5	2	-0.33021815648080355	1	1
ASPH	1.861936393564497e-14	2.3804408953973582e-7	11	1	0.32985947346613853	1	1
DCAF8	0.0034806694315571893	0.033997747853998395	8	1	-0.3291781125334015	1	1
THAP9	0.03960065401867926	0.04359656282096603	4	1	-0.3287239828116679	1	1
OXR1	0.006414562856042293	0.02324074193967568	8	1	-0.32808204350963865	1	1
RAI14	0.0029997833761850603	1	11	0	-0.32801608917704606	1	0.8333333333333334
PPIP5K2	2.941408047347743e-9	1	14	0	-0.32653131317773726	1	1
SGCG	3.0448806221016743e-5	0.4035533487150783	8	0	-0.3263955179207255	1	1
NEXN	1.9063043791187296e-9	0.06714689602368984	9	0	-0.32580713246367926	1	1
CAMK2B	0.036099264259205975	1	7	0	0.3251322426649833	1	1
PIGW	0.04895465285162586	1	4	0	0.32462200467152874	1	1
CIAO1	0.02243324755818753	0.3002867445496862	7	0	0.32357964115724314	1	1
BRD8	0.045835083312069945	0.7603038906490505	16	0	-0.32351620611844956	1	0.8333333333333334
COMMD3	0.044050634734831506	0.5570896396708639	3	0	-0.32145143148301225	1	1
FIG4	0.039631437339885466	0.12534469753389377	7	0	-0.3212237502858785	1	1
USP25	3.8072727384121765e-7	0.006805153066241378	6	1	0.3207855402179266	1	1
NMT2	0.009237613606373778	1	8	0	-0.3207080548031044	1	1
ASPSCR1	9.62042770869789e-8	0.22295107320863314	15	0	0.3190174880251055	1	0.8333333333333334
RBKS	0.015768869493290122	1	10	0	0.31813141597514816	1	0.8333333333333334
SLC36A1	0.006763698179303021	1	6	0	-0.31662616133593435	1	1
TBC1D8	0.004021611537646403	0.013427885115871677	5	1	-0.316065601779127	1	1
TEX261	0.04934499859410717	1	4	0	-0.3147173082760396	1	1
MRPS5	0.023593925264418426	1	5	0	-0.3125996958501145	1	1
DUSP26	0.0014372699502940057	0.18554287949907314	5	0	-0.3123125863181616	1	1
LOC113248431	0.04242694841507879	0.304016676403708	17	0	-0.31196505607282543	1	1
RBM39	0.026319249690062652	0.7299317109281707	8	0	-0.3113377115193199	1	1
SNRK	0.008750430498231444	0.041449653270904295	5	1	0.31039567926644407	1	1
FSD2	0.012284453905627737	0	2	2	0.31020988239109953	1	1
BTBD1	3.236275894395268e-5	2.5100274681534174e-6	3	2	-0.30849529342226856	1	1
FUOM	7.293737294852832e-4	4.179827506932843e-4	6	1	-0.30837638518610966	1	1
AHI1	0.006414562856042293	0.669089341190606	12	0	-0.30822346016308416	1	1
PDE1C	4.569191927319992e-5	0.008074377617401098	5	1	0.30602396842952706	1	1
TWF2	5.936654695854049e-4	9.100961061682598e-4	4	1	-0.30583319102427275	1	1
ZFP62	0.00802780341802778	0.012264607949792108	3	1	-0.30424319206581596	1	1
MAP7D3	0.0033730659857913892	0.43873240869564784	8	0	-0.304217247280854	1	1
DNAJB6	0.03799418633357817	0.02262169591927278	9	1	-0.30356922273179165	1	1
GPAT4	0.036871041603715224	0.006769130451717258	7	1	-0.3007493541278338	1	1
CTNNAL1	0.01132498185647906	0.10842926566916224	5	0	-0.3002815588548901	1	1
LOC113265291	0.0010064868568537195	0.005717863486019221	5	1	-0.30007988925844553	1	1
HSPB7	0.0029997833761850603	1	5	0	-0.29964878177757825	1	1
APC	0.003368935995803731	0.013805776222058386	7	1	-0.29951753969955386	1	1
WARS	0.03668108830425267	1	9	0	-0.2994092204427748	1	1
PCIF1	0.03668108830425267	1	8	0	-0.2992228684303489	1	1
HNRNPA2B1	5.633228072346405e-4	0.04244305941877008	7	1	-0.2982505970526338	1	1
IMPDH2	0.004239948593869915	0	2	2	0.29813236286182887	1	1
DUSP27	0.0473672351748775	0	2	2	-0.29777809677035194	1	1
NCOA6	1.7793221272428142e-6	1.1383994582233888e-4	5	1	0.29727119379815203	1	1
SERPINH1	0.03273591468392956	0.1351727711709394	3	0	-0.2968171205511174	1	1
LOC113258537	0.0073069653401750525	0.21134295622678964	6	0	-0.29658184239704777	1	1
GATAD1	0.01435324355065788	1	5	0	-0.29629671564587606	1	1
LARP4B	0.0034450034968512093	0	2	2	0.29623819536020846	1	1
DCTN1	0.029012999209997246	0.23146905850860264	12	0	-0.29596672187343026	1	1
ABCC9	0.008769009044246209	1	13	0	0.29594682619655543	1	1
KANK1	4.8097326857397127e-4	0.05321099381191327	12	0	-0.2958440304522278	1	1
LOC113246261	1.2066718311406661e-6	0.646485270273114	10	0	-0.29521389590666625	1	1
PRMT7	0.03905452709148201	1	9	0	-0.2944735200364554	1	1
BNIP2	0.0014344993031356465	0.9470502876809856	6	0	0.2944141085876766	1	1
SPPL2A	0.04491784887539032	0.07386874739107267	3	0	-0.2943927188047015	1	1
ATP2B4	0.04574580577594974	0.03254089936431358	10	1	0.2891698215624426	1	1
KIDINS220	7.683261774128388e-5	0.13845922510648181	10	0	0.28885970724526805	1	1
CELF1	0.004741604527504586	1	11	0	-0.28835977786836897	1	1
SYTL2	0.04293276983212537	1	8	0	-0.287620538875474	1	1
NR3C2	0.03682094237269879	0.43793846708209216	4	0	-0.2872305840010972	1	1
SLC8A1	2.160602086311673e-11	1.2331269163425436e-8	5	2	0.28697863027246184	1	1
MYO9A	5.274111749468104e-7	0.7764211152406812	7	0	-0.2865438791466547	1	1
RAB28	8.0013762432277e-6	0.11975860847155148	6	0	0.2860470742460869	1	1
LOC113244552	0.013237228504263024	0.004094686663628649	3	1	0.28457949091698787	1	1
KIF1C	0.022124028265186113	0	2	2	0.2830477117289566	1	1
POMT1	0.038444917047491096	1	13	0	-0.28266278786195176	1	0.8333333333333334
SEC31B	0.014640600784443226	1	19	0	-0.28249161685886154	1	0.8333333333333334
PRKAB2	0.019173016751149206	0.1471884771915518	9	0	-0.2824196053813215	1	1
UBAP1	0.039687146619224914	1	4	0	-0.27859021305694004	1	1
MLF1	4.248311162294199e-5	1.708883156789876e-5	4	1	0.27821246715598064	1	1
LUC7L3	2.1032151892024e-4	0.005330969676101721	10	1	-0.27656815881436825	1	1
EIF4A2	2.237617353122492e-4	4.61705000114357e-5	4	1	-0.2762094414969183	1	1
MYOM1	5.4340211625672915e-9	0.07517598486279858	12	0	0.27530600939784805	1	1
NSMAF	0.026010909169120883	1	10	0	-0.2738081319275843	1	1
LOC113245319	0.04459848848397844	0.21592452774472568	6	0	-0.2721031600629455	1	1
AFG3L2	1.7536546126634356e-4	9.052255903767727e-6	4	1	0.2700616753408219	1	1
WNK1	2.448676553543163e-4	1	9	0	-0.2693720484009202	1	1
BIN1	0.03568089845608794	1	15	0	0.26890752414160846	1	0.8333333333333334
FXR1	1.7262782237064658e-17	3.7556538877524064e-4	9	1	-0.2674508315332221	1	1
LOC113264906	0.016470476437655538	0.46002293487641926	7	0	0.26684814290700287	1	1
CUNH5orf22	0.012009828523711095	1	13	0	-0.2660565035957608	1	1
LOC113247645	8.686216512446214e-4	0.0010225125811568023	8	1	-0.26492175988890415	1	1
ADGRL2	0.04325358254428687	0.40221878636010394	11	0	0.2648198353626804	1	1
BECN1	0.039601822775772295	1	9	0	-0.26445143303963314	1	1
CEP85	0.005067174170371838	1	18	0	0.2641769998952878	1	0.8333333333333334
TTLL12	0.03684300354409367	1	5	0	-0.2638237548842937	1	1
LIMCH1	0.007517825607029903	0.08420548666376942	8	0	0.2634200143135826	1	1
FAR1	0.028770406346571936	0.010049381955398333	6	1	0.2612954900013059	1	1
DSTYK	0.029470638287023777	0	2	2	0.26031709073126463	1	1
ARFRP1	0.018229096475223437	1	7	0	-0.25943810362440967	1	1
LDB3	0.0020948456489143902	0.9040106728843377	8	0	-0.2579269809122882	1	1
SPTAN1	6.811658361268751e-10	7.250167550472605e-7	7	2	-0.25685872226813056	1	1
CDK10	0.024668945666145758	0.4940556552072623	9	0	0.25620145153336077	1	1
COQ3	0.006942112434320136	1	8	0	-0.254916104846201	1	1
CSNK2A1	0.026230829872444475	1	4	0	-0.25491381993830015	1	1
PTK2	1.7920363391403728e-8	0.6051143772893179	10	0	0.2547037861416051	1	1
GNA13	3.5401350914749774e-4	4.721176626587243e-5	3	1	-0.25361244119115806	1	1
LOC113240981	3.6780935689334905e-4	2.168382138266925e-5	3	1	-0.2535946390934729	1	1
GRHPR	0.012284453905627737	0.0056719119874211734	5	1	-0.2535856208391737	1	1
FKBP1A	0.026010909169120883	0.45873685940764986	4	0	-0.25287573150721376	1	1
NCBP1	0.045463964148113045	1	8	0	-0.25221249457035405	1	1
DUSP16	0.045465506577560315	0	2	2	-0.25086337474674325	1	1
ALDH1L1	0.0067187715920423345	1	8	0	-0.24977706140399425	1	0.8333333333333334
YTHDF3	2.692425531519715e-4	1	9	0	-0.24938600404135278	1	1
HIPK3	3.476397658520002e-4	7.701971819119773e-4	6	1	-0.24931114517115652	1	1
LMAN2L	0.014072375183229725	1	8	0	-0.24928256840960503	1	1
CNTRL	0.0010788818400878615	0.7466388428476229	8	0	-0.24828433668292227	1	1
AKAP13	7.143437798454739e-6	0.9055932385167722	12	0	-0.24824670136478058	1	1
SBF1	0.03583635411369384	0	2	2	-0.24814105659216634	1	1
CUNH9orf3	0.00585474373436819	0.011133567020207218	5	1	-0.2461660029829823	1	1
N4BP2L2	9.133433085170639e-13	0.028891394783475643	7	2	0.24610782423804856	1	1
DST	8.592444102003378e-18	0.004276620997436093	17	2	0.246099090002428	1	1
OBSCN	0.010400394463561924	0.7288643235629781	8	0	-0.24492406440552542	1	1
MACF1	2.1821782926630514e-15	8.880363872139658e-9	8	4	-0.2448728619865906	1	1
UNK	0.041290469684213994	0.10836661174885734	14	0	-0.2448163622881209	1	1
MAP4K4	8.311618127290959e-4	0.011401567024056421	11	2	-0.24456370719034168	1	1
STAT1	0.00356070141022982	0.009915411334111345	6	1	0.24439921596103673	1	1
IDE	0.0010368496772137931	0.001504658107400985	4	1	0.24286191045349903	1	1
DNM2	1.1870076196153065e-20	9.095028883746632e-6	8	2	0.2421802396841775	1	1
CNOT4	0.01656104066734154	1	12	0	-0.24136461396979614	1	1
COG5	0.03521114497267955	0.006102818466435836	4	1	0.23868131622632752	1	1
ANKRD17	4.453301754187578e-7	2.5898578707107947e-4	7	2	-0.23840143643973868	1	1
LOC113248372	0.001687191812792496	0.0012233429225675994	5	1	-0.2381486409444139	1	1
ATP5PF	0.023986132057045084	0	2	2	-0.23745251511964394	1	1
TUBA8	0.016101137205015964	0.09628154670052591	4	0	-0.23731067246034387	1	1
UACA	0.030921816793406637	0.4487816785581843	8	0	-0.23677138312926516	1	1
SMG7	0.025873795024721397	1	12	0	-0.23633557357861265	1	0.8333333333333334
MPDZ	0.0015006894474343428	0.21479201917116703	11	0	0.2362247971535576	1	1
ARNT	0.0034318151823397925	0.1252922912658433	9	0	0.23560700206918306	1	1
TJP1	5.6066944933937854e-5	0.0834376856961495	11	0	0.23533188312831793	1	1
DAB2	0.04486412178693683	1	8	0	-0.2351558983510435	1	1
DCN	3.5795289545956753e-4	0	2	2	0.2324400588730665	1	1
YBX1	7.086590957115783e-8	0	2	2	0.23216866513651147	1	1
ATXN2	0.04102217636581037	1	11	0	0.23209885231325034	1	0.8333333333333334
ECI2	0.0035663014296100043	0.10803218559422155	6	0	0.23199972147466902	1	1
FLII	0.00883688142745315	0.012680052656660234	7	1	-0.22941403343310462	1	1
COMTD1	0.034988250299619585	1	6	0	0.22727164273019576	1	1
RBM12B	0.01828763314730574	0.7423507783625914	14	0	-0.22200923954536106	1	1
OSBPL8	3.546529196358191e-4	0.8595939083298078	11	0	0.22018959510830183	1	1
NASP	7.393458373795678e-4	1	5	0	-0.21999744528351756	1	1
AKAP9	1.007634345493492e-5	0.05869925986690238	11	0	0.21954768948430847	1	1
NCOA4	1.8536757991802495e-10	4.3742223398957937e-4	7	2	0.21843882319412047	1	1
HNRNPM	1.0136860228596898e-6	1.238108827646558e-6	8	1	-0.21799730817190088	1	1
PBRM1	0.0012117274414629655	0.2552742872162699	10	0	-0.21777731169007464	1	1
SLC25A12	9.109326701724854e-5	1	13	0	-0.21773234963303367	1	1
ADGRF5	0.046821670716646877	0.004559677388799311	6	1	-0.21699057152585666	1	1
MEF2A	5.833279273011524e-11	0.46284009008659444	12	0	0.21656213239442304	1	1
SLC25A13	0.0027272110938724096	1	6	0	-0.2159411844130083	1	1
TM7SF3	8.516210146466462e-4	1	11	0	0.2155934436350422	1	1
CSNK1A1	3.078698196331312e-7	1.6514805986615708e-6	6	2	-0.21442894921752176	1	1
AKAP11	0.01956773096877731	1	4	0	-0.2137943012891209	1	1
NDRG2	5.4552508853018745e-11	1.5864503989720688e-7	6	1	-0.2113616357962378	1	1
RPRD1A	0.03757266595934543	1	11	0	0.20982480106300017	1	1
CEP95	0.03392898761479051	1	10	0	0.2096164383748106	1	0.8333333333333334
EIF3L	4.7394068201743103e-4	9.768865718807741e-5	4	1	-0.20914713675932145	1	1
DIABLO	0.02578437214775262	0.016797050988580184	5	1	-0.20907621096909432	1	1
EXOC1	0.0434982003436486	1	6	0	-0.20730036791477122	1	1
GTF2H1	0.002805603915577694	1	9	0	-0.2058728735244594	1	1
USP11	0.006763698179303021	1	11	0	-0.20572543828786832	1	1
RSRC2	0.010280636841174223	1	10	0	-0.2011309048725977	1	1
FUS	0.026360719879172913	0.15424931626604765	9	0	0.20107858059525707	1	1
DOCK6	0.008769009044246209	0.6665936935114567	8	0	-0.20001086339468357	1	1
PDZD2	4.48816098118406e-5	4.250803598848936e-4	7	1	-0.19895236657709878	1	1
CEP350	0.012227616278459376	0.7328463454329412	4	0	0.1976297340032403	1	1
KLHDC2	0.012161946085001415	0.049605071971843794	3	1	-0.19725725701980856	1	1
SYNE1	3.291294596177275e-10	0.007589336025628125	15	1	-0.19677030194176404	1	1
PCBP2	9.202765813965898e-4	1	13	0	-0.19248847792577756	1	1
MTMR3	0.005774670891625147	1	13	0	-0.19118232453538692	1	0.8333333333333334
VAPA	0.009296481605035534	1	3	0	-0.189999813389512	1	1
PRKAG2	0.03488764467878303	0.016368759541307468	4	1	0.18953768782739164	1	1
APPL2	0.0031487731075107725	1	10	0	-0.18950569166103343	1	1
NCOA3	0.04102217636581037	1	3	0	0.18788682504807797	1	1
IWS1	7.293737294852832e-4	1	10	0	-0.18687480574585363	1	1
TRIP12	0.010151340558866599	1	11	0	0.18597790826992228	1	1
AP1S2	0.009760901679530346	0.6880793216168041	4	0	0.18594901749198323	1	1
NFE2L1	2.7610946964742872e-5	0.01631894619247538	6	1	0.18522505825224356	1	1
VPS33A	0.006249755520472299	1	4	0	-0.18285440621642512	1	1
FBXO21	0.009237613606373778	1	11	0	-0.1826274718144198	1	1
OPA1	0.03679292415608964	1	13	0	0.18050725591971106	1	1
HDGF	0.026230829872444475	1	5	0	0.18026013458281792	1	1
EXOC2	4.453714111501563e-4	1	13	0	-0.17978690478052628	1	1
CRBN	0.036871041603715224	1	6	0	-0.1793670304107936	1	1
ARHGAP24	3.6367560353772375e-5	1	5	0	0.17932910334573848	1	1
TIMM21	0.042425000480913855	1	4	0	-0.17904945550870643	1	1
UBE2D3	1.61511908132277e-11	1	8	0	0.17884008327974593	1	1
UBR3	0.003323880334195567	1	3	0	0.17875095706256355	1	1
PLA2G7	0.046944455758404516	1	13	0	-0.1787423905665307	1	1
TTC14	0.04899839248652727	1	10	0	0.17736076907588327	1	0.8333333333333334
DARS	0.00175494212240723	1	6	0	-0.17701666934718582	1	1
CDC42BPA	0.015433648664976868	0.01607204542506765	7	1	0.17665570160709368	1	1
APPL1	4.999968145598439e-6	0.6910852562585086	7	0	0.17538304107826685	1	1
NDUFS6	0.028859314936495063	0	2	2	0.17503552397182726	1	1
ATP11B	0.0015557440998741812	0.0037852218159390026	6	1	-0.17076060781038657	1	1
PANK4	0.00710851821656847	1	15	0	-0.1689223237891314	1	1
TFRC	0.007517825607029903	1	7	0	-0.16280476711396386	1	1
HUWE1	0.04500253424516996	1	5	0	-0.15883597094086122	1	1
SLC25A3	7.114751222710731e-8	0	2	2	-0.15859358645086413	1	1
LAMA2	0.020950163792508757	1	6	0	-0.15639813371740885	1	1
NRDC	0.030390122343790626	1	10	0	-0.1562602948343378	1	1
VPS13A	3.5795289545956753e-4	1	5	0	0.15586419625314485	1	1
MATR3	0.01954900518595678	1	6	0	-0.155617748304141	1	1
PFKM	4.406153842933297e-5	1	6	0	0.1550644291905557	1	1
USP15	0.008979063336902312	1	14	0	0.15310402471962758	1	1
SUPT16H	0.005750562064173426	1	3	0	-0.15250427935233324	1	1
MBNL1	7.262754134408709e-6	1	12	0	0.15206284371992457	1	1
IDH2	1.1041974129073983e-5	1	5	0	-0.15170382525718223	1	1
ERBIN	0.007482259314147778	1	7	0	0.15081909412936326	1	1
ZNF106	3.5765303407516816e-10	1	8	0	-0.1495701386075339	1	1
RAPGEF2	0.010155232364677122	0.08519076174838382	8	0	-0.1491273162107476	1	1
CD36	0.04574580577594974	1	6	0	-0.14882704815813874	1	1
RAD21	0.007217149262813778	1	9	0	-0.14853937155859742	1	1
TNS1	0.04102217636581037	0.033718733508961984	9	1	-0.1482394093752501	1	1
SH3GLB1	0.04102217636581037	1	6	0	-0.14688236013539746	1	1
LOC113249039	0.03938083795978238	1	3	0	-0.14680002242572116	1	1
SNURF	0.010634299781389446	1	3	0	0.14644063957785658	1	1
SNX14	7.32150723080772e-4	1	17	0	-0.1463118613473428	1	1
ACSL1	0.003330448949141056	1	15	0	0.14571690821373767	1	1
YWHAE	6.694439942679014e-7	1	5	0	0.14556696963791527	1	1
CALD1	1.2658480696531047e-4	1	12	0	0.14458151733770078	1	1
DDHD2	0.044050634734831506	1	7	0	-0.14242599149933313	1	1
IMP4	2.0640746603526691e-4	1	7	0	-0.14171870606564316	1	1
TACC2	0.003323880334195567	1	18	0	0.14167201627669918	1	1
EEF2K	0.03297929529152031	1	8	0	-0.14073571387209552	1	1
DPM1	0.0388430222367219	1	3	0	0.1393705061873446	1	1
CAST	1.7021378328186124e-8	1	15	0	0.13749288098843682	1	1
ARHGEF6	0.04034886097530444	0.4648260476312038	6	0	-0.1365023930156012	1	1
CHTOP	0.027786755431612246	0.704554489339442	16	0	0.13642127629088757	1	1
NDUFB6	0.046821670716646877	1	4	0	-0.13639838109850283	1	1
SPTBN1	5.795083832227766e-14	1	5	0	0.13506629907373227	1	1
LOC113267890	0.026319249690062652	1	12	0	0.13481413315057333	1	1
MIA3	2.8876609991602933e-7	1	10	0	0.13345719156124602	1	1
ACTG1	3.5795289545956753e-4	0	2	2	0.12989584274329813	1	1
PCNT	0.009662291617559335	1	9	0	0.12850556518176862	1	1
ACAD11	0.0464776123674252	1	5	0	0.12585885926147444	1	1
ND4	0.003368935995803731	1	3	0	-0.12542278784410354	1	1
SUCLG1	0.001687191812792496	1	4	0	0.12169941378376159	1	1
MBD1	0.010155232364677122	1	28	0	-0.11499838021808526	1	0.6666666666666666
LOC113267549	0.010016236280963597	1	4	0	-0.11396558085058806	1	1
ATG4B	0.005870621996546479	1	5	0	-0.10876865958056903	1	1
NAP1L1	5.809191527930709e-8	1	6	0	-0.10746456846545259	1	1
CANX	0.031187789299838	1	6	0	-0.1065498125945975	1	1
AK1	7.148823788114993e-4	1	3	0	0.10468788463937637	1	1
NDUFS2	0.010400394463561924	1	6	0	0.10293215337438744	1	1
LOC113253249	3.9432104942700643e-4	1	4	0	-0.10195430342621237	1	1
EEF1A1	0.04895465285162586	1	3	0	0.09942161629865831	1	1
SNX2	0.031221223514786667	1	4	0	0.09873016725028283	1	1
OGDH	0.04187762588688054	1	4	0	0.09184531809942331	1	1
HSDL2	0.04796595305571211	1	8	0	-0.09160647133462349	1	1
SDHA	0.006763698179303021	1	6	0	0.0708240288601511	1	1
NDUFS1	0.008247904535961267	1	6	0	-0.0694154668601861	1	1
