gene_ID	gene_qvalue	minimal_tx_qvalue	number_tx	number_significant_tx	max(Muscle-Spleen)	pct_gene_expr	max_pct_tx_expr
RINL	0.04737673512353683	1	3	0	-0.9967587926945232	1	0.5
MYL3	1.0779297208427398e-12	8.491736615445151e-6	3	1	0.9798507763947902	1	1
TBCCD1_CRYGS	7.953214064249728e-5	0	2	2	-0.9464398153093782	0.5	0.5
LRRFIP1	2.2407465634407155e-18	8.966551341810694e-19	5	3	0.9204750437376111	1	1
SLC25A34	0.005454607495112747	0.03064309745660638	3	1	0.9201265893591732	1	0.75
RECK	0.003897837658243258	0	2	2	0.9137157584897653	1	1
LOC113248593	0.04040822844101781	0	2	2	0.9024737518462541	0.75	0.75
PFKP	0.03507849761045367	1	4	0	-0.9000388508515281	1	0.5
DENND5B	0.0017605025087135298	1.1422115293240168e-4	3	2	0.8965648937788788	1	1
LMOD3	6.919365028890129e-4	0.0729261954100843	3	0	0.8947623547857058	1	1
LOC113243786	8.188416950091116e-4	5.955876576591429e-4	3	1	-0.8935889758273126	1	1
FAM117B	0.012621087141911583	0.01492647737082017	3	1	-0.8909357810820155	1	1
EML4	7.158794018879043e-5	4.668177366012934e-6	3	2	0.8897540067860404	1	1
RTN2	7.717484767350914e-14	1.975242403032281e-15	3	2	-0.8766781180211047	1	1
PPP3CA	5.6708055116350245e-5	0	2	2	0.8718772426450198	1	0.75
MFAP5	0.003774471921366571	0.6616401997601002	4	0	0.8711321875163449	1	1
NFATC2	0.01053234227472389	0.8193965191129735	4	0	0.8671463105068181	1	0.75
SYNPO	1.3870617598529894e-8	0	2	2	0.865525024491153	1	1
ATP8A1	0.0012915478835280687	1.088824361047086e-4	3	2	0.8553607480504727	1	0.75
SAMD12	0.008895187958013834	0	2	2	0.8480480973779765	1	1
ANKRD39	1.3006890922519979e-14	2.885730363896963e-12	7	2	-0.8401990119010005	1	1
PHACTR1	3.569253148668934e-5	1.5869925015430333e-6	3	2	0.8385808131048076	1	1
ANHX	0.01487000910724941	0.016977303791964365	3	1	-0.8385178110505737	1	1
MB	0.026297986018832025	0.027945367977881108	4	1	0.8384479316977685	1	1
LOC113264264	4.240429107916355e-4	0	2	2	0.8363948328323045	1	1
RELCH	4.822317421690199e-5	1	9	0	0.8340218406053337	1	0.75
IKBKE	4.294671878022256e-4	1	7	0	0.8309115682252637	1	0.75
SGCE	0.007829540854611282	0.007621280608434768	3	1	-0.8252207250027391	1	0.75
PRKACB	1.3267049376030493e-5	4.863833256745786e-7	3	1	0.8242968405381672	1	1
UNC45B	0.003467752010550739	2.5875777361629275e-4	3	2	-0.8086020208979842	1	1
AGBL4	0.04040822844101781	0	2	2	-0.8070181703924956	1	1
LOC113249819	1.4910340285431445e-4	0	2	2	-0.8034633301439	1	1
TSPYL5	0.0055604145345130775	0.014450082501788072	4	1	0.8029333194614591	1	1
LOC113270472	0.0012467163040033556	2.662970700810604e-4	4	2	0.7965338760277805	1	1
XPO5	0.013134749047245022	0.015885302156674254	3	2	0.7832386497896406	1	1
FRAS1	0.03503796283487575	0.010171620957090214	3	1	0.780732597291675	1	1
ZNF329	0.0254528356595268	0	2	2	0.7802715342868973	1	1
SYNJ1	0.010529784364037812	0.009251041590579438	5	1	0.778612527418369	1	1
DYNC2H1	0.0028665555066046703	0.007320348358522712	5	1	-0.7753603000669744	1	0.75
ITGB1BP2	0.002754468598405647	0.13853632080739206	4	0	0.7751370792653037	1	0.75
RCAN1	0.014879524731055024	0	2	2	0.7735746127760542	1	1
MYO9B	4.848176459789952e-5	4.828908077131508e-6	4	2	0.7691375014711371	1	1
ZBTB7B	0.015986933859365657	0	2	2	-0.7690724068675188	1	1
USP45	0.025813075298632974	0	2	2	-0.7662885317958121	1	1
EXTL3	0.022057460016662273	0.008744766188478376	3	1	0.7655654663208233	1	1
AGAP2	0.027512416121061707	0	2	2	-0.7655455361684038	1	0.75
LOC113243525	0.0341359596496687	1	4	0	0.7652892682259715	1	0.5
ATG16L1_SAG	2.821821056712877e-4	3.044354834640695e-4	8	1	0.7602008042081422	1	1
BNIP3L	4.059845884660276e-12	2.4411995626000446e-14	4	2	-0.7600141276537263	1	1
SCD	0.01700670350894696	0.025825530334175603	6	1	-0.7564064933566712	1	1
HSPBP1	0.012944943303354538	0.016821405071224888	3	1	-0.7532255832045588	1	0.75
NR2C2	0.017810289000093536	0.04514245935453167	3	2	0.7483768184524701	1	1
SMTN	1.9153680499143805e-6	3.5833270839662655e-7	8	2	0.7461786894042359	1	1
TYROBP	0.04040822844101781	0	2	2	-0.7456086575967011	1	1
LOC113244778	0.008197718783147425	0.04974246091023447	3	1	0.7435970796274138	1	0.75
LOC113245455	0.004725568030113349	0.0019180656819374582	7	1	-0.7422109695230604	1	1
PDLIM7	6.559403389845711e-17	8.249631689438701e-14	8	2	0.7376047701183991	1	1
COBL	0.02597833437691149	0.005085129653649097	6	1	-0.7374367814388902	1	0.75
GFRA1	0.0057853998203982494	0.006510507305172102	4	1	0.7349637867902719	1	1
CACNA2D1	1.7889884353576133e-9	0.02689434429011537	4	1	-0.7325505111892654	1	1
SLC7A2	6.832590259387709e-7	6.925785857551972e-6	7	1	-0.7313306284195927	1	0.75
LOC113246267	0.0037899586507913062	1	5	0	0.7303024875202103	1	0.75
ACOT11	0.03546327031224416	0.005239197455831424	3	1	0.7281758461271485	1	1
LOC113256454	0.0021839730844717196	1	5	0	0.7276273859742837	1	0.75
ARHGEF28	0.014875541300597908	0.8762453346553644	3	0	-0.7255645877845457	1	0.75
AMPD1	0.011189515318542368	0.054739374114048375	4	0	0.7248624927490291	1	1
LOC113247886	0.034708568872216836	0.018957579242977918	4	1	-0.7136284844879669	1	1
LSP1	5.763259934919787e-6	0.04459316973501002	5	1	-0.7131133600718448	1	1
PLXNB2	0.0010717303749962896	0.00633543942663446	7	1	0.7125630393855532	1	1
TEX10	0.006631077073546604	0.003609806594936729	7	1	0.7118222459808812	1	0.75
SEMA7A	0.014444376108366033	0.00501031289184099	3	1	-0.7102577471339439	1	1
ABCB1	0.002936206174054317	1	5	0	0.7097192983372904	1	0.75
SINHCAF	0.006761151355398945	0.17237516312620726	3	0	-0.7096613120760112	1	1
AP1S2	9.80248284357709e-11	2.3599422310341716e-9	4	2	-0.7088936264905346	1	1
DOP1A	0.0018700715537837455	4.256588303797827e-4	4	1	0.70506124321717	1	1
CCDC117	3.316523752359291e-4	0	2	2	-0.704573199174805	1	1
FHIT	0.03852954051347755	0	2	2	-0.7032864645893594	1	1
IMMP1L	0.03246644455425092	0.00861769372678661	9	1	0.7001056819608489	1	0.75
GSN	2.0034088779268344e-25	2.893477012486404e-21	5	3	-0.6998776170857652	1	1
HMGN3	0.00438356757328351	1.7012258755605747e-4	6	1	0.6989705558057321	1	1
IMPDH2	7.863200533376965e-14	0	2	2	0.6931188560745877	1	1
PLD3	0.0017908956896951003	1.0962566807184538e-4	3	2	0.6910424539633928	1	1
NUDT5	0.0018151624889742122	1	9	0	-0.6897082428089817	1	0.75
HSPB2	0.007119260893589417	0	2	2	-0.6891859143496087	1	1
FXYD6	2.4304122929734083e-5	8.100794804368469e-4	3	1	-0.6890108805939699	1	1
DNAJB5	0.0018700715537837455	0	2	2	0.6866264255318947	1	1
LOC113248165	0.0019873641973662624	0.004196947801339963	4	2	0.6864861499907365	1	1
LEPR	0.020669237137109112	0.036345767114418566	6	1	0.6851218918375198	1	1
PSAP	3.1821415839559005e-20	2.9499823420378334e-23	3	2	-0.6821800612662399	1	1
ZNF366	0.03838453610662306	0.19181496139088142	4	0	-0.6819564726541658	1	1
FAM49B	0.01264613699020619	0.027384392685472485	3	1	0.6789430146851164	1	1
LOC113252107	6.135490586947356e-4	0.0016229989103101676	4	1	0.6770016323331711	1	1
TRAK1	0.0011401665499614795	8.032928360698456e-4	6	1	0.6761043197494401	1	1
LOC113246261	0.0011401665499614795	0.012048028552138585	8	1	0.6758349349662485	1	0.75
ADPRHL1	0.005945684168936041	0.600089481142271	4	0	0.6756425839846654	1	0.75
WDR7	6.022627767306558e-4	0	2	2	-0.6749062127265718	1	1
MON2	0.008300066030812101	0.005717509659710333	4	1	0.6732420963755472	1	1
PPID	7.771633338451042e-6	5.933696363904252e-7	8	1	0.6708287390797647	1	1
PFKFB1	0.03512571357094472	1	7	0	-0.6700287025415861	1	1
ABI1	2.850242329232222e-16	0.009379705867008701	8	1	0.6662130411650455	1	1
ATP5MC1	1.3224157409854697e-16	0	2	2	-0.6657562734266389	1	1
PIH1D1	0.0011898768290269006	0.015172469414264153	5	1	-0.665653875199943	1	1
SUMF1	0.04131218753929985	0.7342407444850269	4	0	-0.6652814247123154	1	1
TWSG1	0.02578669572626992	0.17524456838534788	4	0	0.6648264150546506	1	0.75
FBLN2	0.012624668366875178	1	5	0	0.6637645107705196	1	0.75
GPT2	0.04608780124340594	1	3	0	0.6636624967079844	1	1
ALG3	0.024448589282708228	0.20530463477940156	5	0	0.663541493915651	1	1
ST3GAL2	0.00805345029586816	0.01051202286389512	3	2	0.6630373630666659	1	1
METTL3	0.025813075298632974	0.46837549549855256	10	0	0.6626031929764467	1	0.75
ZNF382	0.0035837469874464285	1	7	0	0.6588476607585325	1	0.75
POLR3GL	0.0021498544398329614	0.004903750477884312	4	1	-0.6582472607088764	1	1
QKI	2.4494337755200206e-21	1.5194868902066012e-18	5	3	0.6569661841525487	1	1
UNKL	0.018054474508902726	0.5328232328868311	4	0	0.655632739059026	1	0.75
LOC113248649	0.005433533124775293	0.014485612508132887	3	2	-0.6551726521594035	1	1
HRC	1.5475511784429706e-41	3.8046299676407455e-17	7	2	-0.653791890818463	1	1
SAMD4A	4.6493010814420435e-5	0	2	2	-0.646802384712142	1	1
BAIAP2	0.026590880385749176	1	4	0	0.645332502550255	1	1
LOC113249271	2.204152485904465e-5	5.500599976573666e-6	4	2	0.6451675184972108	1	1
DIP2C	4.20891874146802e-5	0.018690812449551064	4	2	0.6424108904423682	1	0.75
TAP2	0.025813075298632974	0.16739351372548467	4	0	0.6414366307846524	1	1
CERS5	2.6482100530808995e-6	0.2491651093656746	8	0	0.6408805415841295	1	1
RAB33B	0.03374662113218045	0.09769944694269533	4	0	0.6407492557070668	1	1
TOR1AIP1	4.029291458838934e-4	1.6295348047399506e-4	4	2	-0.6399934342710096	1	1
PLIN5	0.013793148650630926	0.012830677479751248	5	1	-0.6399083908780228	1	0.75
FBXO31	9.787854914632931e-6	0	2	2	0.6386440125904135	1	1
TBC1D4	1.2533683095277054e-9	0.2353121665696314	5	0	0.6384811603314701	1	0.75
ARMC9	0.016669162798762266	0.0466226157855537	5	1	0.6360547005429404	1	0.75
WIPF1	2.752772618560387e-5	0.003196219471728788	6	1	0.6356631593955814	1	1
SLC43A3	0.049547416928939256	0.23888590508540852	4	0	0.6342519002111973	1	1
TXNL1	2.7680695302338733e-10	1.5931749453568066e-6	4	2	-0.6296474535595704	1	1
PUM3	0.003998722771969975	0.13367832438872568	4	0	-0.6289549107428337	1	0.75
ZBTB21	0.036235505753186764	1	4	0	0.6285479165076877	1	0.75
LRRFIP2	2.97254553472897e-19	5.22154772584573e-10	10	2	-0.6282560230872765	1	1
LOC113243776	0.03669636412342902	0	2	2	0.627972320533349	1	1
ANKFY1	0.0012929969531713258	2.404437861267122e-4	4	2	-0.6259740742314006	1	1
CAMK2D	1.9183030381278551e-4	0.0028208624883913594	8	1	0.6257603963562262	1	1
TNIK	0.019972377673907946	0.008214186748455098	5	1	-0.6246491255724133	1	1
CBLB	0.02615481686628976	0.1759021705914127	8	0	0.6246130723776071	1	1
FNIP2	0.0329214649819796	0.03212925926284528	3	1	0.624274671177186	1	1
NDRG2	5.051719102558959e-22	1.1261706317642696e-11	6	3	-0.6237288941912454	1	1
LOC113258763	0.010334587448080397	0.7922260624658584	5	0	-0.6220337174622791	1	1
PHRF1	0.017185940164536742	0.0879004383547646	4	0	0.6218221912399585	1	1
CAPN3	0.010260100625867128	1	6	0	0.6211855532606247	1	1
UGGT1	0.007320564299201774	0.08241735989239277	6	0	0.6165819679085234	1	1
PCMT1	4.7228233476915817e-4	6.833924472782973e-5	6	2	0.6154738724141544	1	1
RPAP1	0.027874653943944738	0.6866820465648582	5	0	0.6141313467324662	1	1
ADD1	3.82760828680024e-10	3.908749182016537e-8	6	2	-0.6125081335163289	1	1
SLC36A1	0.03191169944446535	0.21429600453175507	5	0	0.6123249996761754	1	0.75
MAP3K20	3.547974456525118e-14	5.559550557006196e-15	3	2	-0.6096247250896669	1	1
PDE4D	1.3224157409854697e-16	2.1355951457421402e-12	8	2	-0.6093851471597722	1	1
TTC7B	9.562837508945403e-5	0.007052747947066972	4	2	-0.6091120291719907	1	1
GMFB	0.04040822844101781	0.011498782972678789	5	1	0.6075469055915644	1	0.75
ICK	0.006531470491399218	0.07854047584230288	4	0	0.6066360410458969	1	1
LOC113253966	0.0438604647329901	0.4237063924878589	4	0	0.6061928684033447	1	1
DDX50	0.003998722771969975	0.025505254624620066	5	1	0.6019689941776434	1	1
MYBPC1	3.145889937309851e-5	0.0012203237700308953	15	1	-0.600464772074454	1	1
PDE4B	0.015335558015833096	7.722364188300312e-4	5	1	0.5995876050050615	1	1
MOB2	0.027408881284629094	0.01091173415329783	3	1	-0.5988041491199486	1	1
CDPF1	0.034177709623309016	0.3135936846397706	6	0	0.5974426997100665	1	1
LCP1	0.0011265775648420507	0.0045172981049633925	5	1	0.5948655111652154	1	0.75
MTSS1	0.006844204087631549	0.04888180898114432	8	1	0.5939413203307371	1	1
ATP9B	0.004564731344591358	0.03105230978401902	7	1	0.5931807435320238	1	1
INSR	4.346475051180012e-4	0.0012004887450812638	5	1	-0.5926928584969599	1	1
DERL1	0.0037694182429049644	0.07109841057113095	6	0	-0.5915184847774841	1	1
CIPC	0.0021902279471412737	0.04522184408475969	6	1	-0.5885297425544898	1	1
TMEM134	0.010641880475055796	0	2	2	0.587878940457919	1	1
ARHGEF6	0.010945408419950876	0.145234255710231	6	0	0.5836934397578412	1	1
STRADA	0.0282975968828123	0.4613358616531625	7	0	0.5823292208927441	1	0.75
DTX4	0.014879524731055024	0.03567319188264936	4	1	0.5802921776659389	1	0.75
PURA	1.6552849893652052e-6	1.2308201053276306e-6	5	3	0.5798498460489138	1	1
RYR1	5.9373085494759555e-15	0	2	2	0.5775352933067329	1	1
ADAP2	0.004195092021585109	0.012251632157629193	6	1	0.576386886738687	1	1
CPT1A	1.7032822174704413e-6	0.011433669091560614	6	1	-0.5749794601711101	1	0.75
TNKS1BP1	1.8675718619690365e-5	3.285878787955242e-5	3	2	0.574600768906268	1	1
PQLC2	0.007320564299201774	0.03006237018890231	3	1	-0.5742144696761101	1	1
SENP6	0.0037246835439072594	0.025633110661980256	6	1	0.5741523256159348	1	1
ASB8	0.0023657983069689578	0.009889657767249437	6	1	0.5685491885200762	1	1
ARMH3	0.008891910573394871	1	5	0	-0.5671545558325959	1	1
CLSTN1	0.0264623644982015	1	7	0	0.5670467712086422	1	1
RNF2	0.001066929311298736	0.014576671562174388	5	1	0.5654492988870186	1	1
PDLIM5	2.992005015039271e-65	4.2589214982635866e-16	10	1	-0.5642996341830887	1	1
FHL1	1.4910340285431445e-4	0.0055994104106763	6	2	-0.5642336845827188	1	1
LOC113247244	0.03561509171316881	0.012890934007936304	4	1	-0.5642140029235525	1	1
KCNS3	0.04400987221766199	0.04351136938501028	3	1	0.5638150449712183	1	1
RNF114	0.003264886650915767	9.940749976849468e-4	4	1	0.561256667042435	1	1
SEC14L1	0.024803980720690656	0.005597770305977591	3	2	0.5607910612713191	1	1
VIPAS39	0.004271806900051549	0.020339926905361957	7	1	0.560226451221328	1	1
DIPK1A	0.008198646399443425	0.023322822978506904	3	1	0.5582831437021218	1	1
PTGS1	0.0019213607417707156	0.006867864968053688	4	1	-0.5575003973709193	1	1
LOC113246178	0.002525768513508566	0.5275813792155704	9	0	-0.5573017634870778	1	0.75
PATZ1	0.0031087156326354256	0.07314895825938386	4	0	-0.5571503145431659	1	1
LOC113253409	0.027843711244355057	0.05194233751406659	4	0	-0.5558310585062877	1	1
DOCK11	0.0049189561747964876	0.12748418051663268	6	0	-0.5552771625135211	1	1
MAST4	0.01612417832112629	0.011796049083438532	4	2	-0.5538404527972849	1	1
SMAP1	0.016035887842791852	0.010517728370078484	3	1	0.5537051292951362	1	1
CNNM4	0.03246644455425092	0.4950886436103541	4	0	0.5512636013905617	1	1
DOCK4	0.005047476770095102	0	2	2	0.5512250089749906	1	1
EDC4	0.0012947941618320525	0.0011368833420506833	6	1	0.5505393798648205	1	1
DENND2A	0.03353550794331176	0	2	2	0.549521225971167	1	1
FNIP1	1.0052484129978632e-8	1.7318282483910863e-4	4	3	-0.5492182384621005	1	1
TECR	6.051660743412827e-4	0	2	2	-0.5482209654924683	1	1
CCT8	1.1304885712471707e-8	7.098392358046061e-5	5	2	0.5451967766274488	1	1
LOC113246298	0.029888978620094875	1	8	0	0.5435837260747479	1	0.75
NCAPH	0.008010709907084782	0.27912433734993447	5	0	0.543354767739125	1	1
SIRPA	0.01999239812339156	0.0927266553137	4	0	-0.54077204322152606	1	1
BMPR1B	0.04293913545998785	0.08699403537973968	3	0	0.5385806115429468	1	1
CEP44	0.020388939871075932	0.03842639215584227	7	1	-0.5371241334235941	1	1
HM13	0.04040822844101781	0.6027477707894624	7	0	0.5369089038944418	1	0.75
PRELP	0.011114404470519923	0.10831245886424401	5	0	-0.5364667327029639	1	1
GGA1	0.008977795413990446	0.2353543038605932	5	0	0.5363045019006676	1	1
ALKBH1	0.013483541878061063	1	4	0	0.5357031894630622	1	1
LOC113247381	0.02360823273208304	0	2	2	0.5353439053835946	1	1
CA3	0.00667138168689699	0.030118056341905387	4	1	-0.5347089615260532	1	1
SEPT4	2.7585472263872226e-4	3.0760360876188226e-4	5	1	0.5343451606967198	1	1
GPATCH1	0.010784316807903304	1	7	0	-0.5316057492193416	1	1
MADD	0.002913720988094156	0.43185063115683114	12	0	0.5301567065386134	1	1
DCP1B	0.0076892758418237875	0.15424923142295613	7	0	0.5271445395434211	1	1
ANGPT1	0.039040914977395674	0.06318842253832023	3	0	0.5257632867048986	1	1
TEX261	2.5349144568778296e-4	0.0045641436721293675	4	1	0.5242436509331764	1	1
SLC8A1	0.018371816748414583	0.8696801797566953	5	0	0.5210957586832938	1	1
PDZD2	1.4450496584696186e-7	4.943709364334963e-6	7	1	0.5147012912522869	1	1
MRPS35	0.014338987778601087	0	2	2	-0.5134092513645104	1	1
GNE	0.014917505655721816	1	14	0	0.5128447531633551	1	1
FIG4	0.003221847319882271	0.005548117316673131	5	1	0.5120912122894425	1	1
USP40	0.0330457450411418	0.0196405541699384	8	1	0.5096446109277322	1	1
LOC113268666	0.007403926356163018	0.014999549754128868	6	1	0.5087120890048044	1	1
SCHIP1	1.58641916346894e-4	1.0042870272421943e-4	5	2	0.5086450265409045	1	1
PFKFB3	3.88852602164672e-11	1	11	0	0.5079747192253811	1	1
ALKBH3	0.030624821462056116	0.011780197294686172	6	1	0.5078879004696107	1	1
MBD4	0.02542981257522168	0.1544560395041025	9	0	0.5076112618466612	1	1
RPS24	1.303625095984668e-14	2.1542919600155484e-11	4	2	0.506620324446801	1	1
DUSP26	8.108274835200326e-4	0.3486119682379271	5	0	0.5065173982281563	1	1
CAPZB	9.375736094318111e-4	6.707934525332446e-4	3	2	-0.5051001141950064	1	1
ZNF134	0.023200829191664572	0	2	2	0.505047718328999	1	1
CREB5	0.019126525283794254	1	5	0	0.5022325815802808	1	1
METAP1D	0.027483666953396792	0.8248227189351217	6	0	0.5000910573548951	1	1
ICOSLG	0.03787990697786029	0	2	2	0.4999553664337486	1	1
FSD1L	1.700337437197603e-4	0.001483850259267113	5	1	0.49820818244046866	1	1
JAK1_LOC113254576	0.03882296301611222	0.018078889011589837	3	1	-0.49797401213952697	1	1
PROX1	0.03610792010354357	0.8007131318683737	6	0	-0.4972405453930691	1	1
FHOD1	0.005352361346601748	0.07813142300236221	13	0	0.4971038541819195	1	1
KIF1B	4.517599394406199e-12	1.302937994964986e-10	4	3	-0.4965248189486497	1	1
LOC113248316	0.04303885214041182	1	8	0	-0.49402891827665674	0.75	0.5
PTPN4	0.020279160756904488	0.1185890488904988	4	0	-0.49401866741323464	1	1
VPS13D	0.023200829191664572	0.04702566173268043	4	1	-0.4931158606023142	1	1
SNX5	4.142955856850982e-4	0.03557472241173187	5	1	0.49268977670898106	1	1
CD300LG	0.0010222467215094274	0.0331564728817261	8	1	0.49267741679915417	1	1
RBMX2	0.008775157109120269	0.005860914091189022	3	1	0.49155503181830945	1	1
R3HCC1L	0.011560954489100802	0.3238667955774569	10	0	0.4897298795820722	1	1
LOC113247645	2.4956480593753746e-15	7.969756546448269e-10	8	4	0.4881607149248236	1	1
MGAT1	0.0316820521708466	0.03498858881120151	5	1	0.485512101228443	1	1
DCAF7	0.002109831089383253	0	2	2	-0.4851737605961576	1	1
ZNF365	0.008132921374557133	0.27428217811252653	4	0	0.4848081033727454	1	1
MTDH	0.03212432921357169	0.014109491287298187	3	2	-0.4837007855409191	1	1
SLC9A3R2	0.015695078531364547	0	2	2	-0.4829162700157419	1	1
COL4A3BP	0.025108010167048934	0	2	2	-0.48225232346827973	1	1
CYTIP	0.01943048480776312	0.3780913346462235	9	0	-0.4822347927424434	1	0.75
GAS8	0.0012060814225223174	1	8	0	-0.4813023142782282	1	0.75
DDX39B	0.022695811133079676	1	6	0	0.4799540249591052	1	1
CLASP1	0.005678556039167527	0.0033713401090865224	9	1	-0.4759532194828505	1	1
NDUFV3	0.009673478970290233	0	2	2	0.475738964966551	1	1
MED15	1.5608439558166927e-4	0.003616116602142151	10	1	0.4756565207246813	1	1
TMEM245	0.010260100625867128	0	2	2	-0.4755534734426161	1	1
LDB3	0.003994148062581346	1	7	0	0.475450474570037	1	1
FARP1	0.045495417021101915	1	6	0	0.4746752855176969	1	0.75
MFN2	2.5304799459423827e-10	6.533031851682254e-5	8	2	-0.47460032255552675	1	1
PDHX	0.0010735983500303424	5.011830942877923e-4	6	1	0.4730177074531686	1	1
ENAH	3.145889937309851e-5	0.001173815244814766	5	1	0.47289737415782307	1	1
CNTN4	0.031641611540244724	0.16964073813348204	3	0	-0.47021415115454473	1	1
LOC113257917	0.022057460016662273	1	8	0	0.4699272400922593	1	0.75
PATL1	0.007780793001836569	0.5161172433189538	9	0	0.4684314245682106	1	1
ESYT2	3.383018060956766e-8	9.092196809800778e-5	7	2	0.467769323987333	1	1
GIMAP7	0.022353925334501732	0.1476964446506609	4	0	0.4663238136238439	1	1
MTPAP	0.014391132544749571	0.01645768744399004	4	1	0.4661907593395202	1	1
NOC2L	0.048102942828647494	0.03846807295273922	8	1	0.46545498778015726	1	1
MSL3	0.01269743531109386	0.30381159684622067	9	0	0.46518789387547327	1	1
PPIP5K2	3.008116621625203e-4	1	13	0	0.46470530804816507	1	1
FOXJ3	0.013271314928999831	0.4097474074199796	4	0	-0.46455310763120095	1	1
N4BP2L1	0.03507849761045367	1	7	0	0.46450804326297196	1	1
PEX10	0.0438566527806222	0.31058885729663555	7	0	0.46398670005830506	1	1
TSN	5.046983613110104e-5	5.019433577219435e-5	3	2	0.46349812614967206	1	1
HDAC5	4.20891874146802e-5	0.044188514501858615	4	1	0.46128450564225354	1	1
RNF115	0.02777900362210573	0.011265823407963938	4	1	0.46028147498696037	1	1
AMPD2	0.02137891597370171	1	13	0	0.4590586681870512	1	0.75
ACSS2	0.0012434579402066251	3.666475687150767e-4	4	1	0.4580488870251539	1	1
INPP4A	2.173943376613185e-4	0.07466499829000091	5	0	-0.45766098653961357	1	1
CASP8AP2	8.093006425120207e-5	0.019775424505450608	6	1	0.4574327599413477	1	1
S1PR1	0.006484048270804928	0.005238967576035637	4	1	-0.45734431376377865	1	1
PTBP1	0.020669237137109112	1	6	0	-0.4572750630076959	1	1
USO1	8.610552676152211e-16	9.041264886589316e-5	6	2	0.45624355431602825	1	1
TBC1D8	3.5688795491266724e-4	0.01889055608254399	5	1	0.4546945422053403	1	1
TRIT1	2.2014328138365025e-4	0.001973703564525879	7	1	0.4532680738764146	1	1
PANK1	0.028385373624776365	1	4	0	-0.45264885384214776	1	1
SENP7	0.04040822844101781	0.07594114273261184	6	0	0.4519254463121879	1	1
NEDD4	7.364410409916446e-8	0.0023093011249709036	8	2	-0.45171611675411877	1	1
TMEM117	0.003250175880429687	0.02291426357225324	3	2	-0.45164851862822386	1	1
ITPRID2	0.006531470491399218	0.7203131340325404	7	0	-0.4494791715018559	1	1
DDX20	0.04040822844101781	0.1578646899496236	4	0	0.44875377485906953	1	1
NAPRT	0.038984414536931	1	9	0	0.44765821715649684	1	1
ACTN2	0.004557672283984916	0.10973577711714563	7	0	-0.44711112489325205	1	0.75
DCAF6	8.082602774913183e-13	0.1455691367618609	9	0	0.4469838510136807	1	1
ECE1	0.01395081390270234	0.005232080653733442	4	1	-0.4468619320463434	1	1
PYGM	0.009673478970290233	1	10	0	0.44635708948057407	1	1
AKAP13	3.183145550710118e-7	0.0016393574109685935	9	2	0.4448906822457821	1	1
TRDN	6.071895114070436e-7	0.0011770330092306749	11	1	-0.444118793659462	1	0.75
SETX	0.004759555831899852	0.008216122049427788	6	1	0.44281896649997815	1	1
NUP107	0.021503902510061082	0.03814645313021807	5	1	0.44159576994225813	1	1
NADK	8.220080561742992e-6	1.2736368054488598e-4	6	1	0.4405882485827008	1	1
USP28	0.036235505753186764	0.899507472835065	9	0	-0.4404609119125088	1	1
DNAJB9	6.094709855948513e-4	0.05878360836109284	4	0	-0.4404374413173617	1	1
CBX5	0.0014631885002774328	0.0051231426237257835	4	2	0.43862322298571443	1	1
XPO4	1.9670630378861113e-7	1	6	0	0.43857983898766134	1	1
SYNPO2	2.3651203759446652e-54	2.3228731954925702e-11	11	3	-0.4384406711031508	1	1
OAZ1	2.2783530595762474e-7	3.929077685421225e-9	3	2	-0.4383675928750313	1	1
BRWD1	0.0037694182429049644	0	2	2	-0.4382793267748374	1	1
FBXW11	0.03756160678699833	1	6	0	0.4380345033610487	1	1
USP25	1.1304885712471707e-8	0.0019013283428098678	5	3	-0.4377498301188807	1	1
F8	0.020752691776045044	0.886300532838563	5	0	-0.43679832014250247	1	1
CFL2	3.0316904056711046e-6	1.669060649453619e-4	7	2	0.43619909796623413	1	1
CMYA5	0.009963356850736522	0.03339067234827136	5	1	0.4354707522013266	1	1
SIK3	0.035334444362741343	0.24493591500242515	5	0	-0.4348913169403432	1	1
MKRN1	0.007655233236489634	0	2	2	0.43390902459664904	1	1
KLC1	8.093006425120207e-5	6.581704871863345e-4	12	1	0.4329724099705978	1	1
GOLGA4	9.649902036687382e-4	0.014202214631902448	7	1	-0.4321530075678768	1	1
NRF1	0.03353550794331176	0.3653233089015581	5	0	0.4317748419191375	1	1
FAT1	0.03467893705684561	0.0018212892396844318	7	1	-0.4314168869847813	1	1
ST6GAL1	0.020087612459235626	1	8	0	0.42891368239848526	1	1
LSM14A	0.003996924296576428	0.041211113459344806	5	1	0.428640519059743	1	1
LOC113245998	1.58641916346894e-4	1	10	0	-0.428568689370657	1	1
ASB3	0.002850881017082	0.21986059458874452	7	0	0.4283600056539166	1	1
N4BP2L2	1.3224157409854697e-16	3.158868591265581e-9	6	3	0.4268203112368861	1	1
LOC113246855	0.0013157107950558325	0.041628801140909284	7	1	0.42584367688799113	1	1
PFKFB2	0.03546327031224416	1	7	0	0.42554463620070715	1	1
RALGAPA1	0.017020923010871485	1	8	0	-0.4247507513825569	1	1
LRRC2	0.0019418433954773518	1	12	0	-0.42448217837317886	1	0.75
GOLGA2	0.02039295478996869	1	4	0	-0.4237882235944856	1	1
FXR1	3.715444361021968e-10	0.09253620119762165	8	0	0.4229562157110636	1	1
BAZ2B	0.04771409612461112	1	16	0	0.4222607858987698	1	1
S100A1	0.014764229027444998	0	2	2	0.42094397139093764	1	1
ATL3	0.040968581974614435	0.42807803143910816	6	0	0.41938539676532055	1	1
CCSER2	0.003302879966828223	0.9308014237009798	7	0	-0.4191812943643687	1	1
MORF4L2	0.018771561242500644	0	2	2	-0.41863137830216246	1	1
DFFA	0.044622547606143405	0.8633435938473799	4	0	-0.4167985878973924	1	1
ABCG2	0.013891260724505965	0.3450627832231102	8	0	-0.416521582933048	1	1
MYO9A	2.8963472241028474e-4	0.3074819329853741	6	0	0.416283292584283	1	1
KIF3A	0.0028686357253707175	1	4	0	-0.41572165471871814	1	1
LOC113254378	0.03479660330380388	0.09317827053730246	8	0	0.41475798635887934	1	1
RTN4	0.002242388683911749	0.0026263840880352794	4	2	0.4147043250081105	1	1
LEPROT	0.03984868587570922	0.3661118849915836	7	0	0.41428192864815205	1	1
PTPRC	0.0056258786311440285	0.0572200670730834	7	0	0.413979607587393	1	1
LOC113261754	0.040968581974614435	0.012261114375507113	4	1	0.4124259206247197	1	1
RNGTT	0.0467781877772143	0.12193461056945591	5	0	-0.41099287943053764	1	1
EEF2K	0.005991073709444446	0.3168526936862849	8	0	0.4108301222528486	1	1
CSDE1	2.3624794390423402e-14	1.8463665648124747e-7	8	3	-0.4093945902312315	1	1
LOC113246844	0.025950819456392462	0	2	2	0.4091826573885051	1	1
KMT2A	0.020343629636066396	0.009890704157566748	3	2	0.40877058239274977	1	1
THY1	0.010260100625867128	0.0011530422300434862	3	1	-0.40852340500263384	1	1
EPB41L3	0.0023325733524616477	1	9	0	0.4079378472733767	1	1
NAPEPLD	0.046138035529179555	1	7	0	0.40776821481845194	1	1
TMEM131L	0.0075804506341922715	0.038425004211834195	8	1	0.40713091295714987	1	1
NOP58	0.034959047348919615	0.6953098902370848	4	0	-0.40663661650845623	1	1
PHOSPHO1	0.012944943303354538	0.014851490824794145	7	1	-0.4059052766337641	1	1
RPS6KA2	0.020388939871075932	1	5	0	0.4037713905844218	1	0.75
TWF2	0.03253419323479294	0.01198800728184538	4	1	0.40365971628505026	1	1
MYO6	8.417861695894646e-5	0.4860154369379781	11	0	-0.403377144205893	1	1
ABCD3	2.3350817650765447e-4	0.12467796398740054	8	0	0.4023016088382607	1	1
KLHL12	0.00191469496899058	0.20200637936203977	6	0	0.40181639030086747	1	1
STAU2	0.049052182155329645	1	10	0	-0.4005932859018856	1	1
PHTF2	9.312385145677639e-4	0.00814274016353959	9	1	0.3994839701084757	1	1
HNRNPM	5.377217064937901e-10	1.4892605472284118e-4	8	1	0.3985430354178387	1	1
TTN	1.6183341290605154e-14	0.014871425872857724	12	1	0.3981925887943384	1	1
DCTN2	0.020343629636066396	0	2	2	-0.39813072777012315	1	1
CREB3	0.007119260893589417	1	4	0	0.3959119491583014	1	1
SEC31A	0.01643252140555057	1	13	0	0.39482258641136675	1	1
OSBPL8	0.0012693691450145863	1.5421727718872165e-5	10	1	0.39397884699570185	1	1
FAM13B	0.0026179519070598494	0.11399614971362014	6	0	0.39376702065464775	1	1
ZFP36L1	0.021938758378457386	0.05809601601129843	4	0	0.3916306522050658	1	1
EIF2B4	0.0016052280905738453	1	9	0	0.3916256965276376	1	1
C2CD5	0.01462245606581663	1	12	0	-0.39109836504277923	1	1
KIF21A	0.012944943303354538	1	9	0	-0.38922632673184404	1	0.75
ATP2A2	2.0424780324875785e-36	1.1509292471537002e-14	5	3	0.38886906248390407	1	1
SCFD1	1.858553551069072e-4	0.01806616907022352	12	1	0.3887363434749498	1	1
KLHDC3	0.005013435638204136	0.004532489806551502	9	1	0.38872780670398915	1	1
SLC35F5	0.016048557571248713	1	5	0	0.3883477870505073	1	1
CPSF1	0.010569360703416181	1	12	0	0.387738925414978	1	1
FILIP1L_LOC113250506	2.25218904191356e-4	0.13840494116231972	5	0	-0.3876934875773399	1	1
LOC113244018	8.220080561742992e-6	8.91274271226593e-6	3	2	-0.38737327289651147	1	1
AFAP1	0.003118875355367152	1	5	0	-0.38701549367775645	1	1
LOC113264906	0.005991073709444446	0.06551415742602378	7	0	-0.3869326582865753	1	1
PIGN	0.024207624649355063	1	5	0	0.38630709214268716	1	1
MMD	0.017810289000093536	0.4670099991516679	10	0	-0.38598217236626686	1	1
CCDC82	0.04017819917022154	1	6	0	0.3843285811537156	1	1
DAPK2	4.0042805909346984e-10	0.0017279512487323938	10	2	-0.3827953507106623	1	1
IL4R	0.02359325661154224	1	7	0	0.3823748486134736	1	1
LOC113265291	0.04040822844101781	0.028693658017174894	5	1	0.38142206772745113	1	1
C1R	2.244373693760297e-10	0.005315938452727658	5	1	0.3795547962930176	1	1
GAPVD1	0.001066929311298736	0.8020791972207344	6	0	0.3794432382386458	1	1
CLU	1.3291662089975534e-5	0.07182110913270233	9	0	0.378280105914227	1	0.75
FDFT1	0.004915645742756979	4.5820431620510017e-4	3	1	0.3774089479661312	1	1
RBM33	0.005602881998977565	0.49836788778416186	9	0	-0.3769486826758604	1	1
ASPSCR1	0.0012467163040033556	0.03241726986998506	12	1	-0.3766439376894465	1	1
DDX6	6.540983109790726e-5	8.185416724415833e-4	5	2	0.37625019626128464	1	1
SGCG	2.603613535944569e-6	1	9	0	0.3750163139584764	1	1
PRKRA	0.02777900362210573	1	11	0	0.3741723730543407	1	0.5
CUNH11orf58	0.018137451070951643	0.022823023513336756	3	1	-0.37288022130119913	1	1
COMMD3	0.009336515605350792	0.012381316791500603	3	1	0.368985781185332	1	1
SNX14	4.236035483522813e-5	0.00801272756793423	15	1	0.3663646130988586	1	1
FAM131A	0.04239581207433725	0.5739002094002317	5	0	0.3645500003838975	1	1
CCDC163	0.03864770217469866	1	5	0	0.3611823053123421	1	1
LIMS1	0.004425955951255764	0.31389647109803254	4	0	-0.3601380455544471	1	1
YWHAE	6.98962313840516e-12	1.7777697893643883e-9	5	3	0.3598934941171346	1	1
ANK3	0.002248654046913086	0.07460365992098499	6	0	0.359111268685026	1	1
SERPINH1	0.011560954489100802	0.04687119249649846	3	1	0.3584733770078984	1	1
DNM2	5.1275451398656875e-23	1.3757029915892137e-5	8	1	0.35845229201353407	1	1
MAP4K4	4.6875316503015296e-8	4.4334418543921854e-4	10	1	0.35688920949287134	1	1
RUFY3	0.008300066030812101	0.1413599026385786	7	0	0.356580205455635	1	1
CLIP1	3.3201997122895223e-32	2.1710727324125562e-4	13	2	0.35638975769693404	1	1
RNF216	7.771633338451042e-6	0.02093110673887768	8	1	0.35620492496357337	1	1
ATXN2	0.020388939871075932	1	9	0	0.35573296238693025	1	0.75
DNM1L	0.0017648600656725915	0.008372458130692664	6	1	0.35498162245628595	1	1
STAC3	1.134569153975033e-14	9.36608114536253e-5	10	3	-0.3542146290805901	1	1
RASGEF1B	0.0189185888040827	0.7234918579431797	5	0	0.3540344652822429	1	1
GPD1L	0.03761590033235493	0.01005370688490072	4	1	-0.3540198695986417	1	1
TNNI2	0.03624206512842303	0.04215099445672563	3	1	-0.35392409480701853	1	1
ZC3H18	0.049052182155329645	0.2956670071056859	3	0	0.3535299921038585	1	1
EPB41L2	1.5608439558166927e-4	0.05075412233764714	10	0	0.35348993450266003	1	1
ADAR	0.01694397043107364	0.18034413197644278	5	0	0.3532912759391801	1	1
ABCB10	1.687378898406557e-4	1	5	0	0.35296630138531365	1	1
EIF4G3	0.0026387647455088305	0.005348130097418964	6	1	-0.3527177087692493	1	1
N4BP2	0.03026309065117186	0.5032936047515482	9	0	0.3513848332859496	1	1
NUP54	0.047631227781048134	0.7290024130645095	3	0	0.3481798738229389	1	1
KSR1	0.003264886650915767	1	9	0	0.3479200807961685	1	1
DCN	0.0030861999850663926	0	2	2	-0.34791384684238447	1	1
SLC2A9	0.005295887594950807	0.831519552905652	11	0	0.34663299823152327	1	1
SESN1	0.017273923833842002	0.0031129628174434605	3	2	-0.3459997805945437	1	1
ADGRE5	0.030297053858046707	1	9	0	0.34384143358963054	1	1
MYO18A	1.6739861414346032e-18	6.752598062813666e-5	7	4	0.3426819635074583	1	1
PACSIN2	0.014879524731055024	1	10	0	-0.3425127876551532	1	1
MTG2	0.034674507571187715	1	12	0	0.3424986203539665	1	1
SEPT11	0.020388939871075932	1	7	0	-0.3424363011799601	1	1
LOC113267793	7.643642214814913e-7	4.30162862177821e-5	4	2	0.34230662910467263	1	1
USP47	7.388440047506161e-23	7.425964909399696e-6	10	3	0.34205949777128	1	1
ICAM2	0.013581566505280977	1	8	0	-0.34185871324777756	1	1
UAP1	0.004879003626156326	0.7286678155141882	10	0	-0.34034746461088444	1	1
MKLN1	1.741949582107101e-17	6.443965422354955e-7	8	2	0.34015633170187637	1	1
CD99	1.3657744198473036e-15	1.2981624132427303e-6	4	2	0.34005639768736273	1	1
COL12A1	0.0014669823055273583	1	7	0	0.33907398354036833	1	1
ADIPOR1	0.003852933517196004	0.5463641191792888	4	0	0.3384529161629978	1	1
MAEA	0.03882296301611222	1	7	0	0.33790175707183073	1	1
PHLDB1	0.0037694182429049644	1	12	0	0.3364948330254003	1	1
VPS50	2.603613535944569e-6	0.20714771834616652	5	0	-0.3357109949918482	1	1
BNIP2	0.00170329102641906	0.2546318891249475	5	0	-0.33538331519507164	1	1
APLP2	0.0254528356595268	0.021933572235425927	8	1	0.3322107809961192	1	1
HSPB7	0.015986933859365657	1	5	0	0.3307398378678919	1	1
ENSA	2.6482100530808995e-6	8.572981912647856e-7	5	1	0.33037059825052495	1	1
PDHA1_LOC113242247	0.018771561242500644	0	2	2	0.33032684099785603	1	1
NUP88	0.0048959099211014654	1	6	0	0.33031084657685345	1	1
PCSK7	0.0015046664878088124	0.3638637888123887	8	0	0.32593818351815873	1	1
CKMT2	0.017716255773045326	0.9575762000342027	6	0	0.32549913696780375	1	1
RIF1	0.0039387256322756204	0.41003249824780674	7	0	0.32456097702159076	1	1
LOC113251518	4.401275473994277e-4	1	9	0	0.3245449377491477	1	1
EPB41	2.270170578957317e-7	0.007186775397303835	6	1	-0.32370667739980624	1	1
PCM1	1.6027538635056502e-4	0.12061144968456215	10	0	0.3218028972755136	1	1
RNF6	0.033549155713441296	0.009474154292346982	9	1	-0.3217677150368908	1	1
MACF1	8.184760137074444e-15	1.1561192182827969e-5	6	4	0.32174308684956043	1	1
LOC113255120	0.004461226298811921	1	9	0	-0.32112729462972833	1	1
RAI14	0.004425955951255764	0.0308779151733472	10	1	-0.3188882821139345	1	1
LOC113258537	0.043084612465138054	1	6	0	0.31877983126067566	1	1
BAZ1A	0.014917505655721816	0.37349310950700654	6	0	-0.3184089858244943	1	1
PABPC4	0.024207624649355063	0.060529673581606526	7	0	0.3178249478005205	1	1
SEPT8	0.011188964737452416	0.4841014687042975	7	0	0.3166923822427988	1	1
RBM23	6.094709855948513e-4	1	7	0	0.31618367889037946	1	1
IPO11	0.008775157109120269	0.3980497965177726	10	0	0.31606855840383297	1	1
RBM26	0.019677215436339237	1	8	0	0.3159086012282134	1	1
WDR41	0.03253419323479294	0.06595684757637911	9	0	0.313978824443547	1	1
AFG3L2	0.036235505753186764	0.010712923337628332	4	1	0.3129080827993353	1	1
CD36	1.4370059422836586e-7	0.1300506020948366	7	0	-0.3124044433093362	1	1
RPL38	4.936409932345634e-4	9.762343080943118e-5	3	2	0.31200292873866	1	1
ATP6V0A1	7.95535506795616e-8	0.1943419106154041	12	0	0.3105259289321473	1	1
COPS7B	0.015211362687948845	0.746556254835804	8	0	0.310416361849377	1	1
UBE3A	0.02108429882501072	0.014848544964388173	4	1	0.3100192968290621	1	1
GFM2	0.04131476529219425	1	12	0	-0.30942688470539614	1	1
PIAS1	0.0038468564521035205	1	4	0	0.3092694475093138	1	1
OCIAD1	0.03561509171316881	3.283666107210802e-4	9	1	0.30885058950324507	1	1
KANK1	0.007212951791438954	0.5785139096432765	10	0	-0.30841461247710544	1	1
CAPN7	0.011609755157441476	0.3871968640473656	9	0	0.3082381538657152	1	1
EPS15L1	0.023700710354784348	1	9	0	0.3080608411730617	1	1
HSPA14	0.021955880593557835	1	7	0	0.3077575793505608	1	1
ITGA7	0.0016175437149051615	1	14	0	0.30763588017397847	1	1
NT5C2	4.374115780463275e-4	1	19	0	-0.30635619274358983	1	1
ASCC2	0.0023325733524616477	1	10	0	0.30598423447392625	1	1
ZEB2	0.005077550787029142	0.06601739236727638	6	0	-0.3059672686839744	1	1
THAP6	0.023553041388445283	0.5120437826690251	4	0	-0.30498823251013396	1	1
KIAA0355	0.007261952317139931	0.02485034744465117	4	1	-0.3049507125224232	1	1
ARID1B	0.03546327031224416	0.4727535427205486	7	0	-0.30482427792142597	1	1
AMOTL1	2.6318991966075647e-6	1	8	0	-0.3028821843887648	1	1
UBAP2L	0.008337165014729246	1	12	0	0.30260880327932177	1	1
GTF2H1	0.007119260893589417	0.005361625563304573	8	1	0.30216068042434757	1	1
RCSD1	8.572413115593373e-6	0.027621165088686422	4	1	0.30197737865681523	1	1
CPT1B	2.790273742424034e-4	1	15	0	-0.3017933304675626	1	1
ANKRD17	7.23483432149639e-4	0.00918365688024987	7	1	0.3013718349249877	1	1
MEF2A	3.0265477635456562e-12	0.0105934833062203	13	1	0.30018232195141475	1	1
NIPBL	0.049454244703453935	0.3622060706449197	6	0	0.2994107449712733	1	1
B3GALNT1	0.022695811133079676	1	13	0	-0.29934115155229774	1	1
UCKL1	1.6894239997517002e-5	1	14	0	0.29818798355417986	1	1
ATP5PF	0.02065018819324711	0	2	2	-0.2972010719668867	1	1
RPS6KA3	2.6024008493531403e-5	1.0922336537063884e-4	8	1	0.29698749199003	1	1
LOC113249140	0.003312307841260788	1	5	0	0.29285082767958065	1	1
CELF1	0.010529784364037812	1	11	0	0.2919041368913975	1	1
CAMK2B	0.004093305136576286	1	7	0	-0.2918687601521667	1	1
API5	0.002936206174054317	0.0020020548856345007	4	1	-0.29115737999483815	1	1
AFDN	0.0028665555066046703	0.2568913761600694	9	0	-0.2894697667843384	1	1
PTK2	2.0479610336027732e-4	0.10875191460186336	10	0	-0.28916464661489183	1	1
UPF3A	0.029254909007496492	1	11	0	0.28856560866496356	1	1
DESI2	0.03984868587570922	0.7647040341795645	3	0	-0.2883798314340968	1	1
MIA3	3.177130069532005e-8	0.025911560868061373	11	1	0.2870786058752238	1	1
RARRES2	0.0031678851274689946	3.1444938099658466e-4	3	1	-0.2870083567770544	1	1
ABR	0.03900066808993677	0.9203465169583602	3	0	0.28561441709773894	1	1
RAB3GAP1	1.8116290822537613e-4	1	10	0	0.2849564918031618	1	1
ZNF638	1.3149489755407414e-6	0.07134528867719242	10	0	0.2847781498968133	1	1
KIDINS220	3.523986073332889e-5	0.08110538136082847	11	0	-0.2844607355623185	1	1
PABPC1	4.517707909490213e-6	0.03567146510186243	7	1	-0.2834785163241576	1	1
IDE	0.0024091035448077815	0.001746173358557518	4	1	-0.2827896417088126	1	1
WNK1	1.3870617598529894e-8	3.568524507053695e-5	9	1	-0.28205112363542434	1	1
STAT1	5.527303533937876e-7	1.1721896370623672e-5	7	2	-0.2811895489657582	1	1
CSNK1A1	1.7222122287140957e-11	5.977183795126392e-8	6	2	0.2810037037443429	1	1
RAB28	2.2758469618279937e-5	0.43649067376623035	6	0	-0.27971777422887933	1	1
CYLD	7.807940875643843e-4	0.2688871452903283	11	0	0.27923366104128305	1	1
DUS1L	0.042191985017120924	1	5	0	0.27889878012898217	1	1
HNRNPD	0.04788884890715453	0.2567011703722174	5	0	0.2785639827915288	1	1
PAFAH1B2	3.540004815270997e-4	0.002607237180916889	6	2	0.2766320180924983	1	1
ACBD5	0.01310087426704009	1	12	0	-0.276214760635758	1	1
VEZT	2.5056978406356924e-4	1	9	0	0.2761854474311662	1	1
FBXO9	3.10698210347706e-5	0.025447956591308683	7	1	-0.27575797150002074	1	1
PLEKHB2	0.02597833437691149	1	7	0	0.2751507403186675	1	1
CLASP2	2.7505807745963914e-8	0.07088086011542873	12	0	0.2746497400018054	1	1
LOC113244843	0.004002445562243957	0	2	2	-0.27347341409580794	1	1
NEXN	7.779620195715275e-15	0.2368623905688781	13	0	-0.2726487227764021	1	1
EIF4A2	6.960001639721289e-5	1.8041887963624067e-4	4	2	0.27196572680389774	1	1
PANK4	4.236035483522813e-5	0.7874682075105174	14	0	0.2712216307210421	1	1
HUWE1	0.02597833437691149	1	7	0	0.2689822970229684	1	1
METTL22	0.005794213574614282	0.041675567350237884	5	1	0.26791172805393104	1	1
CHD2	0.04296848587370512	1	8	0	0.2672703966473892	1	1
ZNF106	2.1140215119421316e-16	1.0429679344608314e-9	8	2	0.26538350868651034	1	1
ANKRD28	0.0012525984029131008	0.21539560708855154	8	0	0.26498442845340364	1	1
ST6GALNAC6	0.012145363408897826	0.19793969566990224	8	0	-0.2648811799181636	1	1
PDCD6IP	0.020658579320208	1	10	0	0.261754854609384	1	1
DNAJB6	6.094709855948513e-4	0.020474011719771007	9	1	-0.2617235334961012	1	1
DZIP3	0.018962778466357286	1	12	0	0.2609583277819462	1	1
VGLL3	0.045495417021101915	1	7	0	0.2606858454026761	1	1
PKIA	0.010260100625867128	1	7	0	-0.2596094778560385	1	1
UBQLN1	0.01170348208388261	0.07150395024418778	4	0	0.2596036699000235	1	1
CACNA1S	0.008604580160731264	0.09335263912531055	10	0	-0.2583832562309672	1	0.75
PPIP5K1	0.03678048339800989	1	14	0	0.2580278162927464	1	0.5
ZNF7	0.010745251125792155	1	11	0	0.25701354717846653	1	1
MAP4	7.181313303671775e-16	0.010236847196050338	15	2	0.25607686170391997	1	1
GNL2	0.034959047348919615	1	5	0	0.253508330351473	1	1
NFE2L1	8.173786394257581e-13	1.863339492591872e-12	6	2	0.25160929126710463	1	1
PEX5	0.024898328853178185	1	11	0	0.24939056919561997	1	1
SEC31B	0.0017956283851973916	0.9557503358700822	15	0	0.24854795952192654	1	0.75
LOC113261539	0.0037899586507913062	1	7	0	-0.2477583009550286	1	1
PCYT1A	0.032138388255535756	1	8	0	0.24645892152249704	1	1
RASA4B	0.026590880385749176	0.205124233894534	12	0	-0.24537462182231068	1	1
ATP2C1	0.023700710354784348	1	9	0	-0.24212307388345633	1	1
TBC1D14	0.001573557668283692	1	11	0	0.24182477494244112	1	1
DST	4.374406267391619e-8	0.21577050524756056	19	0	0.24173212592467644	1	1
TRAM1	0.010096425771256388	1	4	0	-0.2414931881494317	1	1
TUT4	0.011008021369795255	0.4115275461843089	9	0	-0.24137477698005722	1	1
LOC113240981	0.018195272525471623	0.002423197790006046	3	1	0.24043252971968354	1	1
FBXL4	0.03374662113218045	1	9	0	0.2403609399163354	1	1
SMARCA2	1.687378898406557e-4	1	10	0	-0.24005889574705766	1	1
LOC113249104	0.011188964737452416	1	11	0	0.2384605905989826	1	1
ARNT	0.017409796083512927	0.7343181203976666	8	0	0.2355515592321245	1	1
RBM39	0.00425899648759161	3.6107038392593836e-4	9	1	0.23445113478038235	1	1
MYOM1	0.004134077109022887	1	12	0	-0.23442528598121548	1	1
MPDZ	0.0016102674656474944	0.7111609738986161	12	0	-0.2340043689728456	1	1
PICALM	0.0023325733524616477	0.5130654696621697	8	0	0.2339609569354972	1	1
RIC1	0.01520655967677639	0.44869823744042464	4	0	-0.23297119314611545	1	1
NUMA1	0.020622292975164838	0.6505294497275843	10	0	-0.23276391955316292	1	1
LNPK	0.04849555517693555	1	9	0	0.2324719842687777	1	1
TRIP12	0.03212432921357169	1	12	0	-0.23206272872036388	1	1
USF1	0.018771561242500644	1	11	0	-0.2320318881238839	1	1
SUPT6H	0.004496933963873869	1	7	0	-0.23156838380662226	1	1
OXR1	0.006047876557311005	0.07728882079590908	8	0	0.23071856053812734	1	1
DARS	1.5086951428393504e-7	1	6	0	0.22909414963609656	1	1
IRAK4	0.01612417832112629	1	12	0	0.2290780597476811	1	0.75
CAST	1.675677121445882e-6	1	14	0	0.22898588849560064	1	1
TACC2	0.0027980659791489453	1	11	0	0.22861020546265748	1	1
RHOBTB1	0.029254273247669268	1	13	0	0.2281036287265341	1	1
HSDL2	0.001880873012741721	1	8	0	0.22712798641759205	1	1
IWS1	0.002012936641318908	0.8955256256005046	11	0	0.22680991353815672	1	1
TMEM38A	0.0341359596496687	1	5	0	0.22538806622876711	1	1
DYSF	0.04720033401331918	1	15	0	-0.22364765301638473	1	1
RAPGEF3	0.030073582525218506	1	12	0	-0.22357156630950129	1	0.75
KAT2B	4.3996672323985073e-4	0.002068813012139814	5	2	0.22331129485240703	1	1
UGP2	0.005527113247422781	0.09637276811455904	6	0	0.22187429875642078	1	1
EXOC2	0.04341713221460089	1	13	0	0.2206409399889177	1	1
IFI44	0.008132921374557133	1	6	0	0.2203947107612374	1	1
SLC25A12	8.685162714432649e-5	0.09425889777565923	12	0	-0.21975895375297583	1	1
RBM12B	0.04040822844101781	1	12	0	0.21895571391972998	1	1
RBFOX2	6.738017850387964e-12	0.034115613670187346	10	1	0.21879252265588045	1	1
FAF1	0.024654337655152698	1	6	0	0.21874369164407242	1	1
KCNE3	0.0476279319656854	1	4	0	-0.2184101086879388	1	1
ARHGEF7	3.2021295905725505e-8	1	15	0	0.21831159241509687	1	1
BABAM2	0.046212085787114894	0.0772039954725995	4	0	0.21827833457084178	1	1
LOC113245494	0.01531167539915787	1	8	0	-0.21531270708730377	1	1
BTRC	0.034177709623309016	1	5	0	-0.21421043166497722	1	1
SBF1	0.003312307841260788	0.055655793774933585	3	0	0.21414485644303582	1	1
MAP7D3	0.016864563693259765	1	10	0	-0.21158526226119595	1	1
NRP1	0.03507849761045367	0.10536474624157928	5	0	-0.2096312341207917	1	1
KLHDC2	0.027408881284629094	0.012445485800390526	3	1	0.20829225772413262	1	1
TAX1BP1	0.01531167539915787	0.28503635437464575	7	0	0.2076528486226279	1	1
VPS13A	0.001329733676987818	0.8552187061574864	5	0	0.20759313602944496	1	1
TMEM248	0.024924986926521037	0.09354118831783319	3	0	0.20658480459950201	1	1
NSD3	0.00113736808203701	0.04671717915963381	5	1	0.2064981257549735	1	1
ATXN1	0.01700115927406181	1	7	0	0.20622566528012246	1	1
CNOT2	0.03984868587570922	1	13	0	0.20470012343313937	1	1
MBD1	1.3043624000901524e-4	1	24	0	0.20310439239286168	1	1
NRDC	0.010705934553286344	1	9	0	0.20293508442835603	1	1
U2SURP	0.033119802502587704	0.04474093128679	5	1	0.20231600419485807	1	1
THOC2	0.034959047348919615	1	10	0	-0.20220141848268217	1	1
CASC4	0.0066348277368364055	1	5	0	-0.2016233773903524	1	1
TBC1D23	0.0017648600656725915	0.12892776366870165	8	0	0.2010755382793101	1	1
PUM2	0.049052182155329645	0.3826806493276153	4	0	0.19932295111399784	1	1
FLII	0.01999239812339156	0.13647196334010492	5	0	-0.1971340842751541	1	1
UBE2G1	0.01514122210664565	0.2769262378102907	4	0	0.1970331287474556	1	1
TMEM250	0.03463742807896064	0.4023782181202511	3	0	0.19572046996285683	1	1
DGKZ	0.020622292975164838	1	12	0	0.19512336326426305	1	1
SPTAN1	0.03864770217469866	1	9	0	-0.19449205824849639	1	1
ADK	0.01714722444495284	1	6	0	0.1937043372627687	1	1
NCOR1	0.0025480159875685368	1	9	0	0.193621477330092	1	1
MPRIP	1.639422393758255e-6	0.5672680062680361	5	0	0.19353504169058125	1	1
FAXDC2	0.04480244928178967	1	15	0	-0.19294260237139543	1	1
CDC42BPA	1.5734604036350755e-5	1	7	0	0.19260842503172	1	1
VRK2	0.020205170028500478	1	9	0	0.192261706766315	1	1
CTNNAL1	0.04131218753929985	1	5	0	0.19142278039839755	1	1
YBX1	0.003852933517196004	0	2	2	-0.19077256307478863	1	1
DENND4B	0.03353550794331176	1	4	0	0.19056965614855348	1	1
CDK12	0.03340702141975121	1	9	0	0.1894029194959979	1	1
RBM6	0.0264623644982015	1	11	0	0.18933344524225826	1	1
ND4	0.023538151694738742	0.0033551435548190914	3	1	0.18838008989947908	1	1
RNF19A	0.01310087426704009	0.18332830907498868	10	0	0.1883682249933727	1	1
HIPK3	0.001066929311298736	0.14643233323573351	6	0	-0.18834060913864298	1	1
PPP3CB	0.002128189386708935	1	7	0	-0.18751719807641895	1	1
LOC113253249	9.196986021209663e-12	0.0011461428636633326	5	1	0.18712501693582773	1	1
CUNH5orf22	0.0020643893256762267	1	13	0	-0.18687927221053857	1	1
UACA	0.00796496606772136	0.0030941367679744	6	1	-0.18683452848082335	1	1
ACAD9	0.043084612465138054	1	5	0	0.1867051226177895	1	1
STXBP3	0.013202816513206003	1	5	0	0.18528591458015675	1	1
MYLK	0.045495417021101915	0.2905211837001028	6	0	-0.1843721664005961	1	1
ARHGAP24	0.01798398677483177	0.3256315714998402	5	0	-0.18181712116498253	1	1
HPS1	0.01988433062445576	1	17	0	0.17792511176084244	1	0.75
SYNE1	0.003812225014702441	1	11	0	0.1776282445901587	1	1
TSC22D1	0.005991073709444446	0.3530128435197125	6	0	-0.17692334166216173	1	1
ATP11B	0.007403926356163018	0.0740702817303139	5	0	0.17618220323586642	1	1
DDX17	0.027136524898818463	0.0042249908126498	3	1	-0.1760160120095432	1	1
SLC25A3	0.011941301837113366	0	2	2	-0.1748988551955638	1	1
UBR3	0.003080691996663753	1	3	0	-0.17462973575563354	1	1
ZFYVE16	0.016827957110798524	1	5	0	0.1745863756813875	1	1
LRBA	0.02840432808875063	1	7	0	-0.17320669330928842	1	1
RBMX	0.016301755849049023	1	4	0	-0.17317579599853516	1	1
ACSL1	0.012621087141911583	1	13	0	0.17180021028957018	1	1
TM6SF1	0.00012731845442940937	1	11	0	0.17113948458292674	1	1
LOC113267890	0.013581566505280977	1	12	0	-0.1711137984036242	1	1
CAVIN1	0.002525768513508566	1.2043526021307881e-4	5	1	-0.17070083116439397	1	1
YTHDF3	0.006644317567480618	1	8	0	-0.17030302774056183	1	1
EIF4G1	0.022353925334501732	1	11	0	0.16997255214444987	1	1
UBE2D3	1.6938066462178364e-4	1	8	0	0.16785346026667045	1	1
HP1BP3	0.009271641039070353	1	8	0	0.16668737245576595	1	1
IFI44L	0.0264623644982015	1	12	0	0.16590312560368875	1	1
ARGLU1	0.006141704756743952	1	8	0	0.16447024791461173	1	1
ATP6V1B2	0.026252143720549084	1	3	0	0.16302443995954555	1	1
U2AF2	0.028210378364465428	1	6	0	0.16224713051183481	1	1
TMEM150A	0.009073074463057636	1	9	0	0.16010593554030436	1	1
CCDC93	0.049052182155329645	1	4	0	-0.15966168669688535	1	1
APPL1	0.0017648600656725915	1	6	0	0.15956243358537184	1	1
ASAH1	0.021937556617893476	0.0235733552598955	6	1	0.1586174877659724	1	1
GTDC1	0.03546327031224416	1	9	0	0.15658007648152583	1	1
KIAA0232	0.0023325733524616477	1	11	0	0.15641657811681364	1	1
ANP32E	0.012944943303354538	1	3	0	0.1563569138217582	1	1
SH3GLB1	0.004134077109022887	1	6	0	0.15625284221488	1	1
APP	0.022556272877274342	1	5	0	0.15317447282004007	1	1
HNRNPDL	3.5449612816448146e-4	1	6	0	0.15258703780247732	1	1
SPAG9	0.001504364753416091	1	5	0	-0.15250535332198464	1	1
RAD21	0.006547943495727221	1	10	0	0.14432374164606748	1	1
PJA2	0.04051444274258026	1	3	0	0.14362950803390373	1	1
HMOX2	0.044622547606143405	1	5	0	0.14208276419467344	1	1
EIF4G2	0.04017819917022154	1	4	0	-0.1416318035231171	1	1
LNPEP	0.003758017722979524	1	5	0	-0.14073408825399467	1	1
ACTA1	0.013079446860095344	1	3	0	0.14067147293247795	1	1
NAP1L1	2.1599798231405793e-5	1	7	0	0.13958911571581922	1	1
MBNL1	1.596822049004422e-4	1	11	0	-0.13957614142477745	1	1
TBC1D15	0.006631077073546604	1	7	0	-0.13727828914436777	1	1
LUC7L3	0.048319357301960394	1	10	0	-0.1353445136783803	1	1
THRAP3	0.014047954931499518	1	8	0	0.1294434713402027	1	1
AK1	0.0027894994318076465	1	3	0	0.12628520880187322	1	1
IPO5	0.007261952317139931	0.13674753905624276	8	0	0.12570653974937265	1	1
HEXA	0.04836830360900181	1	6	0	0.11913789202246694	1	1
AMD1	0.0026186503388332845	1	6	0	0.11709084963391259	1	1
HSBP1	0.020087612459235626	1	5	0	-0.11123828222410169	1	1
SDHA	0.028063540604205958	1	6	0	-0.08905926872977604	1	1
IDH2	3.4745341969113195e-4	1	5	0	0.08826894039911098	1	1
ABLIM1	0.0017648600656725915	1	6	0	0.08158149060085963	1	1
